Product_Category,Product_Price,Order_Quantity,Discount_Applied,Shipping_Method,Payment_Method,User_Age,User_Gender,User_Location,Order_Value,CO2_Emissions,Packaging_Waste,Return_Flag,Order_Year,Order_Month,Order_DayOfWeek
Clothing,1720.71,2,30.46,Next-Day,Wallet,57,Female,City27,2393.163468,2.0,0.4,0,2022,1,4
Toys,744.06,5,29.62,Next-Day,Wallet,55,Female,City5,2618.34714,2.0,1.0,1,2022,1,0
Clothing,983.68,5,47.8,Express,Wallet,37,Female,City11,2567.4048,1.5,1.0,0,2025,3,6
Books,1855.65,2,2.9,Express,COD,47,Female,City78,3603.6723,1.5,0.4,0,2024,11,2
Home Appliances,1770.97,5,44.42,Express,COD,35,Female,City23,4921.52563,1.5,1.0,1,2023,6,2
Home Appliances,591.59,5,42.65,Express,COD,30,Female,City20,1696.3843250000002,1.5,1.0,0,2024,8,6
Clothing,1486.38,1,42.68,Express,COD,55,Female,City46,851.993016,1.5,0.2,1,2022,12,4
Home Appliances,867.83,5,32.64,Standard,Wallet,25,Female,City23,2922.8514400000004,1.0,1.0,0,2023,11,0
Books,900.07,2,35.09,Express,Wallet,63,Female,City94,1168.470874,1.5,0.4,0,2023,2,5
Clothing,841.45,1,29.24,Next-Day,Credit Card,35,Male,City42,595.41002,2.0,0.2,1,2023,7,1
Toys,878.28,4,4.55,Next-Day,Wallet,45,Female,City31,3353.27304,2.0,0.8,0,2023,8,6
Clothing,1175.86,4,0.05,Express,Credit Card,50,Male,City5,4701.08828,1.5,0.8,1,2025,5,4
Clothing,496.15,5,15.37,Standard,COD,32,Female,City71,2099.458725,1.0,1.0,1,2024,2,1
Home Appliances,724.15,4,46.64,Next-Day,COD,28,Female,City83,1545.62576,2.0,0.8,0,2024,4,0
Home Appliances,402.42,4,46.79,Next-Day,Credit Card,30,Male,City46,856.5107280000001,2.0,0.8,0,2022,7,2
Clothing,1028.52,1,17.98,Standard,Debit Card,61,Male,City78,843.5921040000001,1.0,0.2,0,2023,12,0
Books,1007.44,2,22.33,Next-Day,COD,42,Male,City9,1564.9572960000005,2.0,0.4,1,2023,10,3
Clothing,1511.97,3,29.6,Next-Day,Debit Card,61,Female,City66,3193.2806399999995,2.0,0.6000000000000001,0,2024,4,3
Clothing,1407.13,1,26.76,Next-Day,Wallet,27,Male,City50,1030.582012,2.0,0.2,0,2024,9,3
Electronics,118.47,3,30.4,Standard,COD,59,Male,City36,247.36535999999995,1.0,0.6000000000000001,0,2024,5,6
Home Appliances,677.02,3,24.19,Next-Day,Credit Card,63,Male,City69,1539.746586,2.0,0.6000000000000001,0,2022,12,1
Toys,489.24,5,34.18,Express,Credit Card,51,Male,City19,1610.08884,1.5,1.0,1,2022,4,5
Clothing,586.27,4,49.48,Express,Credit Card,22,Male,City73,1184.7344160000002,1.5,0.8,1,2024,11,0
Clothing,1450.25,2,19.1,Next-Day,Wallet,48,Female,City93,2346.5045,2.0,0.4,0,2023,3,1
Electronics,1817.2,5,27.56,Next-Day,Debit Card,40,Male,City46,6581.898399999999,2.0,1.0,0,2024,10,6
Electronics,926.6,1,12.24,Standard,Credit Card,40,Female,City34,813.1841599999999,1.0,0.2,0,2024,12,2
Electronics,474.4,4,28.41,Standard,Debit Card,57,Male,City97,1358.49184,1.0,0.8,0,2022,12,4
Electronics,591.71,3,47.93,Next-Day,Credit Card,45,Male,City1,924.310191,2.0,0.6000000000000001,1,2024,10,0
Books,1954.61,2,4.97,Standard,Wallet,29,Male,City63,3714.931766,1.0,0.4,0,2023,10,5
Clothing,1986.39,5,49.57,Express,Debit Card,20,Female,City33,5008.682385,1.5,1.0,0,2024,5,2
Clothing,1958.01,1,13.84,Standard,Wallet,53,Female,City35,1687.021416,1.0,0.2,0,2022,6,6
Electronics,1129.86,5,47.92,Standard,Debit Card,61,Male,City60,2942.155439999999,1.0,1.0,0,2022,10,1
Electronics,965.69,3,22.26,Express,Wallet,57,Female,City68,2252.182218,1.5,0.6000000000000001,0,2024,11,2
Clothing,1222.91,4,34.81,Next-Day,Debit Card,55,Male,City89,3188.860116,2.0,0.8,0,2024,6,1
Books,558.64,1,24.01,Standard,Debit Card,51,Female,City51,424.510536,1.0,0.2,0,2023,2,2
Toys,1315.41,4,16.13,Next-Day,COD,50,Male,City77,4412.937468,2.0,0.8,0,2025,2,2
Books,1762.82,3,22.88,Next-Day,Credit Card,18,Male,City77,4078.460352,2.0,0.6000000000000001,0,2025,2,1
Home Appliances,1539.1,4,38.93,Express,Wallet,49,Female,City20,3759.71348,1.5,0.8,0,2025,3,1
Toys,1673.32,4,8.59,Standard,Credit Card,59,Female,City69,6118.327248,1.0,0.8,0,2022,4,5
Books,228.03,2,40.43,Express,Credit Card,63,Female,City78,271.674942,1.5,0.4,0,2022,5,0
Clothing,865.53,3,29.69,Next-Day,Credit Card,21,Female,City13,1825.662429,2.0,0.6000000000000001,1,2022,2,5
Toys,867.44,3,41.84,Express,Wallet,56,Male,City74,1513.509312,1.5,0.6000000000000001,0,2024,4,0
Electronics,1917.35,4,36.66,Express,Debit Card,56,Male,City67,4857.79796,1.5,0.8,1,2024,7,0
Clothing,823.66,3,21.65,Express,Debit Card,43,Female,City37,1936.01283,1.5,0.6000000000000001,0,2023,11,0
Clothing,637.2,4,5.14,Express,COD,41,Female,City79,2417.7916800000003,1.5,0.8,0,2024,3,1
Electronics,614.11,5,0.79,Next-Day,Debit Card,42,Male,City81,3046.292655,2.0,1.0,0,2025,8,0
Clothing,627.61,1,46.58,Standard,COD,53,Male,City63,335.269262,1.0,0.2,0,2022,12,4
Clothing,1176.05,1,2.52,Standard,Debit Card,51,Female,City45,1146.41354,1.0,0.2,1,2023,9,4
Clothing,1773.1,5,32.55,Express,Wallet,29,Male,City86,5979.779750000001,1.5,1.0,0,2024,12,2
Electronics,377.98,3,39.94,Standard,COD,22,Male,City80,681.0443640000001,1.0,0.6000000000000001,1,2024,12,0
Toys,1191.75,4,22.81,Express,Wallet,65,Female,City22,3679.6473,1.5,0.8,0,2022,2,4
Books,1367.73,1,49.26,Standard,Wallet,49,Female,City68,693.9862020000002,1.0,0.2,1,2024,9,1
Electronics,983.36,5,10.14,Standard,Credit Card,60,Male,City69,4418.23648,1.0,1.0,0,2023,4,4
Clothing,132.08,5,13.64,Standard,Credit Card,60,Female,City46,570.32144,1.0,1.0,0,2022,12,6
Electronics,635.55,3,6.34,Express,Debit Card,48,Female,City41,1785.76839,1.5,0.6000000000000001,0,2022,1,1
Toys,275.08,1,6.97,Express,Debit Card,21,Female,City95,255.906924,1.5,0.2,0,2024,12,1
Books,1497.49,4,17.06,Express,Debit Card,37,Male,City14,4968.072824,1.5,0.8,0,2023,9,4
Books,945.39,2,48.79,Standard,Credit Card,19,Male,City45,968.268438,1.0,0.4,0,2023,8,6
Electronics,494.88,3,49.44,Standard,Wallet,28,Female,City9,750.633984,1.0,0.6000000000000001,1,2025,8,3
Home Appliances,279.18,2,48.36,Express,COD,30,Female,City93,288.337104,1.5,0.4,0,2025,5,0
Clothing,1156.2,1,21.78,Next-Day,COD,41,Male,City12,904.37964,2.0,0.2,0,2025,3,4
Electronics,1570.79,5,46.56,Express,COD,26,Male,City25,4197.15088,1.5,1.0,0,2022,3,4
Home Appliances,126.54,1,37.63,Next-Day,Credit Card,24,Female,City70,78.92299799999999,2.0,0.2,0,2025,6,4
Electronics,1058.27,3,16.36,Standard,Wallet,30,Female,City47,2655.411084,1.0,0.6000000000000001,0,2022,6,4
Toys,1448.92,3,48.41,Standard,Debit Card,39,Female,City77,2242.493484,1.0,0.6000000000000001,1,2025,1,3
Clothing,630.87,2,28.85,Standard,Debit Card,28,Female,City95,897.72801,1.0,0.4,0,2024,3,6
Toys,1716.19,1,20.92,Next-Day,Wallet,24,Male,City96,1357.163052,2.0,0.2,0,2022,6,3
Electronics,480.72,1,4.58,Next-Day,Debit Card,64,Female,City63,458.703024,2.0,0.2,1,2024,3,5
Electronics,1600.22,4,22.26,Next-Day,Credit Card,40,Female,City99,4976.044112,2.0,0.8,1,2024,3,5
Electronics,649.78,2,22.75,Express,Debit Card,46,Male,City45,1003.9101,1.5,0.4,0,2022,9,2
Clothing,775.21,3,6.07,Standard,Debit Card,38,Male,City84,2184.4642590000003,1.0,0.6000000000000001,0,2024,7,6
Clothing,1822.0,2,9.2,Next-Day,Credit Card,59,Male,City4,3308.752,2.0,0.4,0,2023,6,0
Clothing,557.77,2,34.84,Next-Day,COD,27,Male,City62,726.885864,2.0,0.4,1,2024,8,0
Clothing,170.45,4,29.79,Standard,COD,31,Male,City36,478.69178,1.0,0.8,0,2023,7,5
Clothing,1966.37,3,40.0,Next-Day,Debit Card,51,Female,City59,3539.466,2.0,0.6000000000000001,0,2024,1,3
Toys,1709.0,3,44.94,Standard,Wallet,31,Male,City62,2822.9262,1.0,0.6000000000000001,1,2025,6,0
Toys,1371.61,5,36.03,Next-Day,Credit Card,42,Female,City11,4387.094584999999,2.0,1.0,0,2022,11,6
Toys,1878.54,3,11.75,Standard,COD,27,Female,City6,4973.43465,1.0,0.6000000000000001,0,2024,8,3
Clothing,313.01,4,46.58,Express,Credit Card,39,Female,City63,668.8397679999999,1.5,0.8,0,2022,3,1
Electronics,143.57,5,29.55,Express,Debit Card,64,Female,City4,505.725325,1.5,1.0,1,2022,5,1
Books,1904.3,5,34.48,Express,COD,63,Male,City80,6238.4868,1.5,1.0,0,2022,12,3
Toys,1655.42,2,25.34,Next-Day,Wallet,44,Male,City14,2471.873144,2.0,0.4,0,2023,12,2
Toys,1890.86,3,36.7,Express,Credit Card,45,Female,City19,3590.74314,1.5,0.6000000000000001,0,2024,1,3
Clothing,1665.49,2,42.06,Standard,Wallet,18,Female,City75,1929.969812,1.0,0.4,0,2024,1,1
Home Appliances,1750.42,5,20.87,Express,Debit Card,24,Male,City48,6925.536730000001,1.5,1.0,0,2023,8,5
Electronics,1438.49,4,30.91,Standard,Wallet,38,Female,City11,3975.4109640000006,1.0,0.8,1,2022,4,4
Clothing,1206.67,5,38.53,Next-Day,Credit Card,21,Female,City61,3708.700245000001,2.0,1.0,0,2024,8,5
Home Appliances,426.66,4,41.82,Express,Debit Card,46,Male,City33,992.923152,1.5,0.8,1,2025,5,3
Books,1038.75,5,47.62,Standard,Credit Card,46,Male,City77,2720.4862500000004,1.0,1.0,0,2023,2,6
Books,1648.31,2,9.04,Standard,Debit Card,47,Female,City39,2998.605552,1.0,0.4,0,2023,8,4
Clothing,1615.58,3,4.77,Next-Day,Wallet,18,Male,City10,4615.550502,2.0,0.6000000000000001,0,2025,5,5
Clothing,1866.57,2,1.31,Standard,Debit Card,36,Female,City39,3684.235866,1.0,0.4,0,2023,12,6
Electronics,1820.22,3,15.38,Standard,Wallet,65,Female,City59,4620.810492,1.0,0.6000000000000001,0,2024,8,3
Electronics,1122.53,5,3.93,Express,Debit Card,42,Male,City30,5392.072854999999,1.5,1.0,0,2022,6,1
Toys,952.26,5,41.84,Next-Day,Debit Card,52,Female,City65,2769.17208,2.0,1.0,0,2023,9,1
Home Appliances,1242.99,4,1.98,Next-Day,Credit Card,36,Female,City91,4873.515192,2.0,0.8,1,2023,9,3
Clothing,1409.6,2,25.8,Express,Wallet,34,Female,City16,2091.8464,1.5,0.4,0,2024,1,0
Toys,1461.39,2,47.75,Standard,Debit Card,65,Male,City44,1527.15255,1.0,0.4,1,2024,7,5
Home Appliances,413.56,2,19.87,Express,Credit Card,47,Male,City12,662.771256,1.5,0.4,0,2022,1,2
Clothing,1941.29,1,31.5,Standard,Debit Card,56,Female,City59,1329.78365,1.0,0.2,1,2023,9,2
Electronics,187.65,4,24.02,Express,Wallet,59,Female,City30,570.30588,1.5,0.8,0,2022,10,0
Home Appliances,1304.58,1,19.55,Standard,Wallet,65,Female,City79,1049.53461,1.0,0.2,0,2022,1,2
Electronics,1808.6,3,14.58,Next-Day,COD,57,Male,City13,4634.718359999999,2.0,0.6000000000000001,0,2024,7,2
Toys,1118.9,5,38.64,Standard,Credit Card,50,Female,City44,3432.7852,1.0,1.0,0,2025,6,4
Clothing,1522.67,2,8.37,Standard,Debit Card,30,Male,City83,2790.4450420000003,1.0,0.4,0,2024,1,0
Clothing,747.44,5,28.04,Express,Wallet,61,Female,City72,2689.2891200000004,1.5,1.0,0,2025,7,6
Books,859.32,2,27.85,Next-Day,Debit Card,24,Female,City86,1239.9987600000002,2.0,0.4,0,2023,4,2
Electronics,645.7,2,49.95,Next-Day,Wallet,59,Male,City59,646.3457,2.0,0.4,0,2025,1,2
Electronics,1279.89,3,47.92,Next-Day,Credit Card,65,Male,City4,1999.700136,2.0,0.6000000000000001,1,2023,8,0
Clothing,1074.14,4,37.59,Standard,Wallet,53,Male,City15,2681.4830960000004,1.0,0.8,1,2022,1,3
Home Appliances,1908.74,4,32.64,Express,Debit Card,56,Female,City22,5142.909056,1.5,0.8,1,2022,1,2
Clothing,736.43,5,27.77,Next-Day,Credit Card,29,Female,City14,2659.6169449999998,2.0,1.0,1,2025,4,6
Clothing,1257.67,3,19.47,Express,Wallet,65,Male,City70,3038.404953,1.5,0.6000000000000001,0,2022,6,3
Clothing,685.74,3,44.47,Express,Credit Card,60,Male,City82,1142.3742660000005,1.5,0.6000000000000001,1,2025,2,3
Toys,750.17,2,18.38,Next-Day,Debit Card,38,Female,City55,1224.577508,2.0,0.4,0,2023,5,5
Clothing,1654.14,3,15.78,Express,Debit Card,43,Female,City93,4179.3501240000005,1.5,0.6000000000000001,0,2022,3,1
Clothing,1146.16,2,27.91,Next-Day,Credit Card,19,Male,City14,1652.533488,2.0,0.4,1,2022,3,1
Electronics,1442.53,3,30.21,Express,Debit Card,35,Female,City77,3020.225061,1.5,0.6000000000000001,0,2023,1,0
Electronics,617.39,3,49.48,Standard,COD,42,Female,City25,935.7162840000002,1.0,0.6000000000000001,0,2025,1,2
Clothing,458.97,3,5.78,Next-Day,Wallet,57,Female,City86,1297.324602,2.0,0.6000000000000001,1,2023,4,2
Toys,532.51,5,10.6,Standard,Credit Card,50,Male,City17,2380.3197,1.0,1.0,1,2022,4,0
Clothing,1331.15,2,48.6,Express,COD,22,Male,City81,1368.4222000000002,1.5,0.4,1,2022,6,1
Clothing,946.7,5,14.76,Express,COD,62,Female,City66,4034.8354,1.5,1.0,1,2024,5,4
Clothing,417.32,3,28.66,Standard,Debit Card,31,Female,City30,893.148264,1.0,0.6000000000000001,1,2023,10,0
Clothing,188.14,5,2.45,Next-Day,Debit Card,37,Male,City8,917.65285,2.0,1.0,0,2022,12,5
Books,473.42,2,33.85,Standard,Credit Card,36,Female,City70,626.33466,1.0,0.4,1,2023,1,0
Books,1585.84,2,34.48,Express,COD,56,Female,City7,2078.084736,1.5,0.4,1,2023,4,2
Electronics,1906.78,3,16.73,Next-Day,Debit Card,63,Male,City90,4763.327118,2.0,0.6000000000000001,0,2024,11,5
Books,588.43,2,33.0,Standard,Wallet,37,Female,City91,788.4961999999998,1.0,0.4,0,2023,12,6
Electronics,1520.1,5,13.51,Next-Day,Debit Card,60,Female,City28,6573.67245,2.0,1.0,0,2022,4,1
Electronics,914.71,4,35.98,Standard,Credit Card,33,Female,City23,2342.389368000001,1.0,0.8,1,2023,3,2
Toys,563.93,4,25.26,Express,Wallet,31,Female,City89,1685.925128,1.5,0.8,0,2022,3,4
Clothing,1812.29,2,27.18,Standard,Credit Card,30,Male,City72,2639.419156,1.0,0.4,0,2022,9,0
Home Appliances,881.01,3,5.55,Express,Credit Card,55,Female,City38,2496.341835,1.5,0.6000000000000001,1,2023,12,6
Books,885.7,5,42.79,Express,Wallet,38,Female,City92,2533.54485,1.5,1.0,0,2023,2,6
Electronics,1794.57,5,9.42,Next-Day,Debit Card,47,Male,City53,8127.60753,2.0,1.0,0,2022,10,1
Clothing,142.1,3,27.52,Next-Day,Wallet,41,Male,City71,308.98224,2.0,0.6000000000000001,0,2024,5,0
Books,1111.15,2,38.45,Next-Day,Debit Card,59,Male,City7,1367.82565,2.0,0.4,1,2025,7,3
Electronics,1524.97,3,3.22,Express,Wallet,33,Female,City88,4427.597898,1.5,0.6000000000000001,1,2023,10,6
Clothing,625.21,1,49.46,Standard,Wallet,60,Female,City42,315.98113400000005,1.0,0.2,1,2025,1,3
Clothing,1968.23,5,33.76,Next-Day,Debit Card,55,Male,City93,6518.777760000001,2.0,1.0,1,2024,6,1
Clothing,1284.18,5,6.73,Next-Day,Wallet,19,Male,City91,5988.77343,2.0,1.0,0,2025,4,6
Electronics,1423.44,4,40.33,Express,Credit Card,18,Male,City8,3397.466592,1.5,0.8,0,2025,7,2
Books,919.47,5,24.18,Next-Day,Credit Card,38,Female,City70,3485.71077,2.0,1.0,0,2025,6,6
Clothing,1318.34,2,10.04,Next-Day,Credit Card,32,Male,City60,2371.957328,2.0,0.4,0,2024,9,6
Toys,139.43,3,0.06,Standard,Wallet,54,Female,City81,418.039026,1.0,0.6000000000000001,0,2022,12,6
Clothing,682.88,3,28.23,Express,Wallet,43,Female,City95,1470.308928,1.5,0.6000000000000001,0,2023,8,3
Electronics,302.72,4,30.99,Express,Wallet,37,Female,City58,835.628288,1.5,0.8,0,2022,6,4
Home Appliances,1124.66,3,28.54,Next-Day,Wallet,55,Male,City68,2411.0461080000005,2.0,0.6000000000000001,0,2024,3,5
Home Appliances,200.05,3,15.99,Express,Credit Card,32,Female,City91,504.18601500000005,1.5,0.6000000000000001,0,2024,6,2
Clothing,434.43,1,27.42,Next-Day,Credit Card,64,Female,City65,315.309294,2.0,0.2,0,2022,3,1
Clothing,1153.72,4,6.96,Standard,Debit Card,58,Male,City16,4293.684352,1.0,0.8,0,2025,7,3
Toys,1274.11,5,36.93,Express,Credit Card,26,Male,City46,4017.905885,1.5,1.0,1,2025,3,4
Books,1301.74,2,22.62,Next-Day,Debit Card,65,Female,City15,2014.572824,2.0,0.4,1,2023,7,5
Toys,1550.01,1,31.32,Next-Day,Debit Card,40,Female,City66,1064.546868,2.0,0.2,0,2023,10,0
Toys,1624.75,5,41.63,Standard,Credit Card,34,Male,City96,4741.832875,1.0,1.0,0,2022,2,5
Clothing,1083.18,4,43.86,Next-Day,Debit Card,45,Female,City52,2432.389008,2.0,0.8,0,2023,8,0
Electronics,1881.56,5,13.19,Express,Debit Card,52,Female,City100,8166.911179999999,1.5,1.0,0,2024,8,2
Home Appliances,1302.71,5,28.2,Standard,Wallet,43,Female,City97,4676.7289,1.0,1.0,0,2022,4,0
Clothing,1846.41,1,13.53,Standard,Debit Card,59,Female,City23,1596.590727,1.0,0.2,0,2023,5,2
Electronics,1675.33,4,28.08,Express,COD,65,Female,City57,4819.589344,1.5,0.8,1,2024,9,5
Electronics,590.11,4,28.4,Standard,COD,34,Female,City14,1690.07504,1.0,0.8,1,2024,10,5
Books,1403.87,4,26.59,Express,Credit Card,61,Female,City30,4122.323868,1.5,0.8,0,2025,3,0
Books,1267.46,4,25.27,Express,Debit Card,44,Female,City54,3788.691432000001,1.5,0.8,0,2025,5,6
Toys,1561.79,1,39.58,Standard,Credit Card,51,Female,City39,943.633518,1.0,0.2,0,2024,4,0
Electronics,952.25,4,17.15,Express,COD,60,Male,City85,3155.7565,1.5,0.8,0,2025,6,3
Toys,544.11,4,49.23,Standard,Credit Card,27,Male,City47,1104.9785880000002,1.0,0.8,0,2024,1,6
Books,1413.13,3,11.83,Standard,Debit Card,30,Female,City68,3737.870163000001,1.0,0.6000000000000001,0,2023,12,5
Books,138.47,1,31.4,Express,Credit Card,45,Female,City92,94.99042,1.5,0.2,1,2024,6,3
Clothing,492.6,4,28.18,Next-Day,Credit Card,18,Female,City60,1415.14128,2.0,0.8,0,2022,10,4
Home Appliances,991.53,2,43.95,Standard,COD,57,Female,City81,1111.50513,1.0,0.4,0,2025,1,6
Toys,1709.89,3,3.0,Next-Day,Wallet,20,Female,City59,4975.7799,2.0,0.6000000000000001,0,2022,4,2
Home Appliances,1698.96,2,44.77,Next-Day,COD,63,Female,City2,1876.671216,2.0,0.4,0,2022,5,6
Home Appliances,1746.7,2,32.85,Standard,Credit Card,61,Male,City13,2345.8181,1.0,0.4,1,2025,4,1
Clothing,1914.34,2,49.67,Standard,Debit Card,47,Male,City52,1926.974644,1.0,0.4,0,2024,10,2
Electronics,1847.5,3,39.98,Standard,Debit Card,20,Female,City71,3326.6085000000003,1.0,0.6000000000000001,0,2024,9,1
Clothing,1365.09,2,21.53,Next-Day,Credit Card,52,Male,City55,2142.372246,2.0,0.4,0,2023,8,1
Books,509.77,2,43.88,Standard,Debit Card,33,Male,City79,572.1658479999999,1.0,0.4,0,2025,3,0
Clothing,1133.31,3,21.07,Express,Wallet,35,Male,City28,2683.564749,1.5,0.6000000000000001,1,2025,5,2
Books,162.81,4,30.2,Standard,Wallet,18,Male,City84,454.56552,1.0,0.8,0,2022,6,3
Electronics,687.59,5,1.22,Next-Day,Credit Card,55,Male,City97,3396.0070100000003,2.0,1.0,0,2024,3,0
Home Appliances,575.25,3,26.75,Next-Day,Debit Card,39,Female,City83,1264.1118749999998,2.0,0.6000000000000001,0,2024,12,6
Toys,914.19,3,31.08,Standard,Debit Card,45,Female,City78,1890.179244,1.0,0.6000000000000001,0,2022,9,1
Clothing,605.78,3,24.02,Express,Credit Card,44,Female,City14,1380.814932,1.5,0.6000000000000001,1,2023,12,6
Clothing,796.86,5,48.8,Express,COD,58,Male,City3,2039.9616,1.5,1.0,0,2025,3,3
Clothing,761.6,2,6.44,Standard,Debit Card,51,Female,City82,1425.10592,1.0,0.4,0,2023,5,6
Clothing,671.23,5,27.79,Standard,COD,54,Female,City94,2423.475915,1.0,1.0,0,2024,12,4
Clothing,324.76,4,18.99,Next-Day,COD,28,Female,City88,1052.352304,2.0,0.8,1,2023,8,5
Electronics,1783.33,4,48.94,Standard,COD,19,Female,City14,3642.273192,1.0,0.8,0,2023,1,5
Toys,1406.22,4,43.25,Next-Day,COD,52,Female,City9,3192.1194,2.0,0.8,0,2025,8,3
Electronics,902.86,4,47.78,Next-Day,COD,40,Female,City8,1885.893968,2.0,0.8,0,2023,3,3
Electronics,515.81,5,34.85,Next-Day,Debit Card,33,Male,City52,1680.2510749999997,2.0,1.0,0,2022,12,0
Books,166.57,3,24.18,Next-Day,Credit Card,64,Female,City33,378.880122,2.0,0.6000000000000001,1,2022,3,5
Home Appliances,772.49,4,38.48,Express,COD,37,Female,City49,1900.943392,1.5,0.8,0,2022,4,2
Toys,1941.38,5,23.72,Express,Wallet,33,Male,City85,7404.423320000002,1.5,1.0,0,2022,11,6
Clothing,285.79,2,29.11,Next-Day,Debit Card,53,Female,City29,405.19306200000005,2.0,0.4,1,2023,8,3
Clothing,1177.17,1,14.17,Next-Day,Debit Card,54,Male,City46,1010.365011,2.0,0.2,1,2025,6,3
Clothing,248.23,1,14.55,Standard,Credit Card,22,Female,City59,212.112535,1.0,0.2,0,2022,8,2
Electronics,981.26,2,4.69,Express,Credit Card,41,Female,City81,1870.477812,1.5,0.4,1,2022,9,2
Clothing,1701.75,2,44.8,Standard,Credit Card,22,Female,City15,1878.732,1.0,0.4,0,2022,12,1
Clothing,758.33,2,36.86,Standard,COD,31,Male,City49,957.619124,1.0,0.4,1,2022,12,1
Clothing,1261.59,2,32.94,Standard,Debit Card,40,Male,City20,1692.0445080000002,1.0,0.4,0,2023,8,5
Clothing,527.98,1,36.39,Next-Day,COD,62,Male,City15,335.848078,2.0,0.2,1,2022,10,5
Clothing,1096.21,1,33.32,Express,Wallet,53,Female,City60,730.9528280000001,1.5,0.2,0,2025,5,0
Home Appliances,225.04,2,32.95,Express,Wallet,31,Female,City18,301.77864,1.5,0.4,0,2025,5,4
Books,217.89,5,25.51,Next-Day,Debit Card,61,Male,City78,811.5313049999999,2.0,1.0,0,2022,8,0
Electronics,458.8,3,0.71,Standard,Wallet,38,Male,City26,1366.62756,1.0,0.6000000000000001,1,2022,4,6
Electronics,1953.81,5,6.74,Standard,Debit Card,34,Female,City6,9110.61603,1.0,1.0,0,2022,1,1
Books,441.27,4,42.96,Express,Wallet,61,Male,City37,1006.801632,1.5,0.8,0,2023,7,3
Clothing,1862.17,5,43.1,Express,Debit Card,29,Female,City6,5297.87365,1.5,1.0,1,2025,7,5
Toys,817.32,4,1.35,Standard,Debit Card,56,Male,City73,3225.14472,1.0,0.8,0,2024,5,3
Clothing,700.98,4,31.0,Standard,Wallet,50,Male,City99,1934.7048,1.0,0.8,0,2024,2,6
Electronics,1139.96,4,27.26,Standard,Debit Card,52,Female,City94,3316.8276160000005,1.0,0.8,0,2023,2,0
Home Appliances,404.55,3,12.33,Next-Day,Credit Card,46,Female,City3,1064.006955,2.0,0.6000000000000001,1,2024,12,5
Home Appliances,1124.84,5,28.22,Next-Day,Wallet,20,Male,City50,4037.05076,2.0,1.0,0,2023,1,1
Clothing,1501.11,2,43.43,Next-Day,Credit Card,63,Male,City59,1698.355854,2.0,0.4,0,2023,1,2
Electronics,184.94,3,46.49,Standard,Credit Card,23,Female,City37,296.8841819999999,1.0,0.6000000000000001,0,2025,5,5
Electronics,399.12,2,11.8,Standard,Wallet,50,Female,City87,704.04768,1.0,0.4,0,2023,5,1
Toys,257.1,2,26.28,Next-Day,COD,43,Male,City81,379.06824,2.0,0.4,0,2023,5,1
Toys,376.81,3,25.51,Next-Day,Wallet,39,Male,City33,842.057307,2.0,0.6000000000000001,0,2022,8,5
Clothing,607.92,1,33.23,Standard,Wallet,27,Male,City21,405.908184,1.0,0.2,1,2024,11,2
Books,823.6,3,22.13,Standard,Debit Card,61,Male,City40,1924.01196,1.0,0.6000000000000001,0,2025,5,1
Clothing,1980.99,2,49.67,Next-Day,Wallet,44,Female,City15,1994.064534,2.0,0.4,0,2023,2,2
Toys,365.59,2,21.84,Express,Debit Card,64,Female,City97,571.490288,1.5,0.4,1,2023,5,4
Books,1121.61,4,11.12,Express,Debit Card,27,Male,City14,3987.547872,1.5,0.8,1,2023,4,2
Books,351.11,4,25.96,Next-Day,COD,59,Male,City87,1039.847376,2.0,0.8,0,2023,8,2
Clothing,900.74,4,4.23,Standard,Credit Card,41,Female,City29,3450.554792,1.0,0.8,0,2022,1,6
Home Appliances,1551.42,5,42.25,Standard,Credit Card,62,Female,City24,4479.72525,1.0,1.0,0,2024,10,0
Home Appliances,1921.54,4,4.71,Next-Day,Debit Card,40,Male,City36,7324.141863999999,2.0,0.8,1,2023,10,6
Electronics,324.69,4,31.4,Next-Day,Credit Card,37,Female,City74,890.94936,2.0,0.8,0,2023,10,0
Home Appliances,1451.41,2,47.53,Express,Wallet,58,Male,City90,1523.109654,1.5,0.4,1,2023,11,1
Clothing,1182.67,1,38.0,Standard,Credit Card,49,Female,City17,733.2554,1.0,0.2,0,2023,7,5
Clothing,1999.28,5,47.69,Standard,Wallet,29,Female,City55,5229.11684,1.0,1.0,0,2023,10,0
Clothing,1797.01,2,36.65,Express,Wallet,22,Male,City15,2276.81167,1.5,0.4,0,2023,4,6
Toys,1862.62,4,16.65,Standard,Credit Card,27,Female,City54,6209.97508,1.0,0.8,0,2023,9,4
Electronics,1309.7,3,7.68,Next-Day,Wallet,65,Female,City3,3627.34512,2.0,0.6000000000000001,0,2024,2,5
Clothing,403.51,1,26.69,Express,Debit Card,49,Male,City69,295.813181,1.5,0.2,1,2022,1,2
Home Appliances,1953.23,4,0.93,Standard,Debit Card,30,Male,City89,7740.259844,1.0,0.8,0,2024,1,2
Toys,245.63,3,19.37,Express,Debit Card,36,Female,City91,594.154407,1.5,0.6000000000000001,1,2023,12,6
Toys,1592.35,3,37.33,Next-Day,Credit Card,56,Female,City28,2993.777235,2.0,0.6000000000000001,0,2024,8,1
Electronics,1634.38,3,48.46,Standard,COD,42,Female,City39,2527.078356,1.0,0.6000000000000001,1,2023,3,3
Books,1218.53,4,25.33,Express,Debit Card,36,Male,City80,3639.505404,1.5,0.8,0,2023,3,2
Books,1089.62,4,31.14,Express,Credit Card,39,Male,City79,3001.249328,1.5,0.8,0,2024,11,6
Toys,329.59,2,29.97,Express,COD,33,Female,City76,461.623754,1.5,0.4,0,2023,1,3
Books,101.84,1,21.38,Next-Day,Wallet,49,Male,City26,80.066608,2.0,0.2,0,2025,5,1
Clothing,1896.19,5,10.92,Standard,Credit Card,46,Female,City28,8445.630260000002,1.0,1.0,1,2025,4,4
Electronics,1626.47,4,25.04,Express,Debit Card,41,Male,City63,4876.807648,1.5,0.8,0,2022,8,4
Books,165.96,2,27.95,Standard,COD,62,Female,City31,239.14836000000005,1.0,0.4,0,2024,1,1
Electronics,246.67,1,36.28,Next-Day,Credit Card,31,Male,City37,157.178124,2.0,0.2,0,2022,12,5
Books,1192.96,3,6.32,Standard,Wallet,35,Male,City25,3352.694784,1.0,0.6000000000000001,0,2025,3,2
Electronics,1650.69,1,23.94,Standard,Wallet,63,Male,City85,1255.514814,1.0,0.2,1,2024,7,1
Electronics,1822.39,4,43.06,Standard,Credit Card,36,Female,City16,4150.675464,1.0,0.8,1,2023,6,1
Clothing,370.12,5,29.32,Standard,Credit Card,65,Male,City70,1308.00408,1.0,1.0,0,2024,12,1
Toys,167.98,2,2.44,Next-Day,Credit Card,42,Female,City55,327.762576,2.0,0.4,0,2024,3,2
Toys,650.14,5,1.82,Standard,Wallet,48,Female,City10,3191.53726,1.0,1.0,0,2023,11,6
Toys,1885.85,3,49.12,Express,COD,30,Female,City82,2878.56144,1.5,0.6000000000000001,0,2023,8,6
Electronics,1374.02,4,39.71,Next-Day,COD,46,Female,City24,3313.586632,2.0,0.8,0,2024,10,4
Electronics,1326.97,4,35.56,Standard,Credit Card,54,Female,City21,3420.397872,1.0,0.8,0,2022,5,4
Books,844.68,4,46.81,Next-Day,Wallet,22,Female,City56,1797.141168,2.0,0.8,0,2023,9,4
Electronics,1332.25,1,48.91,Next-Day,Debit Card,20,Female,City3,680.646525,2.0,0.2,0,2022,9,4
Home Appliances,635.13,3,9.43,Express,Credit Card,30,Female,City92,1725.711723,1.5,0.6000000000000001,0,2023,2,6
Books,110.84,4,13.87,Express,COD,24,Male,City12,381.865968,1.5,0.8,0,2022,2,2
Electronics,677.98,1,35.37,Standard,Debit Card,54,Female,City57,438.1784740000001,1.0,0.2,0,2025,1,4
Books,1913.62,2,47.18,Next-Day,Debit Card,65,Male,City27,2021.548168,2.0,0.4,0,2022,4,4
Clothing,1376.84,1,33.73,Next-Day,Credit Card,31,Female,City2,912.431868,2.0,0.2,0,2022,5,0
Clothing,1848.18,4,32.08,Express,Credit Card,64,Female,City36,5021.135424,1.5,0.8,1,2022,7,5
Home Appliances,782.32,4,48.87,Express,COD,29,Male,City43,1600.0008640000003,1.5,0.8,0,2022,1,0
Clothing,1523.15,4,1.63,Standard,Debit Card,48,Male,City26,5993.290620000001,1.0,0.8,0,2023,11,1
Toys,514.72,5,45.28,Express,Wallet,57,Female,City95,1408.27392,1.5,1.0,0,2024,6,5
Clothing,1649.82,1,41.51,Express,COD,36,Female,City21,964.979718,1.5,0.2,0,2025,4,1
Electronics,1414.39,2,4.1,Express,COD,23,Female,City5,2712.80002,1.5,0.4,0,2022,5,0
Clothing,1590.68,2,10.18,Next-Day,Wallet,27,Male,City24,2857.4975520000003,2.0,0.4,0,2023,12,6
Clothing,423.97,3,30.94,Standard,Wallet,42,Female,City60,878.3810460000001,1.0,0.6000000000000001,0,2022,6,5
Electronics,318.56,3,24.88,Standard,Wallet,37,Male,City15,717.906816,1.0,0.6000000000000001,0,2025,7,4
Books,562.88,2,20.07,Next-Day,Credit Card,25,Female,City38,899.819968,2.0,0.4,0,2023,8,5
Clothing,388.64,1,9.33,Next-Day,COD,42,Male,City86,352.379888,2.0,0.2,0,2025,8,2
Clothing,657.31,4,47.61,Express,Credit Card,63,Female,City2,1377.458836,1.5,0.8,0,2024,5,6
Electronics,1615.83,4,47.01,Express,Debit Card,29,Male,City58,3424.913268,1.5,0.8,0,2024,5,3
Books,1569.0,3,33.03,Standard,COD,28,Male,City18,3152.2779,1.0,0.6000000000000001,0,2025,8,0
Home Appliances,1161.9,3,36.4,Next-Day,Debit Card,52,Male,City59,2216.9052,2.0,0.6000000000000001,0,2025,3,3
Electronics,889.16,1,26.85,Standard,COD,32,Female,City70,650.42054,1.0,0.2,0,2025,4,2
Toys,1868.69,5,46.4,Standard,Debit Card,25,Female,City34,5008.0892,1.0,1.0,0,2025,3,6
Clothing,119.79,1,7.16,Standard,Credit Card,36,Male,City63,111.213036,1.0,0.2,0,2023,8,0
Books,1402.05,3,26.39,Next-Day,Wallet,40,Female,City10,3096.147015,2.0,0.6000000000000001,1,2023,10,0
Electronics,1409.97,5,35.54,Standard,COD,29,Female,City89,4544.333310000001,1.0,1.0,1,2022,8,6
Electronics,856.94,3,4.9,Standard,Wallet,46,Female,City70,2444.84982,1.0,0.6000000000000001,1,2024,10,5
Electronics,627.57,5,29.52,Standard,Debit Card,37,Male,City21,2211.55668,1.0,1.0,0,2025,2,1
Home Appliances,1917.91,3,16.39,Standard,Credit Card,41,Female,City83,4810.693653,1.0,0.6000000000000001,1,2024,12,3
Books,964.64,1,3.24,Express,Debit Card,42,Male,City98,933.385664,1.5,0.2,0,2022,6,6
Books,1109.62,5,8.28,Next-Day,COD,26,Female,City82,5088.71732,2.0,1.0,0,2025,6,2
Electronics,1125.2,3,3.1,Express,Debit Card,25,Female,City96,3270.9564000000005,1.5,0.6000000000000001,0,2022,2,1
Books,1634.46,2,32.71,Standard,Debit Card,18,Female,City30,2199.656268,1.0,0.4,0,2025,7,1
Clothing,856.18,4,6.18,Express,Debit Card,19,Male,City48,3213.072304,1.5,0.8,1,2024,2,3
Toys,1120.92,1,37.39,Standard,COD,49,Female,City25,701.8080120000001,1.0,0.2,0,2025,4,3
Toys,1357.37,4,2.68,Next-Day,COD,53,Female,City81,5283.969936,2.0,0.8,0,2023,1,2
Books,1086.2,5,12.94,Express,Wallet,61,Female,City48,4728.2286,1.5,1.0,0,2022,6,2
Clothing,320.34,2,17.91,Standard,Wallet,49,Male,City100,525.9342119999999,1.0,0.4,0,2023,9,5
Clothing,1992.81,2,46.8,Express,COD,36,Female,City28,2120.34984,1.5,0.4,1,2025,7,6
Electronics,642.82,5,22.78,Standard,Wallet,45,Male,City96,2481.9280200000003,1.0,1.0,1,2022,5,6
Clothing,1457.54,1,48.35,Standard,Credit Card,43,Male,City91,752.81941,1.0,0.2,1,2024,7,6
Clothing,537.39,2,1.93,Standard,Credit Card,23,Female,City31,1054.036746,1.0,0.4,1,2022,12,5
Toys,1046.27,4,40.59,Standard,Credit Card,29,Male,City47,2486.356028,1.0,0.8,1,2024,8,3
Clothing,405.38,4,36.28,Standard,Debit Card,47,Male,City24,1033.232544,1.0,0.8,1,2024,6,5
Home Appliances,1918.14,4,30.64,Express,Debit Card,59,Female,City47,5321.687616,1.5,0.8,0,2024,5,3
Home Appliances,161.11,3,9.96,Standard,COD,37,Female,City75,435.190332,1.0,0.6000000000000001,0,2023,6,0
Clothing,1827.08,3,11.58,Express,Wallet,61,Female,City41,4846.512408,1.5,0.6000000000000001,1,2022,11,1
Clothing,935.25,2,10.59,Express,Credit Card,36,Female,City31,1672.41405,1.5,0.4,1,2022,6,1
Toys,1136.41,3,3.44,Standard,COD,58,Female,City73,3291.9524880000004,1.0,0.6000000000000001,0,2025,3,3
Toys,1403.13,2,29.41,Standard,Credit Card,45,Female,City66,1980.938934,1.0,0.4,0,2023,6,6
Electronics,1315.19,4,27.49,Standard,Credit Card,49,Male,City63,3814.577076000001,1.0,0.8,1,2025,8,6
Home Appliances,501.61,5,17.09,Standard,Credit Card,59,Female,City47,2079.424255,1.0,1.0,0,2022,5,2
Electronics,483.51,3,18.86,Next-Day,Wallet,56,Female,City60,1176.960042,2.0,0.6000000000000001,0,2025,1,6
Clothing,629.14,1,33.07,Standard,Debit Card,55,Male,City40,421.083402,1.0,0.2,0,2022,3,1
Clothing,1302.72,1,34.65,Express,Wallet,46,Male,City27,851.3275199999999,1.5,0.2,0,2023,3,5
Toys,1597.83,1,3.24,Standard,Credit Card,54,Female,City54,1546.0603079999998,1.0,0.2,0,2022,5,5
Toys,315.57,4,35.01,Express,Debit Card,29,Male,City26,820.355772,1.5,0.8,0,2023,10,4
Toys,730.94,5,21.17,Express,Debit Card,25,Female,City76,2881.00001,1.5,1.0,1,2025,7,1
Toys,1555.96,3,36.2,Standard,Debit Card,35,Female,City51,2978.10744,1.0,0.6000000000000001,0,2024,3,4
Toys,1971.81,1,36.77,Standard,Wallet,31,Male,City95,1246.775463,1.0,0.2,0,2024,1,5
Home Appliances,1645.08,5,20.27,Express,Wallet,57,Female,City88,6558.11142,1.5,1.0,0,2023,10,6
Electronics,969.4,5,12.9,Next-Day,Credit Card,23,Male,City14,4221.737,2.0,1.0,0,2024,1,0
Toys,1551.1,2,44.45,Standard,COD,65,Male,City73,1723.2721,1.0,0.4,0,2022,1,1
Books,320.05,5,17.15,Standard,Debit Card,37,Male,City70,1325.807125,1.0,1.0,0,2023,1,4
Clothing,684.33,3,38.64,Express,COD,30,Male,City38,1259.714664,1.5,0.6000000000000001,0,2022,2,5
Clothing,1813.84,1,41.06,Express,Debit Card,38,Female,City92,1069.0772959999997,1.5,0.2,0,2024,4,2
Books,537.62,5,30.11,Next-Day,COD,30,Female,City55,1878.71309,2.0,1.0,1,2025,1,4
Books,1687.71,3,46.39,Express,Debit Card,61,Female,City27,2714.343993,1.5,0.6000000000000001,0,2023,12,2
Home Appliances,1361.99,5,24.72,Standard,Credit Card,52,Male,City78,5126.53036,1.0,1.0,1,2022,4,0
Clothing,146.21,4,9.29,Next-Day,COD,58,Male,City97,530.508364,2.0,0.8,1,2024,4,0
Books,1853.15,3,28.29,Standard,Debit Card,60,Male,City25,3986.681595000001,1.0,0.6000000000000001,0,2024,8,6
Electronics,786.61,1,3.86,Next-Day,Credit Card,33,Female,City4,756.246854,2.0,0.2,1,2022,12,1
Clothing,465.95,3,32.16,Express,Credit Card,56,Male,City42,948.30144,1.5,0.6000000000000001,0,2024,2,1
Clothing,1614.01,3,42.34,Next-Day,Debit Card,59,Male,City80,2791.914498,2.0,0.6000000000000001,1,2024,10,5
Toys,1327.59,4,49.17,Next-Day,Debit Card,40,Male,City86,2699.255988,2.0,0.8,0,2024,9,5
Clothing,1743.93,1,7.02,Next-Day,Debit Card,23,Male,City49,1621.506114,2.0,0.2,0,2024,11,4
Clothing,845.45,3,14.79,Standard,Wallet,39,Female,City73,2161.223835,1.0,0.6000000000000001,0,2022,10,1
Electronics,1808.03,5,26.12,Express,Wallet,46,Male,City40,6678.86282,1.5,1.0,1,2023,2,5
Electronics,1136.34,5,31.57,Standard,COD,30,Male,City89,3887.98731,1.0,1.0,0,2023,7,0
Electronics,1711.91,5,19.69,Express,Credit Card,29,Female,City33,6874.174605,1.5,1.0,0,2023,5,1
Clothing,462.67,1,23.41,Next-Day,Credit Card,48,Male,City94,354.35895300000004,2.0,0.2,0,2022,1,0
Books,813.28,5,5.53,Standard,Wallet,43,Male,City72,3841.52808,1.0,1.0,0,2022,2,3
Toys,405.32,3,28.74,Express,COD,64,Female,City15,866.493096,1.5,0.6000000000000001,0,2023,10,4
Toys,1930.8,1,1.93,Next-Day,Wallet,57,Male,City73,1893.53556,2.0,0.2,0,2022,6,3
Clothing,719.96,4,0.35,Next-Day,Credit Card,29,Female,City55,2869.76056,2.0,0.8,1,2024,10,0
Clothing,659.11,4,10.19,Standard,COD,40,Male,City67,2367.786764,1.0,0.8,0,2023,3,4
Clothing,526.53,5,26.25,Standard,Debit Card,41,Female,City38,1941.579375,1.0,1.0,0,2022,11,4
Books,1084.23,2,30.16,Express,Wallet,37,Female,City15,1514.452464,1.5,0.4,1,2023,4,5
Clothing,1326.42,5,11.26,Express,Wallet,48,Female,City80,5885.32554,1.5,1.0,0,2025,1,3
Electronics,348.6,1,18.57,Next-Day,COD,35,Male,City83,283.86498,2.0,0.2,0,2023,1,2
Clothing,1939.8,2,14.92,Express,Debit Card,25,Female,City17,3300.76368,1.5,0.4,0,2025,3,5
Clothing,1777.92,2,27.83,Next-Day,COD,49,Female,City5,2566.249728,2.0,0.4,0,2024,5,2
Electronics,1228.61,5,44.5,Standard,COD,31,Male,City42,3409.392749999999,1.0,1.0,0,2024,7,5
Books,905.49,4,39.81,Standard,Wallet,47,Male,City37,2180.057724,1.0,0.8,0,2022,1,5
Toys,1716.37,5,22.15,Next-Day,Wallet,58,Female,City84,6680.970224999998,2.0,1.0,0,2023,3,5
Home Appliances,1299.49,3,41.59,Express,Credit Card,32,Male,City31,2277.096327,1.5,0.6000000000000001,0,2022,9,2
Clothing,811.97,2,40.48,Express,Credit Card,30,Female,City54,966.569088,1.5,0.4,1,2024,3,0
Electronics,873.11,1,19.86,Express,Credit Card,27,Female,City28,699.710354,1.5,0.2,0,2022,11,2
Clothing,638.79,5,40.49,Express,Debit Card,29,Female,City41,1900.719645,1.5,1.0,0,2022,1,6
Books,1408.54,4,22.93,Standard,COD,57,Female,City27,4342.247111999999,1.0,0.8,0,2022,4,2
Clothing,180.7,2,1.24,Standard,COD,44,Male,City88,356.91864,1.0,0.4,1,2022,12,3
Electronics,1663.46,2,4.93,Express,Credit Card,46,Male,City26,3162.902844,1.5,0.4,0,2023,12,4
Clothing,510.79,1,10.4,Next-Day,Debit Card,42,Female,City29,457.66784,2.0,0.2,0,2023,8,6
Toys,133.5,5,34.58,Express,Credit Card,20,Female,City96,436.6785,1.5,1.0,0,2022,8,1
Electronics,832.67,4,46.99,Standard,Wallet,29,Female,City77,1765.593468,1.0,0.8,0,2023,9,4
Toys,1769.45,2,19.16,Express,Debit Card,34,Male,City73,2860.84676,1.5,0.4,0,2023,1,0
Clothing,874.81,4,30.99,Standard,Debit Card,52,Female,City17,2414.8255239999994,1.0,0.8,1,2023,12,4
Clothing,1732.04,1,33.12,Next-Day,Wallet,29,Male,City83,1158.3883520000002,2.0,0.2,0,2024,1,6
Books,1981.34,2,32.05,Next-Day,Debit Card,42,Female,City11,2692.64106,2.0,0.4,1,2022,1,4
Books,1591.09,3,0.98,Standard,Debit Card,31,Female,City22,4726.491953999999,1.0,0.6000000000000001,0,2024,7,1
Electronics,486.59,3,39.67,Express,Debit Card,57,Male,City68,880.6792409999999,1.5,0.6000000000000001,0,2022,5,3
Electronics,1821.57,3,21.17,Standard,Wallet,22,Male,City78,4307.830893,1.0,0.6000000000000001,0,2022,7,6
Electronics,1841.07,1,32.6,Express,Credit Card,38,Female,City25,1240.88118,1.5,0.2,1,2024,8,2
Clothing,1720.06,2,25.84,Next-Day,Wallet,45,Female,City100,2551.192992,2.0,0.4,1,2023,3,1
Clothing,1851.89,4,1.71,Express,Wallet,54,Female,City8,7280.890724000001,1.5,0.8,0,2025,3,5
Electronics,623.95,4,12.34,Standard,Debit Card,44,Male,City95,2187.8182800000004,1.0,0.8,0,2024,6,6
Toys,1235.1,4,31.44,Next-Day,COD,22,Female,City57,3387.13824,2.0,0.8,1,2025,2,5
Books,430.74,3,8.87,Express,Wallet,31,Male,City47,1177.600086,1.5,0.6000000000000001,1,2025,8,1
Clothing,1677.32,1,42.56,Next-Day,Wallet,20,Male,City84,963.452608,2.0,0.2,0,2024,4,1
Clothing,554.42,2,4.47,Next-Day,Debit Card,39,Female,City50,1059.274852,2.0,0.4,1,2022,2,1
Clothing,267.01,1,10.06,Next-Day,COD,50,Male,City4,240.148794,2.0,0.2,1,2022,1,5
Clothing,457.91,4,14.05,Express,COD,29,Male,City13,1574.29458,1.5,0.8,0,2024,10,2
Clothing,848.14,1,18.39,Express,Wallet,51,Male,City65,692.167054,1.5,0.2,1,2024,5,3
Toys,1294.91,5,11.11,Next-Day,Debit Card,40,Male,City8,5755.227495,2.0,1.0,0,2023,10,6
Toys,1290.79,1,15.36,Express,Wallet,63,Female,City84,1092.524656,1.5,0.2,0,2022,6,3
Clothing,1384.07,4,3.14,Standard,COD,20,Male,City73,5362.440808,1.0,0.8,0,2023,5,4
Clothing,350.89,2,26.33,Next-Day,Credit Card,34,Male,City59,517.001326,2.0,0.4,1,2023,10,6
Home Appliances,555.33,3,45.75,Next-Day,Debit Card,25,Male,City86,903.799575,2.0,0.6000000000000001,1,2024,1,3
Clothing,953.27,4,43.61,Standard,Credit Card,62,Male,City3,2150.1958120000004,1.0,0.8,0,2025,1,3
Clothing,1644.73,2,16.5,Express,COD,53,Female,City45,2746.6991,1.5,0.4,1,2022,2,4
Clothing,734.64,2,14.07,Standard,Credit Card,64,Female,City97,1262.5523039999998,1.0,0.4,0,2022,10,2
Clothing,1839.87,1,43.14,Standard,Debit Card,54,Female,City21,1046.150082,1.0,0.2,1,2022,2,5
Home Appliances,1155.21,3,17.52,Express,Debit Card,64,Male,City49,2858.451624,1.5,0.6000000000000001,0,2023,12,6
Clothing,1047.95,5,33.95,Express,COD,19,Male,City6,3460.854875,1.5,1.0,1,2024,8,5
Home Appliances,392.69,2,6.0,Standard,COD,40,Male,City1,738.2571999999999,1.0,0.4,0,2023,12,2
Electronics,608.62,1,41.54,Next-Day,COD,48,Female,City70,355.799252,2.0,0.2,0,2024,5,1
Clothing,1281.81,4,15.74,Express,Credit Card,40,Male,City91,4320.212424,1.5,0.8,0,2022,2,4
Clothing,813.04,1,45.85,Express,COD,56,Female,City13,440.26116,1.5,0.2,1,2024,1,5
Clothing,727.22,1,42.85,Standard,Debit Card,42,Male,City53,415.60623,1.0,0.2,1,2023,3,4
Clothing,424.25,2,22.25,Standard,Credit Card,47,Female,City4,659.70875,1.0,0.4,1,2022,1,2
Clothing,177.83,1,6.8,Standard,Wallet,21,Female,City71,165.73756,1.0,0.2,0,2023,11,2
Home Appliances,105.96,4,45.32,Express,Credit Card,54,Female,City97,231.755712,1.5,0.8,0,2024,8,3
Home Appliances,139.78,1,22.62,Standard,COD,25,Female,City98,108.161764,1.0,0.2,0,2022,1,2
Clothing,1205.51,1,6.45,Standard,Credit Card,34,Male,City37,1127.754605,1.0,0.2,1,2025,5,5
Clothing,1170.98,2,34.53,Express,Wallet,61,Female,City50,1533.281212,1.5,0.4,0,2022,3,2
Books,194.8,2,22.95,Standard,Wallet,59,Male,City68,300.1868,1.0,0.4,0,2025,8,0
Clothing,1145.78,4,46.84,Next-Day,Credit Card,60,Female,City100,2436.386592,2.0,0.8,0,2023,3,4
Electronics,1869.54,2,40.83,Next-Day,Debit Card,34,Female,City53,2212.413636,2.0,0.4,0,2022,9,4
Electronics,770.5,2,38.34,Next-Day,Debit Card,35,Male,City59,950.1806,2.0,0.4,1,2022,9,3
Electronics,861.6,3,28.49,Standard,COD,43,Male,City66,1848.3904800000005,1.0,0.6000000000000001,0,2024,2,0
Electronics,1289.55,2,39.15,Next-Day,Credit Card,50,Male,City20,1569.38235,2.0,0.4,0,2023,7,0
Books,1287.2,5,17.96,Express,Debit Card,55,Female,City50,5280.0944,1.5,1.0,0,2022,3,5
Electronics,772.77,3,19.95,Express,Wallet,25,Female,City19,1855.807155,1.5,0.6000000000000001,0,2022,11,6
Toys,1110.74,5,42.89,Standard,COD,25,Female,City5,3171.7180699999994,1.0,1.0,1,2024,3,6
Clothing,1552.19,2,37.79,Standard,Debit Card,26,Female,City29,1931.234798,1.0,0.4,1,2023,2,4
Electronics,883.75,1,13.5,Standard,COD,61,Male,City89,764.44375,1.0,0.2,1,2022,5,2
Electronics,113.3,3,20.42,Next-Day,Credit Card,34,Male,City16,270.49242,2.0,0.6000000000000001,0,2024,1,2
Clothing,1525.35,1,48.62,Express,COD,43,Male,City64,783.72483,1.5,0.2,0,2025,1,2
Clothing,1007.99,2,10.81,Standard,Debit Card,27,Female,City46,1798.052562,1.0,0.4,1,2025,1,3
Books,672.06,3,20.99,Next-Day,Wallet,32,Female,City22,1592.983818,2.0,0.6000000000000001,0,2022,7,1
Home Appliances,1738.89,5,14.62,Standard,Credit Card,58,Female,City15,7423.32141,1.0,1.0,0,2023,1,2
Toys,967.98,3,3.85,Next-Day,Debit Card,40,Female,City8,2792.1383100000003,2.0,0.6000000000000001,0,2023,8,5
Clothing,167.45,2,6.34,Standard,Credit Card,59,Male,City29,313.66734,1.0,0.4,1,2024,1,2
Clothing,211.51,5,42.56,Express,COD,31,Female,City22,607.45672,1.5,1.0,1,2024,5,5
Books,1319.02,2,42.37,Standard,Debit Card,43,Female,City21,1520.302452,1.0,0.4,0,2024,9,0
Toys,608.57,2,18.8,Express,Debit Card,32,Male,City52,988.31768,1.5,0.4,0,2024,12,0
Clothing,854.73,4,19.16,Express,Wallet,47,Female,City13,2763.854928,1.5,0.8,0,2024,10,5
Home Appliances,1202.54,5,43.7,Standard,COD,20,Female,City100,3385.1500999999994,1.0,1.0,1,2022,1,5
Clothing,831.58,1,21.88,Standard,Credit Card,36,Male,City48,649.630296,1.0,0.2,0,2022,1,2
Electronics,1654.6,2,22.12,Standard,Debit Card,18,Male,City45,2577.20496,1.0,0.4,0,2024,4,5
Toys,1405.29,1,34.01,Next-Day,COD,19,Male,City44,927.350871,2.0,0.2,0,2025,7,1
Books,1948.63,5,46.5,Express,COD,39,Male,City19,5212.58525,1.5,1.0,0,2022,10,3
Electronics,1615.85,4,37.49,Standard,COD,57,Female,City11,4040.27134,1.0,0.8,0,2022,11,4
Home Appliances,192.11,3,47.67,Standard,Credit Card,53,Male,City9,301.59348900000003,1.0,0.6000000000000001,0,2022,4,5
Clothing,1919.17,1,31.15,Standard,Credit Card,25,Male,City31,1321.348545,1.0,0.2,0,2024,3,5
Home Appliances,639.37,3,22.2,Next-Day,Wallet,52,Female,City79,1492.28958,2.0,0.6000000000000001,0,2025,5,5
Clothing,1004.64,1,8.93,Next-Day,Credit Card,61,Male,City52,914.925648,2.0,0.2,1,2023,10,3
Electronics,850.76,1,48.21,Standard,Debit Card,61,Male,City84,440.608604,1.0,0.2,0,2025,5,0
Books,143.24,3,12.73,Next-Day,COD,44,Female,City43,375.016644,2.0,0.6000000000000001,0,2025,6,3
Books,269.32,4,10.06,Standard,Wallet,45,Female,City76,968.905632,1.0,0.8,0,2023,7,5
Electronics,421.33,3,36.11,Next-Day,Credit Card,42,Female,City89,807.563211,2.0,0.6000000000000001,0,2025,2,3
Electronics,334.47,1,22.57,Express,Credit Card,49,Female,City93,258.980121,1.5,0.2,0,2023,3,4
Toys,1666.06,4,14.37,Express,Wallet,61,Female,City15,5706.588712000001,1.5,0.8,0,2024,5,3
Toys,1576.3,4,40.16,Express,Wallet,43,Male,City95,3773.03168,1.5,0.8,0,2025,6,5
Electronics,1193.75,3,19.74,Next-Day,Wallet,26,Male,City68,2874.31125,2.0,0.6000000000000001,0,2024,11,5
Clothing,427.02,3,26.64,Express,COD,32,Female,City70,939.785616,1.5,0.6000000000000001,0,2022,9,4
Clothing,1822.27,5,23.36,Next-Day,Credit Card,19,Male,City82,6982.93864,2.0,1.0,0,2025,6,5
Home Appliances,1057.54,1,12.35,Next-Day,Debit Card,64,Female,City72,926.93381,2.0,0.2,0,2022,8,3
Clothing,1771.08,3,10.91,Next-Day,COD,63,Male,City36,4733.565516,2.0,0.6000000000000001,0,2024,3,6
Electronics,420.01,1,17.56,Express,COD,53,Female,City40,346.256244,1.5,0.2,0,2025,3,6
Clothing,1068.49,4,35.62,Next-Day,Credit Card,33,Male,City31,2751.575448,2.0,0.8,1,2025,7,6
Electronics,1144.44,1,48.98,Next-Day,COD,41,Female,City95,583.893288,2.0,0.2,1,2024,5,2
Clothing,1230.35,2,46.17,Express,Wallet,50,Female,City32,1324.5948099999998,1.5,0.4,0,2022,10,0
Clothing,1666.43,3,44.97,Express,COD,25,Female,City77,2751.109287,1.5,0.6000000000000001,0,2023,7,4
Electronics,1887.24,3,27.46,Express,Wallet,40,Female,City35,4107.0116880000005,1.5,0.6000000000000001,0,2025,3,5
Clothing,1593.93,4,16.87,Next-Day,Debit Card,48,Male,City19,5300.136036,2.0,0.8,1,2025,8,4
Toys,381.16,1,29.71,Express,Debit Card,27,Female,City46,267.917364,1.5,0.2,0,2025,6,4
Books,833.54,2,35.72,Standard,Wallet,61,Female,City75,1071.599024,1.0,0.4,0,2024,3,1
Electronics,1677.53,4,1.73,Next-Day,Debit Card,60,Female,City60,6594.034924,2.0,0.8,0,2022,6,0
Home Appliances,334.79,5,25.92,Next-Day,Credit Card,28,Female,City6,1240.06216,2.0,1.0,0,2023,3,2
Toys,1847.26,3,46.2,Next-Day,Debit Card,40,Female,City81,2981.47764,2.0,0.6000000000000001,0,2024,3,3
Toys,681.68,5,10.68,Next-Day,Wallet,59,Female,City12,3044.38288,2.0,1.0,1,2024,5,5
Toys,1273.54,5,42.63,Express,Wallet,59,Male,City16,3653.14949,1.5,1.0,0,2023,8,1
Books,1822.08,5,1.64,Next-Day,Debit Card,42,Female,City53,8960.98944,2.0,1.0,0,2022,2,0
Clothing,178.2,5,21.69,Standard,COD,54,Female,City74,697.7421,1.0,1.0,0,2023,5,0
Books,1617.74,1,18.23,Next-Day,Debit Card,51,Female,City60,1322.825998,2.0,0.2,1,2024,7,6
Toys,1296.55,3,42.68,Next-Day,COD,32,Female,City7,2229.5473799999995,2.0,0.6000000000000001,0,2023,9,2
Books,1879.05,4,16.28,Standard,Debit Card,59,Female,City12,6292.562639999999,1.0,0.8,0,2025,3,3
Books,702.83,4,14.51,Next-Day,Credit Card,47,Female,City12,2403.397468,2.0,0.8,0,2023,8,3
Books,450.49,2,15.24,Express,Credit Card,33,Female,City29,763.670648,1.5,0.4,0,2022,11,5
Books,1343.57,3,14.9,Next-Day,COD,20,Male,City21,3430.13421,2.0,0.6000000000000001,0,2024,3,4
Electronics,784.21,2,25.64,Express,Wallet,41,Male,City20,1166.2771120000002,1.5,0.4,0,2024,2,1
Clothing,1076.7,1,13.29,Standard,Wallet,47,Male,City94,933.60657,1.0,0.2,1,2023,4,2
Books,1192.69,5,27.19,Standard,COD,62,Female,City59,4341.987945000001,1.0,1.0,0,2023,9,3
Books,1269.06,5,0.06,Next-Day,Credit Card,64,Female,City96,6341.492819999999,2.0,1.0,0,2024,5,4
Books,1026.34,1,34.32,Express,Debit Card,59,Female,City13,674.100112,1.5,0.2,0,2025,3,1
Electronics,1722.41,5,16.82,Standard,COD,19,Female,City16,7163.50319,1.0,1.0,0,2023,9,3
Toys,886.19,4,29.36,Express,COD,53,Female,City56,2504.018464,1.5,0.8,0,2024,8,0
Toys,1443.69,3,48.47,Express,Credit Card,25,Female,City38,2231.8003710000003,1.5,0.6000000000000001,1,2024,1,4
Electronics,1385.59,1,22.12,Standard,Debit Card,60,Female,City88,1079.097492,1.0,0.2,0,2023,7,3
Clothing,1439.08,2,25.89,Express,COD,56,Female,City50,2133.004376,1.5,0.4,0,2022,12,0
Clothing,1124.4,5,21.03,Standard,Credit Card,41,Male,City76,4439.6934,1.0,1.0,0,2023,8,4
Books,1317.26,1,21.14,Express,Debit Card,47,Male,City18,1038.791236,1.5,0.2,0,2024,8,1
Electronics,1241.91,2,26.53,Express,Wallet,28,Female,City39,1824.862554,1.5,0.4,0,2023,9,3
Home Appliances,728.49,1,37.82,Express,Debit Card,55,Female,City64,452.975082,1.5,0.2,0,2023,7,0
Clothing,1732.07,4,40.81,Next-Day,COD,57,Female,City69,4100.848932,2.0,0.8,0,2025,6,5
Electronics,1302.95,4,3.95,Express,Wallet,56,Female,City87,5005.9339,1.5,0.8,0,2022,3,1
Toys,1866.97,5,35.53,Next-Day,Wallet,49,Female,City19,6018.1777950000005,2.0,1.0,0,2025,2,2
Books,1391.52,5,8.28,Express,Wallet,55,Male,City91,6381.51072,1.5,1.0,0,2022,5,2
Clothing,348.03,1,26.92,Next-Day,Debit Card,49,Female,City78,254.340324,2.0,0.2,0,2023,9,6
Clothing,1438.77,2,1.92,Standard,Credit Card,25,Female,City42,2822.291232,1.0,0.4,0,2024,5,4
Clothing,1578.85,1,41.1,Express,Debit Card,37,Female,City18,929.9426499999998,1.5,0.2,0,2024,4,6
Books,824.49,2,22.58,Express,Debit Card,46,Female,City57,1276.640316,1.5,0.4,0,2023,11,1
Clothing,1161.84,1,20.53,Next-Day,COD,23,Male,City74,923.314248,2.0,0.2,0,2024,10,5
Electronics,545.59,2,12.72,Express,Debit Card,42,Male,City95,952.381904,1.5,0.4,0,2023,6,2
Clothing,649.41,5,26.18,Next-Day,Debit Card,28,Male,City31,2396.97231,2.0,1.0,1,2025,2,2
Toys,435.77,1,48.57,Next-Day,COD,45,Female,City78,224.116511,2.0,0.2,0,2025,6,5
Clothing,560.58,3,36.63,Standard,Credit Card,60,Female,City88,1065.718638,1.0,0.6000000000000001,1,2022,5,0
Toys,1967.64,2,49.12,Standard,Credit Card,31,Female,City6,2002.270464,1.0,0.4,0,2023,1,1
Electronics,846.41,2,5.92,Express,Debit Card,30,Female,City49,1592.605056,1.5,0.4,0,2022,6,1
Books,1011.82,4,40.79,Next-Day,Wallet,55,Female,City51,2396.3944880000004,2.0,0.8,0,2024,7,1
Electronics,1703.51,1,43.74,Express,COD,65,Female,City53,958.394726,1.5,0.2,0,2023,3,3
Books,1648.35,1,15.49,Standard,Debit Card,38,Female,City43,1393.0205849999998,1.0,0.2,1,2023,3,2
Electronics,817.78,4,28.93,Next-Day,Wallet,39,Female,City19,2324.784984,2.0,0.8,0,2022,2,6
Books,725.05,4,0.26,Next-Day,COD,56,Female,City96,2892.65948,2.0,0.8,0,2025,1,1
Home Appliances,868.79,3,1.02,Standard,Debit Card,37,Female,City46,2579.785026,1.0,0.6000000000000001,0,2022,2,4
Clothing,126.95,3,0.69,Standard,COD,27,Male,City41,378.222135,1.0,0.6000000000000001,0,2025,4,5
Toys,857.82,2,49.02,Standard,Credit Card,42,Male,City90,874.6332720000001,1.0,0.4,1,2024,8,0
Home Appliances,1715.7,4,11.76,Express,COD,25,Female,City59,6055.73472,1.5,0.8,1,2025,5,5
Books,1684.71,2,27.23,Express,Credit Card,53,Male,City34,2451.926934,1.5,0.4,1,2025,1,2
Electronics,1991.72,1,26.75,Express,Debit Card,46,Male,City31,1458.9349,1.5,0.2,0,2025,8,1
Clothing,157.24,2,9.71,Standard,Debit Card,42,Male,City14,283.94399200000004,1.0,0.4,1,2025,2,4
Clothing,1126.44,5,36.53,Next-Day,Credit Card,26,Male,City40,3574.757340000001,2.0,1.0,1,2023,6,3
Electronics,1836.41,1,37.71,Next-Day,Credit Card,33,Female,City37,1143.899789,2.0,0.2,0,2025,1,4
Clothing,136.88,1,1.28,Next-Day,COD,45,Male,City24,135.12793599999998,2.0,0.2,1,2023,1,1
Clothing,1804.62,2,43.49,Express,Wallet,42,Female,City78,2039.581524,1.5,0.4,1,2025,2,0
Electronics,166.5,2,15.93,Next-Day,Debit Card,26,Female,City57,279.9531,2.0,0.4,0,2024,11,6
Clothing,1519.79,1,15.81,Next-Day,Debit Card,34,Female,City26,1279.511201,2.0,0.2,0,2024,12,2
Electronics,865.31,1,7.28,Next-Day,COD,40,Female,City12,802.315432,2.0,0.2,0,2022,3,3
Electronics,1266.14,4,2.88,Standard,Credit Card,38,Female,City48,4918.700672,1.0,0.8,0,2022,5,6
Books,1080.49,1,36.83,Standard,Wallet,19,Male,City26,682.5455330000001,1.0,0.2,0,2024,3,2
Books,756.04,3,28.78,Express,Credit Card,57,Female,City56,1615.355064,1.5,0.6000000000000001,0,2024,10,2
Clothing,1155.59,2,6.74,Standard,Debit Card,20,Female,City67,2155.406468,1.0,0.4,0,2024,10,5
Toys,977.37,4,45.46,Next-Day,Wallet,41,Female,City66,2132.230392,2.0,0.8,1,2023,2,6
Clothing,1368.46,1,7.29,Next-Day,COD,27,Male,City35,1268.699266,2.0,0.2,0,2024,6,0
Clothing,864.39,2,46.77,Next-Day,Credit Card,53,Male,City30,920.229594,2.0,0.4,0,2025,3,1
Clothing,475.01,4,14.78,Standard,Wallet,39,Male,City84,1619.2140880000002,1.0,0.8,1,2023,7,5
Clothing,1816.88,5,10.74,Standard,Wallet,31,Male,City40,8108.735440000002,1.0,1.0,0,2022,10,2
Clothing,1287.54,5,41.24,Next-Day,COD,64,Male,City29,3782.792519999999,2.0,1.0,0,2023,3,2
Books,1488.17,4,24.49,Express,Wallet,47,Female,City83,4494.868668,1.5,0.8,0,2022,2,4
Home Appliances,1818.72,4,20.29,Express,COD,35,Female,City38,5798.806848,1.5,0.8,0,2025,6,4
Books,1691.79,4,16.59,Standard,COD,21,Female,City39,5644.488156,1.0,0.8,0,2025,1,1
Clothing,1645.86,4,13.84,Standard,COD,53,Male,City93,5672.291904,1.0,0.8,1,2023,10,4
Home Appliances,1829.27,4,37.86,Next-Day,Credit Card,43,Male,City4,4546.833511999999,2.0,0.8,0,2023,11,1
Clothing,254.61,4,16.7,Next-Day,Wallet,34,Female,City92,848.36052,2.0,0.8,1,2022,2,4
Books,245.04,3,21.21,Express,Credit Card,55,Female,City66,579.201048,1.5,0.6000000000000001,0,2023,9,0
Clothing,1965.58,2,44.3,Next-Day,Wallet,45,Male,City69,2189.65612,2.0,0.4,1,2022,3,1
Toys,630.19,1,10.34,Next-Day,Debit Card,29,Male,City26,565.028354,2.0,0.2,1,2022,7,4
Clothing,216.5,2,44.85,Express,Credit Card,47,Female,City95,238.7995,1.5,0.4,0,2023,1,5
Home Appliances,1505.15,2,1.03,Standard,Debit Card,49,Male,City11,2979.2939100000003,1.0,0.4,0,2023,11,5
Clothing,1731.5,3,3.2,Next-Day,Debit Card,64,Male,City76,5028.276,2.0,0.6000000000000001,0,2022,8,3
Clothing,1315.15,5,13.73,Express,Credit Card,63,Male,City15,5672.899525,1.5,1.0,0,2022,11,0
Books,1581.21,1,14.43,Next-Day,Debit Card,20,Male,City29,1353.041397,2.0,0.2,0,2022,6,6
Clothing,234.54,5,18.53,Next-Day,COD,36,Female,City39,955.39869,2.0,1.0,0,2024,2,3
Toys,1270.93,5,33.33,Standard,Wallet,53,Male,City7,4236.645155000001,1.0,1.0,0,2024,9,6
Electronics,1065.74,5,18.56,Standard,Debit Card,25,Male,City68,4339.69328,1.0,1.0,0,2022,11,2
Clothing,1511.76,2,37.31,Standard,COD,19,Male,City25,1895.444688,1.0,0.4,0,2024,2,6
Home Appliances,1810.3,4,5.26,Standard,COD,20,Male,City87,6860.31288,1.0,0.8,0,2022,2,6
Electronics,1066.26,2,0.62,Express,Debit Card,55,Male,City61,2119.298376,1.5,0.4,1,2022,12,5
Books,254.57,2,25.33,Express,Wallet,35,Male,City84,380.174838,1.5,0.4,0,2024,12,2
Clothing,276.18,1,15.25,Standard,Wallet,57,Male,City96,234.06255,1.0,0.2,1,2025,6,2
Clothing,1631.66,1,39.35,Standard,Wallet,27,Female,City14,989.6017900000002,1.0,0.2,0,2022,4,0
Toys,1206.39,5,41.61,Express,COD,49,Male,City55,3522.055605000001,1.5,1.0,0,2022,11,1
Clothing,762.2,3,7.31,Next-Day,Debit Card,51,Female,City9,2119.4495400000005,2.0,0.6000000000000001,0,2023,7,4
Toys,523.52,5,47.2,Next-Day,Wallet,53,Female,City71,1382.0928,2.0,1.0,0,2023,2,6
Clothing,1849.22,5,28.68,Next-Day,Debit Card,60,Male,City63,6594.318520000001,2.0,1.0,0,2023,1,1
Home Appliances,1767.41,2,1.45,Next-Day,Wallet,18,Male,City48,3483.5651100000005,2.0,0.4,0,2023,9,3
Electronics,1298.03,2,6.07,Next-Day,COD,61,Male,City28,2438.479158,2.0,0.4,1,2023,12,4
Electronics,1438.67,4,25.5,Standard,Debit Card,18,Female,City13,4287.2366,1.0,0.8,0,2022,3,2
Clothing,573.64,4,25.37,Express,Wallet,37,Male,City72,1712.430128,1.5,0.8,0,2024,12,3
Clothing,1460.32,1,22.06,Standard,COD,55,Female,City93,1138.173408,1.0,0.2,0,2024,7,2
Books,193.75,5,42.26,Next-Day,COD,45,Male,City59,559.35625,2.0,1.0,0,2024,6,5
Toys,1912.84,1,45.67,Express,COD,64,Male,City7,1039.245972,1.5,0.2,0,2024,12,0
Electronics,1899.85,1,7.89,Next-Day,COD,23,Female,City3,1749.951835,2.0,0.2,1,2022,9,3
Home Appliances,196.71,2,47.64,Express,Debit Card,29,Female,City34,205.994712,1.5,0.4,0,2022,6,3
Books,1306.52,1,0.76,Standard,Debit Card,43,Male,City49,1296.590448,1.0,0.2,0,2023,7,2
Clothing,1518.25,3,27.3,Express,Debit Card,41,Male,City58,3311.30325,1.5,0.6000000000000001,1,2025,3,0
Toys,134.47,5,41.04,Express,COD,31,Male,City61,396.41756,1.5,1.0,0,2024,1,1
Electronics,1381.62,1,40.98,Next-Day,Credit Card,45,Female,City5,815.432124,2.0,0.2,0,2022,3,4
Home Appliances,286.64,3,36.34,Express,COD,59,Male,City13,547.4250719999999,1.5,0.6000000000000001,1,2023,12,6
Toys,1389.95,3,25.58,Next-Day,Credit Card,56,Male,City59,3103.20237,2.0,0.6000000000000001,1,2022,7,0
Books,1703.46,3,22.33,Next-Day,Wallet,48,Male,City43,3969.232146,2.0,0.6000000000000001,0,2022,3,6
Electronics,769.21,1,8.79,Standard,Wallet,49,Male,City70,701.596441,1.0,0.2,0,2022,12,1
Clothing,647.79,4,12.9,Express,Debit Card,24,Male,City98,2256.90036,1.5,0.8,0,2024,9,2
Clothing,440.9,2,24.23,Express,Debit Card,23,Male,City55,668.13986,1.5,0.4,0,2022,3,2
Clothing,1241.23,3,22.82,Standard,Credit Card,54,Female,City95,2873.9439420000003,1.0,0.6000000000000001,0,2023,5,1
Toys,1766.22,2,29.49,Standard,Credit Card,47,Male,City19,2490.723444,1.0,0.4,0,2024,2,1
Electronics,983.52,4,14.77,Standard,Credit Card,56,Male,City80,3353.016384,1.0,0.8,0,2022,10,2
Clothing,1109.81,1,2.29,Next-Day,COD,52,Female,City87,1084.395351,2.0,0.2,0,2022,11,0
Clothing,1492.29,1,3.82,Next-Day,COD,23,Male,City48,1435.284522,2.0,0.2,1,2024,2,0
Clothing,1652.95,3,2.03,Standard,Debit Card,24,Female,City62,4858.185345000001,1.0,0.6000000000000001,1,2024,10,2
Clothing,1927.96,3,40.99,Next-Day,Credit Card,27,Female,City56,3413.067588,2.0,0.6000000000000001,1,2024,1,2
Toys,661.93,5,5.98,Standard,Wallet,43,Male,City8,3111.73293,1.0,1.0,0,2022,5,3
Electronics,502.38,4,33.92,Express,Wallet,48,Male,City16,1327.890816,1.5,0.8,0,2023,2,6
Electronics,441.82,4,44.0,Express,Debit Card,22,Male,City15,989.6768,1.5,0.8,1,2023,12,1
Books,356.58,4,9.29,Express,Wallet,49,Male,City36,1293.814872,1.5,0.8,0,2022,4,5
Books,1622.54,5,37.57,Next-Day,Debit Card,42,Female,City30,5064.758610000001,2.0,1.0,0,2024,11,6
Toys,795.36,1,11.86,Next-Day,Credit Card,61,Female,City11,701.030304,2.0,0.2,0,2022,3,1
Home Appliances,1713.91,3,40.8,Next-Day,COD,57,Female,City73,3043.9041600000005,2.0,0.6000000000000001,0,2023,10,6
Clothing,1160.01,3,20.08,Standard,Wallet,24,Male,City81,2781.239976,1.0,0.6000000000000001,0,2025,7,1
Clothing,162.84,2,6.05,Express,Debit Card,38,Male,City54,305.97636,1.5,0.4,0,2023,7,5
Electronics,1102.26,3,23.48,Express,COD,33,Female,City63,2530.348056,1.5,0.6000000000000001,0,2022,8,6
Clothing,183.36,2,11.58,Express,Credit Card,39,Male,City47,324.253824,1.5,0.4,0,2022,9,4
Electronics,1713.17,3,16.98,Next-Day,Credit Card,41,Male,City97,4266.821202,2.0,0.6000000000000001,0,2022,10,4
Clothing,143.94,2,4.5,Express,Debit Card,31,Male,City82,274.9254,1.5,0.4,1,2022,9,6
Books,280.73,2,7.57,Standard,COD,38,Male,City99,518.957478,1.0,0.4,0,2023,8,6
Books,1891.54,1,35.31,Express,Wallet,53,Female,City78,1223.637226,1.5,0.2,1,2024,11,2
Clothing,643.7,4,11.45,Next-Day,Debit Card,33,Female,City61,2279.9854,2.0,0.8,1,2024,9,1
Clothing,756.48,4,30.37,Express,Wallet,24,Male,City3,2106.948096,1.5,0.8,0,2024,11,1
Electronics,1994.25,4,6.36,Express,Credit Card,46,Female,City88,7469.6628,1.5,0.8,1,2025,7,2
Toys,1731.33,1,27.02,Standard,Debit Card,34,Female,City1,1263.524634,1.0,0.2,0,2022,9,0
Books,1256.88,5,3.25,Express,Wallet,50,Female,City14,6080.157000000001,1.5,1.0,1,2024,1,6
Electronics,629.04,5,20.06,Standard,Wallet,22,Female,City27,2514.27288,1.0,1.0,0,2022,6,4
Toys,1651.76,2,7.84,Next-Day,Wallet,45,Female,City41,3044.524032,2.0,0.4,0,2023,6,0
Toys,1488.05,4,35.13,Next-Day,Credit Card,55,Female,City62,3861.19214,2.0,0.8,0,2024,2,4
Electronics,594.17,1,1.67,Standard,COD,49,Female,City66,584.247361,1.0,0.2,0,2022,2,1
Books,1211.4,5,5.27,Standard,Debit Card,64,Male,City32,5737.7961000000005,1.0,1.0,0,2022,11,4
Books,1900.41,5,43.16,Standard,Debit Card,27,Female,City25,5400.965220000001,1.0,1.0,1,2023,10,3
Toys,1165.9,5,19.83,Next-Day,Credit Card,26,Female,City31,4673.51015,2.0,1.0,1,2024,6,0
Toys,269.14,3,17.47,Next-Day,COD,58,Female,City31,666.363726,2.0,0.6000000000000001,0,2023,9,1
Electronics,429.7,1,5.27,Next-Day,Wallet,62,Female,City76,407.05481,2.0,0.2,1,2024,9,1
Electronics,1300.2,5,34.46,Standard,COD,52,Female,City35,4260.7554,1.0,1.0,0,2023,1,0
Books,1125.93,4,38.59,Standard,Credit Card,57,Female,City63,2765.734452,1.0,0.8,0,2022,9,4
Electronics,847.0,2,21.4,Next-Day,Credit Card,52,Male,City29,1331.4840000000002,2.0,0.4,0,2024,2,6
Electronics,309.68,2,24.01,Standard,Wallet,58,Female,City65,470.651664,1.0,0.4,0,2024,2,5
Home Appliances,248.8,2,16.99,Next-Day,Wallet,62,Female,City43,413.05776,2.0,0.4,0,2024,5,5
Electronics,179.06,1,36.97,Standard,COD,33,Female,City53,112.86151800000002,1.0,0.2,1,2023,8,3
Electronics,231.26,2,43.85,Next-Day,COD,31,Female,City73,259.70498,2.0,0.4,0,2023,1,1
Electronics,1546.0,5,7.56,Standard,Wallet,34,Female,City12,7145.612,1.0,1.0,0,2023,11,2
Clothing,512.69,1,48.76,Next-Day,Credit Card,31,Female,City3,262.702356,2.0,0.2,1,2025,8,0
Home Appliances,1375.84,5,11.97,Next-Day,Wallet,53,Female,City16,6055.75976,2.0,1.0,0,2023,3,3
Electronics,1435.47,3,10.41,Standard,Wallet,58,Male,City49,3858.112719,1.0,0.6000000000000001,0,2024,3,4
Books,1479.49,1,32.71,Express,COD,43,Female,City79,995.548821,1.5,0.2,0,2022,3,6
Electronics,362.3,2,18.0,Standard,Wallet,36,Male,City96,594.172,1.0,0.4,0,2024,4,5
Toys,1589.89,1,5.87,Next-Day,COD,23,Female,City90,1496.5634570000002,2.0,0.2,0,2024,11,0
Home Appliances,1953.85,2,37.38,Standard,Wallet,24,Female,City54,2447.00174,1.0,0.4,0,2023,12,4
Toys,566.71,1,1.69,Next-Day,Credit Card,64,Female,City53,557.132601,2.0,0.2,0,2024,9,3
Toys,1794.67,4,5.24,Express,Wallet,26,Male,City96,6802.517168,1.5,0.8,0,2024,6,5
Clothing,720.87,5,28.24,Express,COD,53,Female,City35,2586.48156,1.5,1.0,0,2023,10,6
Books,593.06,4,48.61,Express,Debit Card,25,Female,City66,1219.094136,1.5,0.8,0,2024,1,2
Clothing,1757.23,3,42.75,Standard,Debit Card,60,Female,City50,3018.0425250000003,1.0,0.6000000000000001,0,2022,11,3
Electronics,554.45,4,12.88,Express,Credit Card,55,Male,City99,1932.14736,1.5,0.8,0,2024,2,5
Books,1780.97,1,18.81,Express,Debit Card,19,Male,City29,1445.9695430000002,1.5,0.2,0,2024,12,4
Books,1004.8,1,12.77,Standard,COD,52,Female,City39,876.48704,1.0,0.2,0,2024,3,6
Electronics,1851.99,1,47.51,Standard,Wallet,39,Male,City30,972.109551,1.0,0.2,0,2024,10,6
Clothing,1698.84,4,23.42,Express,Wallet,31,Female,City62,5203.886688,1.5,0.8,0,2024,3,6
Electronics,217.72,4,22.36,Express,Debit Card,57,Female,City37,676.1512319999999,1.5,0.8,0,2025,8,5
Toys,991.05,4,21.39,Express,Wallet,61,Female,City69,3116.25762,1.5,0.8,0,2025,3,4
Toys,808.22,2,16.52,Next-Day,Credit Card,47,Female,City66,1349.404112,2.0,0.4,0,2025,8,2
Clothing,1462.36,4,30.77,Express,Debit Card,25,Female,City2,4049.567312,1.5,0.8,0,2022,12,2
Clothing,287.48,1,45.95,Next-Day,Wallet,42,Male,City59,155.38294,2.0,0.2,0,2024,8,1
Books,1683.51,1,6.54,Express,Credit Card,54,Male,City68,1573.408446,1.5,0.2,0,2024,2,3
Clothing,576.03,1,15.53,Standard,Credit Card,22,Male,City48,486.572541,1.0,0.2,1,2025,1,2
Clothing,821.88,5,43.3,Next-Day,Debit Card,22,Male,City84,2330.0298,2.0,1.0,1,2024,6,4
Clothing,742.99,2,15.02,Express,Debit Card,37,Female,City52,1262.785804,1.5,0.4,0,2025,3,4
Clothing,1673.04,4,23.02,Standard,COD,40,Female,City60,5151.624768000001,1.0,0.8,1,2023,8,0
Electronics,648.61,5,4.87,Express,COD,23,Female,City31,3085.1134650000004,1.5,1.0,0,2022,6,3
Home Appliances,1916.24,2,23.37,Standard,COD,48,Male,City68,2936.829424,1.0,0.4,0,2022,5,1
Clothing,1607.73,3,48.88,Next-Day,Credit Card,30,Female,City67,2465.614728,2.0,0.6000000000000001,1,2024,10,2
Clothing,1985.85,1,14.21,Standard,COD,59,Female,City14,1703.660715,1.0,0.2,0,2025,9,2
Electronics,1958.91,4,11.02,Next-Day,Credit Card,45,Male,City68,6972.152472000001,2.0,0.8,0,2024,8,4
Home Appliances,1786.58,4,18.0,Standard,Credit Card,47,Male,City63,5859.9824,1.0,0.8,0,2023,5,0
Books,1359.77,1,29.06,Express,Credit Card,65,Female,City86,964.620838,1.5,0.2,0,2024,7,5
Toys,207.68,3,13.02,Next-Day,Wallet,19,Female,City59,541.9201919999999,2.0,0.6000000000000001,0,2022,7,2
Clothing,1775.96,1,26.66,Express,Wallet,59,Female,City91,1302.489064,1.5,0.2,1,2025,2,4
Clothing,167.05,1,36.05,Standard,Debit Card,56,Male,City18,106.828475,1.0,0.2,1,2023,5,0
Toys,666.31,1,19.56,Next-Day,Wallet,24,Female,City97,535.9797639999999,2.0,0.2,0,2024,4,0
Clothing,1101.74,4,1.33,Express,Credit Card,28,Female,City31,4348.3474320000005,1.5,0.8,1,2022,8,3
Toys,1273.54,4,25.6,Express,Debit Card,56,Male,City36,3790.05504,1.5,0.8,0,2024,5,4
Books,955.9,2,15.02,Next-Day,Debit Card,36,Female,City14,1624.64764,2.0,0.4,0,2024,3,6
Books,1227.07,4,10.89,Express,Debit Card,56,Female,City88,4373.768308,1.5,0.8,0,2023,1,6
Toys,1750.46,1,41.96,Standard,Wallet,35,Female,City21,1015.966984,1.0,0.2,1,2022,2,0
Clothing,1139.0,4,46.33,Next-Day,Wallet,38,Female,City84,2445.2052,2.0,0.8,0,2024,4,6
Electronics,296.67,3,31.08,Standard,COD,48,Male,City75,613.394892,1.0,0.6000000000000001,1,2025,6,0
Electronics,398.36,2,8.7,Standard,COD,24,Female,City5,727.4053600000001,1.0,0.4,0,2022,8,4
Books,1246.84,2,13.39,Next-Day,Wallet,44,Female,City68,2159.776248,2.0,0.4,0,2024,10,2
Home Appliances,609.17,4,46.96,Express,Debit Card,44,Female,City24,1292.4150719999998,1.5,0.8,0,2024,4,6
Clothing,354.3,4,24.67,Next-Day,Credit Card,53,Female,City5,1067.57676,2.0,0.8,1,2024,9,2
Electronics,990.42,5,46.75,Standard,Debit Card,49,Male,City54,2636.9932499999995,1.0,1.0,0,2023,11,3
Clothing,718.67,5,21.5,Standard,Credit Card,30,Male,City87,2820.77975,1.0,1.0,0,2025,3,0
Books,1745.63,4,10.17,Next-Day,Debit Card,55,Male,City91,6272.397716,2.0,0.8,1,2023,9,0
Home Appliances,428.25,5,33.17,Express,Wallet,35,Male,City39,1430.997375,1.5,1.0,0,2023,10,1
Electronics,1805.45,3,43.94,Standard,Debit Card,56,Male,City17,3036.40581,1.0,0.6000000000000001,0,2023,11,4
Clothing,264.27,3,26.22,Express,Wallet,36,Female,City30,584.935218,1.5,0.6000000000000001,0,2024,10,3
Home Appliances,276.46,1,40.01,Standard,Debit Card,57,Male,City16,165.84835400000003,1.0,0.2,0,2025,5,3
Electronics,1921.79,5,40.45,Express,Wallet,19,Male,City44,5722.129725,1.5,1.0,1,2024,1,6
Clothing,1479.38,5,41.78,Standard,Debit Card,18,Female,City63,4306.47518,1.0,1.0,0,2025,1,3
Electronics,930.88,2,28.8,Standard,COD,64,Female,City33,1325.57312,1.0,0.4,1,2023,9,1
Clothing,1814.45,1,44.02,Express,COD,31,Female,City77,1015.72911,1.5,0.2,0,2025,7,2
Clothing,1495.55,4,35.82,Next-Day,COD,58,Female,City81,3839.37596,2.0,0.8,0,2024,1,2
Clothing,1403.13,2,36.43,Standard,Credit Card,63,Female,City39,1783.939482,1.0,0.4,1,2022,12,0
Books,1403.63,3,29.82,Next-Day,Credit Card,62,Female,City83,2955.2026020000003,2.0,0.6000000000000001,0,2022,6,0
Electronics,508.92,3,12.64,Standard,Credit Card,19,Male,City19,1333.7775359999998,1.0,0.6000000000000001,1,2023,10,5
Clothing,1760.7,2,44.24,Express,Credit Card,29,Male,City17,1963.53264,1.5,0.4,0,2022,1,3
Electronics,432.88,2,18.6,Standard,COD,40,Male,City74,704.7286399999999,1.0,0.4,0,2022,7,0
Books,1212.93,1,0.06,Next-Day,Debit Card,22,Male,City23,1212.202242,2.0,0.2,0,2023,1,2
Clothing,346.36,5,32.24,Express,Wallet,43,Female,City49,1173.4676800000002,1.5,1.0,0,2024,2,4
Clothing,1278.86,3,20.87,Next-Day,Debit Card,47,Female,City21,3035.885754,2.0,0.6000000000000001,0,2024,12,4
Electronics,1845.14,1,11.28,Standard,Debit Card,25,Male,City52,1637.008208,1.0,0.2,0,2024,5,6
Electronics,100.09,5,14.13,Express,Wallet,43,Male,City62,429.736415,1.5,1.0,0,2025,9,0
Home Appliances,832.95,4,7.87,Next-Day,Debit Card,61,Female,City8,3069.58734,2.0,0.8,0,2023,4,4
Clothing,1811.75,5,5.45,Next-Day,COD,52,Male,City48,8565.048125,2.0,1.0,0,2022,11,6
Toys,555.98,4,28.4,Express,Debit Card,25,Female,City66,1592.32672,1.5,0.8,0,2023,11,4
Electronics,1932.64,4,43.3,Express,Credit Card,50,Female,City92,4383.22752,1.5,0.8,0,2023,3,4
Toys,1569.77,4,2.9,Express,COD,43,Male,City14,6096.98668,1.5,0.8,0,2022,7,6
Home Appliances,616.66,4,16.58,Express,Credit Card,65,Male,City44,2057.671088,1.5,0.8,0,2023,9,3
Toys,821.92,3,29.39,Next-Day,COD,18,Male,City99,1741.0731359999995,2.0,0.6000000000000001,1,2022,8,6
Home Appliances,1916.13,5,14.5,Next-Day,COD,18,Female,City4,8191.455750000001,2.0,1.0,0,2025,7,0
Books,1441.78,5,43.88,Next-Day,COD,65,Male,City9,4045.634679999999,2.0,1.0,0,2024,9,2
Home Appliances,527.72,5,22.12,Express,Wallet,57,Male,City60,2054.94168,1.5,1.0,0,2022,5,3
Clothing,914.11,4,19.99,Standard,Wallet,62,Male,City13,2925.517644,1.0,0.8,0,2022,9,5
Books,1690.25,5,49.55,Standard,Credit Card,53,Female,City91,4263.655624999999,1.0,1.0,1,2022,4,6
Toys,419.05,2,20.25,Next-Day,COD,32,Male,City70,668.38475,2.0,0.4,0,2022,10,2
Home Appliances,252.02,5,36.27,Standard,Debit Card,49,Male,City25,803.06173,1.0,1.0,1,2023,8,2
Clothing,1786.18,5,14.62,Standard,Credit Card,32,Female,City11,7625.20242,1.0,1.0,0,2023,3,4
Home Appliances,1233.73,5,0.11,Express,Wallet,38,Female,City84,6161.864485,1.5,1.0,0,2023,7,0
Clothing,1345.67,1,25.52,Next-Day,COD,19,Male,City71,1002.255016,2.0,0.2,1,2023,1,2
Clothing,1253.67,4,47.19,Next-Day,Debit Card,44,Female,City9,2648.252508,2.0,0.8,0,2022,1,5
Books,1366.54,3,46.44,Next-Day,COD,35,Female,City87,2195.756472,2.0,0.6000000000000001,1,2024,12,0
Books,1400.6,1,28.17,Next-Day,Credit Card,54,Female,City40,1006.05098,2.0,0.2,0,2024,11,1
Toys,907.73,4,3.72,Standard,COD,45,Female,City64,3495.849776,1.0,0.8,0,2022,10,0
Books,1525.81,5,0.37,Next-Day,Debit Card,31,Female,City21,7600.822514999999,2.0,1.0,0,2023,10,0
Electronics,1266.3,3,45.2,Standard,Wallet,54,Female,City66,2081.7972,1.0,0.6000000000000001,1,2024,11,2
Toys,249.54,3,36.43,Express,Credit Card,52,Female,City27,475.897734,1.5,0.6000000000000001,0,2022,5,4
Toys,1614.62,4,10.75,Next-Day,COD,22,Male,City97,5764.193399999999,2.0,0.8,0,2025,5,0
Books,760.82,3,46.53,Next-Day,Debit Card,45,Female,City38,1220.4313619999998,2.0,0.6000000000000001,0,2023,4,6
Home Appliances,798.44,4,41.09,Standard,Debit Card,32,Male,City23,1881.444016,1.0,0.8,0,2024,9,6
Clothing,757.18,5,48.95,Next-Day,COD,28,Male,City20,1932.70195,2.0,1.0,0,2023,1,1
Toys,1986.41,4,31.32,Next-Day,Wallet,59,Male,City86,5457.065552000001,2.0,0.8,0,2025,7,2
Clothing,135.81,2,25.35,Next-Day,Credit Card,35,Male,City51,202.76433,2.0,0.4,0,2023,9,2
Toys,860.83,3,22.32,Next-Day,Credit Card,42,Female,City18,2006.078232,2.0,0.6000000000000001,0,2022,12,6
Home Appliances,501.1,2,15.2,Express,Debit Card,49,Female,City42,849.8656,1.5,0.4,0,2023,8,4
Toys,798.49,1,39.21,Standard,COD,61,Male,City90,485.402071,1.0,0.2,1,2023,7,2
Books,1602.4,2,37.7,Next-Day,Credit Card,37,Female,City30,1996.5904,2.0,0.4,0,2024,10,6
Electronics,241.73,3,45.82,Standard,COD,26,Male,City60,392.907942,1.0,0.6000000000000001,0,2024,4,2
Toys,1001.61,1,2.86,Next-Day,Debit Card,62,Female,City86,972.963954,2.0,0.2,0,2024,7,0
Toys,1697.73,2,5.64,Next-Day,Credit Card,64,Female,City99,3203.956056,2.0,0.4,0,2022,7,4
Toys,651.88,2,44.99,Standard,COD,20,Female,City54,717.198376,1.0,0.4,0,2023,3,5
Clothing,1750.36,2,19.0,Standard,Wallet,45,Male,City73,2835.5832,1.0,0.4,0,2024,4,5
Electronics,1213.99,4,40.77,Standard,Debit Card,52,Female,City64,2876.185108,1.0,0.8,0,2025,7,2
Electronics,669.48,5,42.88,Standard,Credit Card,29,Male,City8,1912.03488,1.0,1.0,1,2023,10,1
Clothing,1574.05,1,42.31,Next-Day,Credit Card,21,Female,City4,908.069445,2.0,0.2,0,2023,12,6
Clothing,1819.08,5,15.01,Standard,Credit Card,57,Female,City31,7730.18046,1.0,1.0,0,2023,1,0
Books,1442.23,5,16.91,Standard,COD,46,Female,City18,5991.744535,1.0,1.0,0,2024,4,0
Toys,843.93,2,31.31,Standard,COD,50,Female,City48,1159.391034,1.0,0.4,1,2022,12,1
Electronics,362.48,2,32.61,Express,Debit Card,50,Female,City70,488.550544,1.5,0.4,0,2024,7,2
Clothing,172.31,3,32.21,Express,Credit Card,33,Female,City15,350.426847,1.5,0.6000000000000001,0,2022,10,1
Clothing,234.33,4,0.36,Express,Credit Card,40,Male,City37,933.945648,1.5,0.8,0,2022,12,2
Books,119.94,4,32.36,Standard,COD,59,Female,City60,324.509664,1.0,0.8,1,2022,8,2
Clothing,1855.84,4,33.34,Standard,Debit Card,58,Male,City18,4948.411776,1.0,0.8,0,2022,5,5
Books,322.98,4,4.95,Express,COD,37,Male,City88,1227.96996,1.5,0.8,0,2023,3,0
Toys,1337.66,5,44.5,Express,Wallet,59,Female,City44,3712.0065,1.5,1.0,0,2022,7,1
Electronics,301.53,4,14.02,Standard,Wallet,41,Female,City47,1037.021976,1.0,0.8,0,2022,7,0
Clothing,166.76,2,5.35,Next-Day,Wallet,57,Male,City54,315.67668,2.0,0.4,0,2022,1,6
Home Appliances,441.38,5,1.3,Standard,Credit Card,19,Female,City27,2178.2103,1.0,1.0,0,2024,12,6
Clothing,255.77,4,14.72,Next-Day,Credit Card,33,Male,City80,872.482624,2.0,0.8,0,2023,8,4
Toys,1405.11,1,41.25,Next-Day,COD,43,Female,City30,825.502125,2.0,0.2,0,2022,10,2
Clothing,1698.73,3,28.89,Next-Day,Credit Card,22,Female,City73,3623.900709000001,2.0,0.6000000000000001,1,2022,1,2
Books,346.56,5,9.62,Next-Day,Credit Card,58,Female,City58,1566.10464,2.0,1.0,1,2024,5,0
Electronics,124.13,4,32.4,Next-Day,Debit Card,33,Female,City43,335.64752,2.0,0.8,1,2025,8,4
Clothing,1093.16,1,16.23,Next-Day,Credit Card,50,Male,City14,915.740132,2.0,0.2,1,2023,6,5
Electronics,1184.26,1,4.73,Next-Day,Credit Card,30,Female,City77,1128.244502,2.0,0.2,1,2025,8,4
Books,1990.06,2,39.87,Express,COD,52,Male,City51,2393.246156,1.5,0.4,0,2023,12,4
Clothing,1732.64,5,10.28,Standard,COD,43,Male,City13,7772.62304,1.0,1.0,0,2024,5,3
Clothing,340.07,5,37.2,Next-Day,Credit Card,54,Female,City63,1067.8197999999998,2.0,1.0,1,2023,5,2
Clothing,1122.34,3,40.31,Express,Wallet,23,Female,City73,2009.774238,1.5,0.6000000000000001,1,2022,11,1
Books,294.78,5,6.04,Express,Debit Card,48,Female,City27,1384.8764399999998,1.5,1.0,0,2023,5,2
Clothing,1641.68,3,35.83,Next-Day,Credit Card,47,Female,City19,3160.398168,2.0,0.6000000000000001,0,2023,8,1
Electronics,649.28,5,38.05,Express,Credit Card,46,Female,City27,2011.1448,1.5,1.0,1,2024,5,6
Electronics,1532.14,4,43.51,Standard,Wallet,19,Female,City29,3462.023544,1.0,0.8,0,2022,8,5
Books,1859.83,4,20.92,Next-Day,Wallet,28,Female,City10,5883.014256,2.0,0.8,0,2023,5,3
Toys,327.06,5,7.83,Standard,Wallet,58,Male,City47,1507.2560099999998,1.0,1.0,0,2023,7,0
Books,503.15,1,29.68,Next-Day,COD,20,Male,City17,353.81508,2.0,0.2,0,2024,2,5
Toys,365.66,2,37.2,Standard,Credit Card,62,Male,City12,459.26896,1.0,0.4,1,2024,5,0
Clothing,1530.85,1,22.87,Standard,Credit Card,37,Female,City66,1180.744605,1.0,0.2,0,2025,3,3
Clothing,897.8,3,44.77,Standard,Credit Card,64,Female,City7,1487.5648199999998,1.0,0.6000000000000001,1,2023,4,4
Toys,1363.71,2,13.56,Standard,Debit Card,37,Male,City30,2357.5818480000003,1.0,0.4,0,2022,2,6
Clothing,1191.45,5,25.81,Next-Day,Credit Card,51,Female,City80,4419.683775,2.0,1.0,1,2025,3,0
Books,554.28,2,43.89,Express,Debit Card,21,Female,City64,622.0130159999999,1.5,0.4,0,2023,8,0
Clothing,1115.54,5,45.64,Next-Day,COD,52,Male,City8,3032.03772,2.0,1.0,1,2023,11,5
Electronics,1720.07,2,17.32,Next-Day,Wallet,45,Male,City27,2844.307752,2.0,0.4,1,2022,5,3
Toys,240.82,3,39.61,Express,Credit Card,25,Female,City8,436.293594,1.5,0.6000000000000001,0,2022,4,3
Electronics,1218.87,4,10.07,Next-Day,Credit Card,18,Female,City63,4384.519163999999,2.0,0.8,1,2023,8,2
Toys,1714.71,5,15.99,Standard,Debit Card,58,Male,City30,7202.639354999999,1.0,1.0,0,2022,12,0
Books,1277.37,2,1.1,Standard,Debit Card,59,Male,City78,2526.63786,1.0,0.4,1,2024,2,5
Electronics,1301.19,3,40.61,Next-Day,COD,41,Male,City26,2318.330223,2.0,0.6000000000000001,1,2025,4,6
Books,1484.02,3,43.58,Standard,Wallet,31,Female,City87,2511.852252,1.0,0.6000000000000001,1,2024,6,5
Books,934.03,4,46.49,Next-Day,Wallet,53,Female,City72,1999.197812,2.0,0.8,1,2023,7,4
Books,470.83,4,15.1,Next-Day,Wallet,52,Male,City56,1598.93868,2.0,0.8,0,2024,3,1
Clothing,1457.64,1,17.66,Next-Day,Debit Card,61,Male,City5,1200.220776,2.0,0.2,0,2024,6,5
Books,301.97,2,38.31,Express,Debit Card,31,Male,City88,372.5705860000001,1.5,0.4,0,2023,9,6
Electronics,769.09,5,16.29,Express,COD,47,Male,City89,3219.026195,1.5,1.0,0,2023,12,6
Toys,1332.56,2,12.13,Express,Debit Card,20,Male,City21,2341.840944,1.5,0.4,0,2024,9,0
Clothing,1982.39,2,16.09,Express,Debit Card,18,Female,City26,3326.846898,1.5,0.4,1,2024,12,3
Toys,1444.7,5,20.08,Standard,Credit Card,58,Female,City89,5773.0212,1.0,1.0,0,2024,9,1
Clothing,417.6,4,17.19,Express,Wallet,20,Female,City9,1383.25824,1.5,0.8,1,2023,1,4
Books,1580.53,3,29.73,Next-Day,Wallet,21,Female,City28,3331.915293,2.0,0.6000000000000001,0,2023,10,1
Electronics,1588.64,1,31.15,Standard,Credit Card,28,Female,City36,1093.77864,1.0,0.2,1,2023,5,3
Clothing,1039.7,2,14.94,Standard,Wallet,33,Male,City7,1768.73764,1.0,0.4,0,2022,6,2
Electronics,321.17,4,15.4,Express,Credit Card,49,Male,City15,1086.83928,1.5,0.8,0,2023,4,4
Clothing,1557.91,1,11.85,Next-Day,Debit Card,51,Female,City68,1373.297665,2.0,0.2,0,2024,6,6
Electronics,872.88,5,31.25,Next-Day,Wallet,36,Male,City95,3000.525,2.0,1.0,0,2023,9,6
Clothing,1485.14,5,36.68,Express,Debit Card,35,Female,City10,4701.953240000001,1.5,1.0,0,2023,8,5
Electronics,1855.16,5,29.91,Express,Wallet,33,Female,City10,6501.408220000001,1.5,1.0,0,2025,9,1
Clothing,1344.75,3,21.39,Next-Day,Credit Card,35,Female,City27,3171.323925,2.0,0.6000000000000001,0,2022,9,1
Clothing,455.58,2,48.59,Next-Day,COD,42,Female,City43,468.427356,2.0,0.4,1,2025,8,2
Toys,1156.84,4,29.61,Express,COD,41,Female,City87,3257.1987039999995,1.5,0.8,0,2025,2,2
Clothing,981.3,1,34.73,Next-Day,Credit Card,48,Male,City62,640.49451,2.0,0.2,0,2023,9,6
Electronics,1064.23,5,4.31,Next-Day,COD,33,Male,City50,5091.808435,2.0,1.0,0,2022,2,0
Home Appliances,331.74,3,8.86,Standard,COD,45,Female,City6,907.043508,1.0,0.6000000000000001,0,2024,6,6
Electronics,1155.85,2,14.57,Standard,COD,34,Male,City95,1974.88531,1.0,0.4,1,2024,9,2
Books,1029.64,3,5.59,Next-Day,COD,55,Male,City30,2916.249372,2.0,0.6000000000000001,0,2024,3,0
Electronics,1433.72,4,44.72,Standard,Credit Card,30,Male,City68,3170.241664,1.0,0.8,1,2022,4,0
Toys,1754.36,2,4.35,Express,Debit Card,41,Male,City36,3356.09068,1.5,0.4,0,2023,10,1
Electronics,1024.52,3,9.79,Standard,Wallet,64,Female,City6,2772.658476,1.0,0.6000000000000001,1,2024,4,2
Electronics,567.84,2,29.46,Express,Wallet,39,Male,City31,801.1086720000001,1.5,0.4,0,2022,6,1
Electronics,482.18,4,33.28,Standard,Debit Card,38,Female,City21,1286.841984,1.0,0.8,0,2024,7,2
Books,1540.7,1,21.78,Next-Day,Wallet,44,Female,City37,1205.13554,2.0,0.2,0,2023,6,6
Clothing,145.72,5,16.46,Express,COD,43,Male,City26,608.67244,1.5,1.0,0,2024,4,0
Clothing,1684.08,2,23.26,Express,Wallet,36,Female,City93,2584.725984,1.5,0.4,0,2023,9,3
Clothing,1098.41,1,44.99,Next-Day,Debit Card,58,Male,City20,604.2353410000001,2.0,0.2,1,2025,8,5
Electronics,658.82,1,28.21,Standard,Credit Card,47,Female,City76,472.966878,1.0,0.2,0,2025,3,1
Books,843.33,2,47.35,Express,COD,19,Female,City13,888.02649,1.5,0.4,0,2024,7,4
Electronics,854.16,5,10.36,Standard,Debit Card,21,Female,City31,3828.34512,1.0,1.0,0,2023,2,4
Clothing,968.28,3,42.92,Standard,Wallet,59,Male,City9,1658.082672,1.0,0.6000000000000001,0,2024,10,3
Clothing,950.07,5,44.16,Next-Day,Debit Card,47,Female,City26,2652.59544,2.0,1.0,0,2022,10,5
Books,1261.32,1,1.57,Standard,Debit Card,60,Female,City36,1241.5172759999998,1.0,0.2,0,2024,7,6
Toys,105.02,1,0.28,Next-Day,Credit Card,54,Female,City78,104.725944,2.0,0.2,0,2023,7,2
Clothing,1378.29,4,9.02,Next-Day,Debit Card,48,Female,City69,5015.872968,2.0,0.8,0,2024,5,4
Clothing,1449.37,1,3.56,Standard,Debit Card,46,Male,City75,1397.772428,1.0,0.2,0,2024,3,4
Electronics,219.32,4,36.71,Next-Day,Wallet,51,Female,City53,555.230512,2.0,0.8,0,2025,5,4
Toys,1828.29,1,41.46,Standard,COD,59,Male,City11,1070.2809659999998,1.0,0.2,0,2025,3,0
Electronics,1210.95,2,22.33,Standard,Wallet,20,Female,City32,1881.08973,1.0,0.4,0,2025,1,0
Toys,1416.82,2,40.77,Standard,COD,42,Female,City52,1678.364972,1.0,0.4,1,2022,10,1
Electronics,164.88,2,43.43,Standard,Debit Card,57,Male,City71,186.545232,1.0,0.4,0,2023,7,0
Toys,911.51,1,10.88,Standard,Debit Card,41,Male,City21,812.337712,1.0,0.2,1,2023,8,4
Clothing,1010.35,3,34.55,Next-Day,Debit Card,20,Male,City44,1983.8222250000003,2.0,0.6000000000000001,1,2024,6,6
Toys,1189.71,5,3.76,Express,COD,27,Male,City98,5724.8845200000005,1.5,1.0,0,2023,1,4
Electronics,139.98,4,48.72,Express,COD,25,Female,City4,287.126976,1.5,0.8,0,2023,9,2
Electronics,594.31,2,41.45,Express,Wallet,53,Male,City41,695.9370099999999,1.5,0.4,1,2023,11,6
Electronics,762.74,5,41.49,Next-Day,Credit Card,42,Female,City50,2231.39587,2.0,1.0,0,2022,7,4
Books,1457.76,3,18.22,Next-Day,Wallet,18,Male,City56,3576.468384,2.0,0.6000000000000001,0,2022,8,5
Toys,1989.39,4,10.91,Next-Day,Debit Card,28,Male,City46,7089.390204,2.0,0.8,0,2022,11,5
Clothing,1654.12,1,47.29,Standard,Wallet,22,Female,City64,871.8866519999999,1.0,0.2,0,2024,6,5
Books,1002.62,1,22.24,Next-Day,Debit Card,46,Female,City40,779.6373120000001,2.0,0.2,0,2023,9,4
Clothing,674.38,3,38.24,Next-Day,Credit Card,22,Male,City95,1249.4912639999998,2.0,0.6000000000000001,0,2022,3,6
Clothing,424.98,3,45.43,Express,Credit Card,49,Female,City84,695.7347580000002,1.5,0.6000000000000001,0,2022,4,1
Books,242.41,5,28.9,Standard,COD,55,Female,City78,861.76755,1.0,1.0,0,2022,4,4
Clothing,412.73,1,33.82,Standard,COD,62,Female,City5,273.144714,1.0,0.2,1,2022,6,2
Electronics,371.87,3,38.89,Express,Wallet,36,Female,City20,681.749271,1.5,0.6000000000000001,0,2024,3,4
Clothing,872.43,2,14.55,Standard,Debit Card,58,Male,City29,1490.98287,1.0,0.4,0,2025,1,6
Toys,1430.13,2,0.29,Standard,COD,42,Female,City92,2851.965246,1.0,0.4,0,2023,10,0
Clothing,859.23,4,32.06,Express,Wallet,57,Male,City24,2335.043448,1.5,0.8,0,2024,5,5
Electronics,415.57,1,35.81,Next-Day,COD,25,Female,City11,266.754383,2.0,0.2,0,2023,10,4
Clothing,1483.87,4,41.85,Next-Day,Credit Card,63,Male,City20,3451.481619999999,2.0,0.8,0,2024,6,3
Home Appliances,1817.24,1,21.95,Standard,COD,45,Male,City46,1418.35582,1.0,0.2,0,2023,4,1
Clothing,462.59,5,43.27,Express,Credit Card,20,Female,City23,1312.1365349999996,1.5,1.0,0,2023,2,6
Clothing,1296.77,2,34.09,Standard,Credit Card,40,Female,City69,1709.402214,1.0,0.4,0,2025,1,0
Home Appliances,1843.06,2,29.37,Express,Debit Card,51,Female,City71,2603.506556,1.5,0.4,0,2022,3,1
Books,928.66,5,36.06,Express,COD,53,Female,City58,2968.92602,1.5,1.0,0,2023,11,2
Clothing,1480.43,1,48.09,Standard,Wallet,37,Female,City50,768.4912129999999,1.0,0.2,0,2022,4,1
Clothing,785.8,3,41.61,Standard,Wallet,44,Female,City8,1376.48586,1.0,0.6000000000000001,0,2024,5,1
Toys,390.89,5,35.0,Standard,Debit Card,50,Female,City12,1270.3925,1.0,1.0,0,2024,4,6
Toys,879.47,5,37.37,Express,COD,60,Female,City50,2754.0603050000004,1.5,1.0,0,2023,3,2
Toys,1621.11,2,5.51,Standard,COD,49,Female,City47,3063.573678,1.0,0.4,0,2024,9,3
Books,1908.23,1,12.76,Next-Day,Debit Card,55,Female,City99,1664.7398520000002,2.0,0.2,0,2023,10,6
Books,521.63,1,0.43,Next-Day,Wallet,24,Male,City34,519.386991,2.0,0.2,1,2022,11,0
Electronics,946.59,5,24.16,Next-Day,Debit Card,25,Male,City23,3589.46928,2.0,1.0,0,2025,6,2
Clothing,408.32,4,5.7,Standard,COD,53,Male,City95,1540.18304,1.0,0.8,0,2024,6,5
Electronics,881.4,4,44.79,Next-Day,Credit Card,27,Female,City35,1946.48376,2.0,0.8,0,2024,8,4
Clothing,1505.07,1,21.28,Express,COD,37,Male,City100,1184.791104,1.5,0.2,0,2023,12,5
Clothing,1084.82,3,28.05,Express,Debit Card,36,Female,City57,2341.58397,1.5,0.6000000000000001,1,2025,6,6
Clothing,1436.06,5,27.76,Standard,COD,43,Female,City55,5187.048719999999,1.0,1.0,1,2023,10,3
Books,971.69,4,34.58,Next-Day,Wallet,43,Male,City53,2542.718392,2.0,0.8,1,2022,9,4
Clothing,1860.21,2,40.37,Express,COD,41,Male,City93,2218.4864460000003,1.5,0.4,1,2024,7,5
Toys,649.03,5,10.1,Standard,Wallet,18,Female,City65,2917.38985,1.0,1.0,0,2023,12,2
Electronics,301.59,5,26.38,Express,Wallet,30,Female,City7,1110.15279,1.5,1.0,0,2023,4,6
Books,1501.46,3,26.67,Next-Day,COD,26,Female,City80,3303.0618540000005,2.0,0.6000000000000001,1,2024,3,0
Toys,1886.02,4,44.99,Express,Debit Card,45,Female,City11,4149.998408,1.5,0.8,1,2025,2,3
Books,186.66,1,15.31,Next-Day,COD,61,Female,City71,158.08235399999998,2.0,0.2,0,2023,5,0
Electronics,357.24,4,46.37,Next-Day,Debit Card,28,Male,City84,766.351248,2.0,0.8,0,2022,4,4
Books,1957.06,5,19.57,Standard,Wallet,43,Male,City63,7870.31679,1.0,1.0,1,2024,7,3
Books,1116.92,3,12.09,Standard,Debit Card,64,Female,City32,2945.653116,1.0,0.6000000000000001,1,2023,9,0
Home Appliances,1223.04,4,37.63,Express,Debit Card,33,Female,City42,3051.2401919999998,1.5,0.8,0,2022,2,0
Clothing,1715.28,2,33.93,Next-Day,Wallet,52,Male,City53,2266.5709920000004,2.0,0.4,0,2024,12,0
Home Appliances,511.17,5,31.71,Express,Wallet,34,Male,City61,1745.389965,1.5,1.0,0,2025,8,3
Electronics,1391.21,2,19.76,Next-Day,Credit Card,51,Female,City34,2232.613808,2.0,0.4,1,2024,12,1
Books,1554.76,1,12.25,Standard,Debit Card,64,Female,City56,1364.3019,1.0,0.2,0,2022,1,0
Clothing,160.33,5,2.14,Standard,Credit Card,30,Male,City47,784.4946900000001,1.0,1.0,1,2022,11,1
Electronics,1045.21,4,34.15,Next-Day,COD,44,Female,City5,2753.0831400000006,2.0,0.8,1,2024,10,0
Books,796.76,5,48.2,Standard,Wallet,64,Male,City68,2063.6084,1.0,1.0,0,2024,7,2
Clothing,1380.67,1,15.72,Standard,Debit Card,47,Female,City13,1163.628676,1.0,0.2,0,2024,12,4
Toys,1646.18,3,9.77,Standard,COD,61,Male,City88,4456.044642,1.0,0.6000000000000001,0,2023,8,1
Toys,1394.31,2,10.97,Express,Wallet,19,Female,City27,2482.708386,1.5,0.4,0,2022,12,4
Home Appliances,881.77,2,21.05,Express,Debit Card,26,Male,City55,1392.31483,1.5,0.4,1,2024,6,4
Clothing,933.35,4,38.4,Express,COD,28,Male,City19,2299.7744,1.5,0.8,0,2023,12,4
Electronics,1211.9,4,6.88,Standard,COD,51,Male,City28,4514.085120000001,1.0,0.8,0,2023,6,0
Books,1439.2,1,44.46,Next-Day,Credit Card,39,Male,City46,799.33168,2.0,0.2,0,2025,2,4
Electronics,215.57,5,6.69,Express,Debit Card,32,Female,City25,1005.741835,1.5,1.0,1,2024,8,5
Clothing,392.7,1,0.32,Next-Day,Wallet,32,Male,City69,391.44336,2.0,0.2,0,2022,3,3
Toys,1484.57,5,7.56,Standard,Credit Card,24,Female,City12,6861.68254,1.0,1.0,1,2022,9,0
Toys,1102.17,2,29.56,Standard,Debit Card,31,Female,City60,1552.737096,1.0,0.4,0,2025,4,0
Electronics,1613.2,5,5.44,Standard,Wallet,55,Female,City5,7627.2096,1.0,1.0,1,2023,5,4
Home Appliances,1527.0,1,5.12,Next-Day,Credit Card,46,Female,City70,1448.8176,2.0,0.2,0,2024,7,5
Books,783.84,2,19.69,Next-Day,Debit Card,43,Female,City45,1259.003808,2.0,0.4,1,2022,4,4
Home Appliances,804.92,2,8.61,Standard,Debit Card,22,Female,City68,1471.232776,1.0,0.4,0,2023,5,0
Clothing,963.58,3,30.5,Standard,Debit Card,33,Male,City54,2009.0643000000005,1.0,0.6000000000000001,1,2025,3,1
Electronics,753.13,2,16.19,Standard,Credit Card,36,Female,City48,1262.3965059999998,1.0,0.4,1,2023,4,5
Clothing,745.33,4,12.83,Standard,Wallet,43,Male,City78,2598.8166440000005,1.0,0.8,0,2025,6,5
Clothing,404.19,3,44.99,Standard,Wallet,37,Female,City86,667.034757,1.0,0.6000000000000001,1,2022,5,0
Clothing,1144.98,5,8.06,Express,Wallet,22,Female,City92,5263.473059999999,1.5,1.0,0,2023,12,6
Books,752.83,5,49.12,Express,Credit Card,38,Female,City65,1915.19952,1.5,1.0,0,2022,5,0
Books,1018.83,1,32.37,Standard,Debit Card,56,Male,City10,689.0347290000001,1.0,0.2,0,2025,3,2
Home Appliances,858.61,4,22.17,Express,Wallet,61,Female,City29,2673.024652,1.5,0.8,0,2023,6,4
Clothing,1065.57,2,22.5,Standard,Debit Card,63,Female,City84,1651.6335,1.0,0.4,1,2025,4,1
Toys,1243.91,4,37.45,Express,Debit Card,37,Male,City72,3112.26282,1.5,0.8,1,2025,8,0
Clothing,1604.2,4,28.7,Standard,Credit Card,27,Male,City5,4575.178400000001,1.0,0.8,1,2024,8,2
Electronics,1974.88,2,47.83,Standard,Credit Card,36,Female,City86,2060.589792,1.0,0.4,0,2022,1,5
Electronics,1119.84,3,32.91,Standard,Wallet,40,Female,City14,2253.901968,1.0,0.6000000000000001,0,2023,11,1
Clothing,1735.65,4,46.6,Next-Day,Debit Card,36,Female,City67,3707.3484,2.0,0.8,0,2025,2,5
Clothing,1334.25,4,42.07,Express,Credit Card,65,Female,City8,3091.7240999999995,1.5,0.8,0,2022,1,3
Clothing,791.08,3,34.64,Next-Day,Credit Card,30,Female,City67,1551.149664,2.0,0.6000000000000001,1,2023,7,0
Toys,1730.54,1,0.38,Next-Day,Credit Card,64,Male,City24,1723.9639479999998,2.0,0.2,0,2024,3,1
Clothing,1213.39,2,5.9,Next-Day,Wallet,55,Male,City13,2283.59998,2.0,0.4,0,2023,8,1
Toys,1999.44,5,21.85,Standard,Credit Card,49,Female,City35,7812.8118,1.0,1.0,0,2022,3,2
Clothing,221.72,2,10.89,Standard,COD,31,Female,City78,395.149384,1.0,0.4,1,2022,7,6
Books,201.2,5,26.16,Standard,Credit Card,59,Female,City93,742.8303999999999,1.0,1.0,0,2023,11,3
Toys,252.01,1,47.8,Next-Day,Wallet,60,Male,City16,131.54922,2.0,0.2,0,2024,12,6
Clothing,122.46,2,23.65,Standard,Wallet,28,Female,City58,186.99642,1.0,0.4,0,2022,1,6
Books,1807.65,3,15.48,Next-Day,Credit Card,62,Male,City7,4583.47734,2.0,0.6000000000000001,0,2025,5,6
Electronics,1404.92,2,1.21,Express,Wallet,45,Male,City39,2775.840936,1.5,0.4,0,2024,2,1
Toys,1741.77,1,42.13,Standard,Wallet,32,Female,City36,1007.962299,1.0,0.2,0,2022,2,2
Electronics,379.16,3,1.86,Next-Day,Wallet,25,Female,City5,1116.322872,2.0,0.6000000000000001,1,2025,7,1
Books,1693.95,4,32.25,Next-Day,Wallet,55,Male,City81,4590.6045,2.0,0.8,0,2024,1,1
Clothing,416.12,2,12.2,Standard,COD,61,Female,City77,730.70672,1.0,0.4,0,2025,5,2
Clothing,1092.64,2,36.4,Express,Credit Card,36,Female,City74,1389.8380800000002,1.5,0.4,1,2022,10,5
Electronics,1415.82,4,8.15,Express,COD,26,Male,City53,5201.72268,1.5,0.8,0,2023,9,5
Electronics,734.2,3,20.96,Next-Day,Debit Card,46,Male,City62,1740.9350400000003,2.0,0.6000000000000001,0,2024,12,0
Toys,437.48,2,17.39,Standard,Debit Card,25,Female,City20,722.8044560000001,1.0,0.4,0,2025,7,3
Clothing,481.75,1,5.64,Express,Debit Card,31,Male,City69,454.5793,1.5,0.2,0,2022,6,2
Clothing,1846.48,1,18.0,Next-Day,COD,60,Female,City72,1514.1136,2.0,0.2,0,2023,9,1
Electronics,1105.43,5,35.31,Express,COD,55,Male,City36,3575.513335000001,1.5,1.0,1,2023,3,6
Clothing,146.83,1,4.48,Express,COD,22,Female,City100,140.25201600000003,1.5,0.2,0,2024,4,0
Electronics,435.83,5,10.4,Express,Wallet,40,Female,City69,1952.5184,1.5,1.0,0,2024,9,4
Clothing,478.08,1,35.38,Next-Day,Debit Card,19,Female,City83,308.935296,2.0,0.2,1,2023,4,5
Books,873.32,4,33.81,Standard,COD,26,Female,City18,2312.202032,1.0,0.8,0,2025,6,1
Clothing,1280.77,4,6.17,Next-Day,Credit Card,49,Female,City97,4806.985964,2.0,0.8,0,2023,2,2
Toys,861.65,2,25.58,Standard,COD,24,Male,City62,1282.47986,1.0,0.4,0,2022,4,4
Electronics,1106.76,1,1.58,Next-Day,Debit Card,31,Female,City90,1089.273192,2.0,0.2,0,2024,8,0
Clothing,390.94,4,41.78,Next-Day,COD,28,Male,City28,910.421072,2.0,0.8,1,2025,1,6
Clothing,1006.75,2,10.8,Next-Day,Credit Card,57,Female,City85,1796.042,2.0,0.4,1,2024,5,0
Electronics,1005.8,4,0.19,Next-Day,Wallet,52,Male,City9,4015.55592,2.0,0.8,1,2024,5,2
Clothing,1513.04,4,35.84,Next-Day,Wallet,51,Female,City80,3883.065856,2.0,0.8,0,2022,1,4
Clothing,1789.05,5,7.55,Standard,COD,53,Female,City86,8269.883625,1.0,1.0,0,2024,7,6
Electronics,841.68,2,38.25,Express,COD,23,Male,City85,1039.4747999999995,1.5,0.4,0,2024,10,0
Clothing,1213.73,3,0.9,Next-Day,Wallet,34,Male,City10,3608.41929,2.0,0.6000000000000001,0,2025,1,4
Toys,1150.78,2,13.57,Standard,COD,27,Male,City92,1989.238308,1.0,0.4,0,2025,3,6
Clothing,1865.3,2,37.12,Standard,Debit Card,54,Female,City7,2345.80128,1.0,0.4,1,2025,1,2
Clothing,1307.49,2,45.26,Express,COD,46,Male,City2,1431.440052,1.5,0.4,0,2022,2,0
Toys,1882.18,3,13.2,Express,Wallet,65,Male,City62,4901.19672,1.5,0.6000000000000001,1,2022,2,0
Electronics,1385.07,2,15.59,Next-Day,Credit Card,42,Male,City83,2338.275174,2.0,0.4,0,2022,8,1
Clothing,1115.86,2,40.2,Standard,Wallet,31,Male,City37,1334.56856,1.0,0.4,0,2022,12,0
Toys,836.11,3,1.81,Express,COD,62,Female,City68,2462.929227,1.5,0.6000000000000001,0,2023,1,0
Clothing,1884.74,4,14.45,Express,Wallet,61,Male,City27,6449.58028,1.5,0.8,0,2024,4,6
Toys,534.71,5,9.23,Standard,Credit Card,35,Female,City51,2426.781335,1.0,1.0,0,2025,2,0
Toys,507.95,4,10.05,Express,Debit Card,65,Male,City46,1827.6041,1.5,0.8,0,2025,8,1
Toys,827.2,5,3.04,Next-Day,COD,54,Female,City60,4010.2656,2.0,1.0,1,2022,4,6
Home Appliances,680.79,1,0.28,Express,Wallet,28,Male,City87,678.883788,1.5,0.2,0,2025,6,5
Clothing,1526.34,5,45.69,Standard,Debit Card,20,Male,City16,4144.77627,1.0,1.0,1,2023,6,2
Clothing,228.14,3,40.57,Next-Day,Credit Card,45,Female,City60,406.750806,2.0,0.6000000000000001,1,2025,1,5
Books,1730.64,4,23.21,Next-Day,Wallet,49,Female,City47,5315.833824,2.0,0.8,0,2023,11,3
Home Appliances,154.99,4,10.26,Express,Debit Card,34,Female,City97,556.352104,1.5,0.8,0,2024,12,5
Electronics,209.8,1,34.73,Standard,Wallet,33,Female,City73,136.93646,1.0,0.2,0,2024,11,2
Electronics,837.76,1,31.18,Standard,Debit Card,62,Female,City41,576.546432,1.0,0.2,1,2024,7,2
Home Appliances,1761.47,3,26.46,Next-Day,Wallet,60,Male,City44,3886.155114,2.0,0.6000000000000001,0,2023,4,4
Clothing,1841.67,3,33.05,Standard,Wallet,44,Male,City29,3698.994195,1.0,0.6000000000000001,0,2025,4,1
Toys,366.47,2,42.94,Express,Credit Card,20,Female,City30,418.215564,1.5,0.4,0,2022,3,3
Clothing,1264.96,4,5.66,Next-Day,Credit Card,51,Male,City11,4773.453056,2.0,0.8,0,2023,1,3
Clothing,1540.05,2,6.87,Next-Day,COD,44,Female,City20,2868.49713,2.0,0.4,0,2023,3,0
Toys,1035.48,1,45.39,Next-Day,Debit Card,43,Male,City67,565.475628,2.0,0.2,0,2023,5,1
Electronics,1762.37,2,20.98,Express,Wallet,42,Female,City29,2785.249548,1.5,0.4,1,2024,5,3
Electronics,155.0,4,34.07,Standard,COD,19,Male,City50,408.766,1.0,0.8,1,2023,3,2
Electronics,1844.7,5,45.59,Next-Day,Credit Card,57,Female,City34,5018.506350000001,2.0,1.0,1,2022,7,2
Electronics,1377.49,3,14.13,Express,COD,20,Female,City20,3548.5519890000005,1.5,0.6000000000000001,1,2024,4,5
Clothing,1399.92,2,38.79,Standard,Debit Card,43,Male,City61,1713.7820640000004,1.0,0.4,1,2024,3,2
Clothing,1957.68,2,10.86,Express,Debit Card,21,Male,City26,3490.151904,1.5,0.4,0,2025,4,2
Clothing,1474.18,4,18.11,Standard,Credit Card,47,Male,City24,4828.824008,1.0,0.8,0,2024,5,2
Electronics,1968.66,3,21.32,Express,Wallet,38,Female,City16,4646.825064,1.5,0.6000000000000001,1,2023,3,6
Books,1530.49,3,43.4,Next-Day,COD,22,Male,City74,2598.7720200000003,2.0,0.6000000000000001,0,2023,6,5
Electronics,1169.73,2,32.42,Standard,Wallet,56,Female,City3,1581.007068,1.0,0.4,0,2025,8,2
Electronics,1059.0,5,16.21,Next-Day,Debit Card,22,Female,City83,4436.6805,2.0,1.0,0,2022,12,4
Electronics,1780.74,4,47.04,Next-Day,Debit Card,47,Female,City61,3772.3196160000007,2.0,0.8,1,2023,9,3
Electronics,771.4,1,16.43,Standard,COD,42,Female,City56,644.6589799999999,1.0,0.2,1,2024,12,6
Electronics,836.77,5,8.65,Next-Day,Debit Card,47,Male,City84,3821.946975,2.0,1.0,0,2025,2,3
Clothing,959.68,5,26.19,Standard,Wallet,57,Female,City82,3541.6990399999995,1.0,1.0,1,2024,4,1
Electronics,846.83,4,18.86,Express,COD,26,Female,City6,2748.471448,1.5,0.8,1,2023,12,2
Books,438.77,1,34.04,Standard,Wallet,50,Male,City31,289.412692,1.0,0.2,0,2024,12,2
Clothing,1870.75,5,43.15,Next-Day,Wallet,42,Male,City91,5317.606875,2.0,1.0,0,2022,3,5
Clothing,1007.92,5,8.14,Express,Wallet,44,Female,City94,4629.37656,1.5,1.0,0,2024,2,3
Toys,1125.36,4,12.94,Next-Day,Debit Card,44,Male,City47,3918.953664,2.0,0.8,1,2025,2,1
Clothing,187.93,3,39.24,Standard,Credit Card,32,Female,City55,342.55880399999995,1.0,0.6000000000000001,0,2025,6,2
Clothing,990.66,3,17.51,Standard,COD,50,Male,City52,2451.586302,1.0,0.6000000000000001,0,2024,7,2
Toys,422.15,4,41.02,Express,Credit Card,56,Female,City68,995.93628,1.5,0.8,1,2025,2,6
Clothing,1535.5,4,31.12,Next-Day,COD,57,Male,City93,4230.6096,2.0,0.8,1,2025,2,5
Clothing,631.51,1,38.05,Next-Day,Credit Card,23,Female,City49,391.220445,2.0,0.2,1,2022,4,4
Electronics,478.01,5,18.09,Express,Credit Card,27,Male,City24,1957.689955,1.5,1.0,0,2024,6,4
Electronics,1262.78,5,49.17,Next-Day,COD,48,Female,City23,3209.35537,2.0,1.0,0,2024,5,0
Clothing,1990.94,1,39.05,Express,Debit Card,52,Male,City98,1213.47793,1.5,0.2,0,2022,7,5
Electronics,363.09,2,29.64,Express,COD,51,Male,City54,510.940248,1.5,0.4,0,2024,11,5
Electronics,699.83,3,5.05,Express,Credit Card,39,Female,City40,1993.465755,1.5,0.6000000000000001,0,2022,9,3
Electronics,1990.22,5,23.98,Standard,Credit Card,61,Female,City17,7564.82622,1.0,1.0,0,2024,9,2
Clothing,596.92,5,6.95,Next-Day,Wallet,54,Male,City95,2777.1703,2.0,1.0,0,2023,7,6
Clothing,1352.5,4,44.85,Next-Day,Debit Card,19,Male,City18,2983.615,2.0,0.8,1,2025,7,6
Home Appliances,1839.87,3,28.65,Standard,Debit Card,48,Male,City1,3938.241735,1.0,0.6000000000000001,0,2023,5,4
Clothing,1865.97,2,4.26,Express,Credit Card,61,Female,City61,3572.9593560000003,1.5,0.4,1,2025,3,3
Electronics,1407.77,1,9.06,Next-Day,Credit Card,26,Male,City16,1280.226038,2.0,0.2,0,2025,6,0
Clothing,1802.9,3,45.68,Next-Day,Debit Card,32,Female,City90,2938.0058400000003,2.0,0.6000000000000001,0,2023,5,3
Books,1404.1,3,44.23,Standard,COD,42,Female,City33,2349.19971,1.0,0.6000000000000001,0,2023,12,6
Electronics,495.9,4,49.74,Standard,Debit Card,50,Female,City84,996.95736,1.0,0.8,0,2022,6,0
Electronics,368.95,2,23.64,Next-Day,COD,19,Male,City86,563.4604400000001,2.0,0.4,0,2025,3,6
Clothing,1354.56,5,30.54,Express,Debit Card,36,Female,City8,4704.386879999999,1.5,1.0,1,2023,7,5
Electronics,1067.83,5,18.62,Next-Day,Credit Card,48,Male,City50,4345.00027,2.0,1.0,0,2024,4,1
Electronics,551.38,4,47.5,Express,Debit Card,54,Female,City35,1157.898,1.5,0.8,0,2025,5,2
Clothing,642.92,1,27.54,Express,Credit Card,36,Male,City6,465.859832,1.5,0.2,1,2024,9,4
Books,1377.15,1,2.18,Next-Day,Credit Card,61,Female,City85,1347.12813,2.0,0.2,0,2022,7,0
Clothing,377.25,5,10.21,Express,COD,63,Female,City66,1693.663875,1.5,1.0,0,2024,10,5
Books,1683.74,2,1.48,Express,Credit Card,24,Female,City17,3317.641296,1.5,0.4,1,2022,1,1
Books,305.91,4,22.39,Express,Debit Card,22,Female,City27,949.667004,1.5,0.8,0,2023,8,0
Clothing,1782.22,3,5.13,Express,Credit Card,31,Male,City1,5072.376342,1.5,0.6000000000000001,1,2023,11,6
Electronics,445.51,4,38.81,Express,Debit Card,29,Male,City81,1090.430276,1.5,0.8,0,2022,7,6
Toys,1744.9,5,41.46,Standard,Debit Card,29,Female,City74,5107.322299999999,1.0,1.0,0,2022,6,4
Home Appliances,757.78,4,14.54,Next-Day,Credit Card,29,Male,City29,2590.395152,2.0,0.8,0,2023,6,6
Clothing,1145.03,4,43.76,Standard,COD,22,Female,City16,2575.859488,1.0,0.8,1,2022,8,4
Clothing,1184.45,4,40.11,Standard,Wallet,51,Male,City16,2837.46842,1.0,0.8,1,2024,7,5
Clothing,641.99,3,35.56,Next-Day,Credit Card,51,Male,City87,1241.095068,2.0,0.6000000000000001,0,2025,1,5
Clothing,1530.2,5,27.04,Next-Day,Debit Card,39,Male,City16,5582.1696,2.0,1.0,0,2023,10,3
Clothing,844.64,2,34.48,Express,COD,60,Male,City53,1106.816256,1.5,0.4,0,2022,1,3
Clothing,762.69,3,0.3,Standard,Wallet,54,Male,City21,2281.20579,1.0,0.6000000000000001,1,2025,1,2
Home Appliances,1980.46,2,14.23,Next-Day,Debit Card,30,Male,City37,3397.281084,2.0,0.4,0,2024,4,4
Clothing,1833.86,1,34.89,Express,Credit Card,47,Female,City48,1194.026246,1.5,0.2,1,2024,10,1
Home Appliances,1930.75,4,0.8,Standard,COD,35,Male,City34,7661.216,1.0,0.8,0,2025,4,5
Clothing,871.96,1,17.51,Next-Day,Debit Card,59,Female,City73,719.279804,2.0,0.2,0,2023,11,4
Home Appliances,468.18,1,48.1,Standard,Wallet,49,Male,City100,242.98541999999995,1.0,0.2,0,2024,6,5
Electronics,1855.59,4,23.8,Express,Credit Card,36,Female,City66,5655.83832,1.5,0.8,0,2022,5,3
Clothing,790.54,2,44.29,Standard,Wallet,22,Female,City20,880.8196679999999,1.0,0.4,0,2022,9,2
Electronics,1477.73,1,12.53,Next-Day,Wallet,46,Male,City8,1292.570431,2.0,0.2,0,2024,8,3
Electronics,897.11,1,21.86,Next-Day,Wallet,43,Male,City82,701.001754,2.0,0.2,1,2024,5,5
Electronics,1574.62,2,33.29,Next-Day,Wallet,23,Female,City12,2100.858004,2.0,0.4,0,2024,11,2
Electronics,442.17,1,20.75,Next-Day,Wallet,55,Female,City42,350.419725,2.0,0.2,1,2022,12,3
Electronics,920.29,5,22.47,Express,Debit Card,34,Male,City97,3567.504185,1.5,1.0,0,2025,8,1
Books,129.01,1,46.65,Standard,Wallet,64,Female,City66,68.826835,1.0,0.2,0,2025,7,1
Electronics,1046.86,4,16.3,Next-Day,Wallet,56,Male,City43,3504.8872799999995,2.0,0.8,0,2024,11,4
Clothing,143.81,4,38.99,Express,Credit Card,27,Female,City80,350.953924,1.5,0.8,0,2024,5,2
Clothing,1270.98,2,36.86,Next-Day,Wallet,41,Male,City99,1604.993544,2.0,0.4,0,2024,12,0
Books,1661.67,4,42.16,Express,COD,33,Female,City63,3844.439712,1.5,0.8,0,2025,4,3
Clothing,1910.89,3,45.74,Express,Debit Card,31,Male,City8,3110.546742,1.5,0.6000000000000001,1,2025,8,4
Toys,1447.7,2,27.34,Standard,Wallet,65,Male,City99,2103.79764,1.0,0.4,0,2025,5,1
Home Appliances,1253.11,5,45.64,Next-Day,Wallet,43,Female,City57,3405.95298,2.0,1.0,0,2022,11,1
Electronics,484.99,1,3.44,Next-Day,Debit Card,60,Male,City68,468.306344,2.0,0.2,0,2024,4,2
Books,1525.06,4,44.57,Express,COD,42,Female,City3,3381.363032,1.5,0.8,0,2025,6,6
Electronics,459.25,3,1.06,Express,Debit Card,39,Male,City24,1363.14585,1.5,0.6000000000000001,0,2022,9,0
Electronics,247.54,2,10.89,Express,Wallet,40,Male,City12,441.165788,1.5,0.4,1,2023,3,2
Electronics,520.75,5,38.88,Standard,COD,32,Female,City24,1591.4119999999998,1.0,1.0,1,2022,11,0
Books,618.76,4,16.57,Standard,Credit Card,53,Male,City88,2064.9258720000003,1.0,0.8,0,2024,8,2
Home Appliances,366.91,5,38.84,Next-Day,Wallet,20,Female,City8,1122.01078,2.0,1.0,1,2022,3,3
Clothing,847.42,2,16.41,Next-Day,Debit Card,61,Male,City92,1416.7167559999998,2.0,0.4,1,2022,9,6
Electronics,419.31,3,41.62,Next-Day,COD,50,Female,City82,734.3795340000001,2.0,0.6000000000000001,0,2023,4,6
Home Appliances,1265.42,5,17.72,Next-Day,Wallet,48,Female,City63,5205.93788,2.0,1.0,0,2023,2,3
Books,101.79,2,20.35,Next-Day,Wallet,46,Male,City47,162.15147000000002,2.0,0.4,0,2025,4,4
Books,474.88,3,47.41,Express,Wallet,19,Female,City57,749.218176,1.5,0.6000000000000001,0,2022,4,0
Books,195.02,4,24.66,Next-Day,Wallet,43,Female,City51,587.712272,2.0,0.8,0,2022,3,6
Clothing,946.25,5,26.33,Standard,COD,49,Female,City36,3485.511875,1.0,1.0,0,2025,1,4
Home Appliances,1915.06,2,8.46,Next-Day,Debit Card,24,Female,City47,3506.091848,2.0,0.4,0,2022,10,6
Home Appliances,1813.97,5,46.41,Standard,Credit Card,34,Male,City21,4860.532615000001,1.0,1.0,0,2022,7,5
Books,1222.67,4,45.93,Next-Day,Debit Card,38,Female,City74,2644.390676,2.0,0.8,0,2024,5,0
Clothing,694.9,5,9.02,Next-Day,COD,48,Female,City7,3161.1001,2.0,1.0,1,2022,9,0
Toys,1647.76,1,15.7,Express,Credit Card,59,Male,City94,1389.06168,1.5,0.2,0,2024,3,3
Clothing,1040.21,2,45.35,Standard,Wallet,33,Male,City77,1136.94953,1.0,0.4,1,2023,12,6
Toys,1760.95,1,1.68,Express,COD,61,Female,City74,1731.36604,1.5,0.2,0,2022,1,0
Clothing,915.9,4,35.49,Next-Day,Debit Card,40,Male,City37,2363.38836,2.0,0.8,0,2024,2,0
Electronics,1968.92,5,29.22,Express,Wallet,22,Female,City89,6968.00788,1.5,1.0,0,2023,11,1
Clothing,1943.14,1,4.34,Express,Debit Card,64,Female,City49,1858.807724,1.5,0.2,0,2025,6,5
Books,1578.74,5,20.47,Standard,Debit Card,64,Male,City64,6277.85961,1.0,1.0,0,2023,1,5
Clothing,1504.85,4,7.44,Next-Day,Debit Card,39,Female,City36,5571.55664,2.0,0.8,1,2023,11,5
Books,1159.73,5,27.85,Next-Day,Credit Card,52,Male,City68,4183.725975,2.0,1.0,1,2024,5,2
Home Appliances,1325.92,3,26.7,Express,COD,19,Male,City23,2915.69808,1.5,0.6000000000000001,0,2025,3,1
Toys,1898.87,4,17.27,Standard,Wallet,52,Male,City98,6283.740604,1.0,0.8,0,2024,7,3
Books,1257.54,5,5.82,Express,Debit Card,52,Female,City73,5921.755859999999,1.5,1.0,0,2022,2,4
Home Appliances,1141.81,1,28.02,Standard,Wallet,18,Male,City37,821.874838,1.0,0.2,0,2023,7,6
Clothing,1959.09,4,49.37,Standard,Wallet,43,Male,City21,3967.549068,1.0,0.8,0,2024,2,5
Toys,692.23,1,42.63,Next-Day,Debit Card,55,Male,City35,397.132351,2.0,0.2,0,2024,8,5
Electronics,431.65,5,8.08,Standard,Wallet,45,Male,City89,1983.8634,1.0,1.0,0,2022,3,1
Electronics,337.75,3,20.5,Express,Debit Card,48,Female,City20,805.53375,1.5,0.6000000000000001,1,2024,1,3
Electronics,1572.05,3,11.63,Next-Day,COD,44,Female,City1,4167.661754999999,2.0,0.6000000000000001,0,2025,5,3
Home Appliances,950.49,3,42.1,Standard,Debit Card,64,Male,City23,1651.00113,1.0,0.6000000000000001,0,2023,9,0
Books,1570.52,5,26.65,Standard,COD,39,Male,City73,5759.882100000001,1.0,1.0,0,2024,7,6
Home Appliances,980.36,3,42.62,Express,COD,35,Female,City38,1687.5917040000002,1.5,0.6000000000000001,0,2024,6,5
Clothing,182.35,5,1.63,Express,Wallet,48,Female,City64,896.888475,1.5,1.0,1,2022,12,1
Clothing,1374.55,2,41.1,Standard,Wallet,54,Female,City83,1619.2198999999998,1.0,0.4,0,2024,9,0
Books,1656.37,2,19.27,Next-Day,Credit Card,36,Female,City51,2674.375002,2.0,0.4,0,2024,10,1
Toys,683.8,4,49.87,Next-Day,Wallet,44,Male,City93,1371.15576,2.0,0.8,0,2024,11,5
Books,662.0,5,25.4,Next-Day,Credit Card,24,Male,City4,2469.26,2.0,1.0,0,2023,9,5
Clothing,1718.14,4,37.93,Express,Credit Card,56,Female,City6,4265.797992000001,1.5,0.8,0,2023,3,4
Clothing,712.26,2,22.16,Express,Credit Card,55,Female,City99,1108.846368,1.5,0.4,0,2024,11,5
Electronics,115.49,4,42.69,Next-Day,Wallet,33,Male,City81,264.74927599999995,2.0,0.8,0,2025,8,0
Clothing,1978.26,3,19.5,Standard,Debit Card,26,Female,City17,4777.497899999999,1.0,0.6000000000000001,0,2023,1,6
Books,103.01,4,40.27,Standard,Wallet,31,Female,City30,246.111492,1.0,0.8,0,2022,3,0
Books,392.35,5,6.0,Next-Day,Wallet,53,Female,City41,1844.045,2.0,1.0,0,2024,6,6
Clothing,374.48,1,26.84,Next-Day,Wallet,23,Male,City96,273.96956800000004,2.0,0.2,1,2024,4,6
Clothing,235.12,1,19.38,Express,Debit Card,62,Male,City4,189.553744,1.5,0.2,1,2022,11,2
Clothing,1946.0,2,17.56,Next-Day,COD,51,Female,City63,3208.5648,2.0,0.4,0,2024,7,0
Electronics,1163.77,2,15.71,Next-Day,Wallet,44,Male,City92,1961.883466,2.0,0.4,0,2022,6,4
Clothing,936.84,3,35.67,Next-Day,Credit Card,60,Male,City74,1808.007516,2.0,0.6000000000000001,0,2023,5,0
Clothing,1480.82,5,0.07,Next-Day,Credit Card,23,Female,City48,7398.917129999999,2.0,1.0,1,2022,10,3
Books,1718.08,2,41.51,Express,Credit Card,36,Male,City53,2009.809984,1.5,0.4,0,2024,4,5
Electronics,111.87,2,16.25,Standard,Wallet,43,Male,City48,187.38225,1.0,0.4,1,2024,1,1
Electronics,1812.0,5,1.74,Standard,Debit Card,27,Female,City88,8902.356,1.0,1.0,0,2024,2,0
Toys,1505.02,4,43.28,Express,Debit Card,63,Male,City47,3414.5893759999994,1.5,0.8,0,2025,1,6
Clothing,469.18,3,48.58,Express,Credit Card,41,Female,City95,723.757068,1.5,0.6000000000000001,0,2024,4,0
Toys,953.33,5,38.37,Standard,Debit Card,54,Male,City28,2937.6863950000006,1.0,1.0,0,2023,9,6
Clothing,1627.04,4,13.83,Express,Debit Card,42,Female,City6,5608.081472,1.5,0.8,1,2023,8,5
Books,871.46,2,44.28,Standard,Debit Card,34,Male,City48,971.155024,1.0,0.4,1,2023,4,2
Clothing,434.29,3,46.6,Express,Credit Card,21,Male,City91,695.7325800000001,1.5,0.6000000000000001,1,2025,7,3
Clothing,1549.12,3,17.38,Standard,Debit Card,31,Female,City53,3839.648832,1.0,0.6000000000000001,0,2023,6,2
Toys,1874.35,1,27.87,Standard,COD,22,Female,City79,1351.968655,1.0,0.2,0,2023,4,2
Electronics,194.28,1,18.58,Next-Day,Debit Card,45,Female,City26,158.18277600000002,2.0,0.2,1,2025,2,3
Clothing,216.09,2,36.96,Express,Credit Card,26,Male,City64,272.446272,1.5,0.4,1,2024,9,4
Electronics,121.11,4,12.37,Standard,Wallet,24,Female,City45,424.514772,1.0,0.8,0,2025,3,4
Books,1675.99,2,27.67,Next-Day,Wallet,39,Male,City12,2424.487134,2.0,0.4,1,2024,10,2
Clothing,1295.02,4,9.07,Next-Day,Debit Card,62,Male,City64,4710.246744,2.0,0.8,0,2025,6,1
Home Appliances,367.23,4,28.05,Next-Day,COD,32,Female,City78,1056.88794,2.0,0.8,0,2024,3,4
Clothing,260.19,1,37.18,Next-Day,Credit Card,40,Female,City17,163.451358,2.0,0.2,1,2024,11,3
Clothing,886.06,3,9.51,Standard,Debit Card,57,Female,City96,2405.387082,1.0,0.6000000000000001,0,2023,6,0
Toys,1891.66,1,12.47,Next-Day,Wallet,55,Female,City28,1655.769998,2.0,0.2,0,2024,7,6
Clothing,1800.33,3,23.15,Express,Credit Card,36,Female,City39,4150.660814999999,1.5,0.6000000000000001,0,2024,12,1
Clothing,1352.26,1,48.47,Standard,Wallet,35,Male,City71,696.8195780000001,1.0,0.2,0,2022,5,0
Clothing,348.05,1,42.15,Standard,COD,34,Male,City28,201.346925,1.0,0.2,1,2024,11,0
Clothing,1139.59,3,9.17,Next-Day,Debit Card,43,Male,City91,3105.2687909999995,2.0,0.6000000000000001,0,2022,5,2
Electronics,546.94,3,44.48,Express,COD,29,Male,City55,910.9832640000002,1.5,0.6000000000000001,0,2022,7,4
Clothing,981.88,5,44.69,Standard,COD,19,Female,City59,2715.38914,1.0,1.0,0,2023,1,2
Electronics,797.48,3,23.46,Standard,Credit Card,57,Male,City33,1831.173576,1.0,0.6000000000000001,1,2025,6,1
Books,1747.78,1,6.58,Standard,COD,52,Female,City86,1632.776076,1.0,0.2,0,2022,5,0
Electronics,110.81,5,4.91,Standard,Debit Card,54,Male,City60,526.846145,1.0,1.0,0,2025,7,2
Books,1679.14,3,23.63,Express,COD,40,Female,City38,3847.077654,1.5,0.6000000000000001,0,2024,9,3
Clothing,821.15,1,44.72,Standard,Wallet,23,Male,City57,453.9317199999999,1.0,0.2,0,2024,7,2
Books,815.1,2,38.21,Standard,COD,49,Female,City56,1007.30058,1.0,0.4,1,2024,3,6
Clothing,1274.8,2,26.16,Express,Debit Card,19,Male,City86,1882.62464,1.5,0.4,1,2022,10,3
Toys,1320.48,5,38.87,Standard,COD,50,Male,City84,4036.0471199999993,1.0,1.0,0,2024,12,1
Clothing,173.4,4,20.98,Next-Day,Wallet,32,Male,City48,548.08272,2.0,0.8,0,2025,8,1
Books,206.52,3,8.16,Next-Day,Wallet,54,Male,City77,569.003904,2.0,0.6000000000000001,0,2023,8,1
Electronics,1282.68,2,1.02,Express,Credit Card,45,Female,City88,2539.1933280000003,1.5,0.4,1,2025,7,2
Home Appliances,638.51,3,41.46,Next-Day,COD,25,Female,City19,1121.351262,2.0,0.6000000000000001,0,2022,11,5
Clothing,390.68,1,10.68,Standard,Debit Card,22,Male,City21,348.955376,1.0,0.2,0,2022,5,0
Electronics,872.59,2,47.11,Express,Credit Card,38,Male,City98,923.025702,1.5,0.4,1,2025,4,5
Toys,1733.14,3,39.09,Standard,Credit Card,42,Male,City5,3166.966722,1.0,0.6000000000000001,0,2025,2,3
Clothing,1155.04,5,39.07,Express,Credit Card,51,Male,City46,3518.82936,1.5,1.0,0,2023,1,3
Books,295.68,1,1.7,Express,Debit Card,55,Female,City33,290.65344,1.5,0.2,0,2023,9,6
Clothing,1379.16,1,41.48,Standard,Credit Card,38,Male,City97,807.0844320000001,1.0,0.2,0,2023,10,3
Clothing,972.2,2,1.07,Express,COD,32,Male,City88,1923.59492,1.5,0.4,0,2022,6,4
Books,1925.71,2,10.81,Standard,Debit Card,60,Female,City73,3435.081498,1.0,0.4,0,2023,2,5
Clothing,364.34,2,16.5,Express,Debit Card,45,Female,City83,608.4477999999999,1.5,0.4,0,2022,9,0
Electronics,814.69,4,40.3,Next-Day,COD,55,Female,City54,1945.47972,2.0,0.8,0,2023,7,1
Toys,1202.06,2,6.76,Standard,Credit Card,26,Female,City55,2241.601488,1.0,0.4,0,2024,11,2
Clothing,670.45,1,37.43,Next-Day,Debit Card,36,Female,City1,419.500565,2.0,0.2,1,2023,1,0
Toys,1483.26,4,5.69,Standard,Debit Card,39,Female,City41,5595.450024000001,1.0,0.8,0,2023,5,4
Home Appliances,1153.25,1,6.46,Standard,Debit Card,34,Male,City15,1078.75005,1.0,0.2,0,2025,5,2
Clothing,1870.27,2,18.2,Express,Debit Card,41,Female,City33,3059.7617200000004,1.5,0.4,1,2022,10,3
Books,1366.55,2,6.42,Standard,Wallet,28,Male,City5,2557.63498,1.0,0.4,0,2024,12,4
Electronics,1409.64,4,39.54,Next-Day,Debit Card,34,Male,City35,3409.0733760000003,2.0,0.8,0,2023,2,1
Home Appliances,1950.78,3,33.69,Standard,Wallet,57,Female,City2,3880.686654,1.0,0.6000000000000001,1,2024,11,3
Clothing,1453.67,3,0.11,Express,Wallet,24,Female,City20,4356.212889,1.5,0.6000000000000001,1,2023,8,3
Books,753.41,3,24.16,Standard,Wallet,59,Female,City63,1714.158432,1.0,0.6000000000000001,0,2024,9,4
Electronics,477.97,4,28.94,Next-Day,COD,24,Female,City99,1358.581928,2.0,0.8,0,2024,4,6
Toys,1520.4,4,28.48,Express,Debit Card,25,Female,City67,4349.5603200000005,1.5,0.8,0,2022,8,3
Electronics,1392.58,1,25.66,Next-Day,Credit Card,49,Female,City13,1035.243972,2.0,0.2,0,2022,1,5
Electronics,1139.97,5,15.89,Express,Wallet,51,Female,City8,4794.143835,1.5,1.0,0,2022,5,0
Home Appliances,1059.21,4,28.85,Express,Wallet,34,Female,City31,3014.51166,1.5,0.8,0,2025,2,1
Clothing,726.66,1,49.73,Standard,Debit Card,31,Male,City85,365.291982,1.0,0.2,1,2022,5,1
Clothing,528.88,4,41.02,Standard,Wallet,30,Female,City37,1247.733696,1.0,0.8,0,2022,6,1
Clothing,1265.47,2,36.02,Standard,Debit Card,20,Male,City77,1619.295412,1.0,0.4,1,2022,7,6
Books,399.8,4,20.0,Next-Day,Credit Card,65,Male,City68,1279.36,2.0,0.8,0,2023,12,0
Electronics,1431.8,5,37.17,Standard,Wallet,38,Female,City82,4497.999699999999,1.0,1.0,0,2022,2,1
Books,1259.55,3,37.08,Express,Credit Card,53,Male,City91,2377.52658,1.5,0.6000000000000001,0,2022,11,1
Clothing,893.72,5,23.51,Express,Credit Card,55,Female,City38,3418.0321400000003,1.5,1.0,0,2022,9,3
Toys,1583.51,3,30.5,Standard,Debit Card,42,Female,City48,3301.61835,1.0,0.6000000000000001,1,2025,5,3
Home Appliances,1363.4,4,24.12,Express,Wallet,23,Male,City16,4138.191680000001,1.5,0.8,0,2024,8,3
Clothing,1351.13,2,9.69,Express,COD,60,Male,City93,2440.4110060000003,1.5,0.4,1,2022,6,1
Electronics,964.54,1,17.69,Standard,Debit Card,26,Female,City64,793.9128739999999,1.0,0.2,1,2022,12,6
Electronics,300.6,4,18.96,Standard,Wallet,51,Male,City2,974.42496,1.0,0.8,0,2025,3,0
Clothing,1646.58,3,44.73,Standard,Credit Card,61,Female,City18,2730.194298,1.0,0.6000000000000001,1,2024,12,1
Clothing,901.45,3,22.16,Next-Day,COD,58,Female,City23,2105.06604,2.0,0.6000000000000001,0,2024,3,0
Electronics,452.59,5,8.69,Standard,Credit Card,42,Female,City96,2066.299645,1.0,1.0,0,2024,1,3
Books,1641.33,3,37.59,Express,Debit Card,46,Male,City89,3073.062159,1.5,0.6000000000000001,0,2025,2,2
Clothing,444.77,1,48.74,Standard,Wallet,26,Female,City93,227.989102,1.0,0.2,0,2022,10,5
Home Appliances,1775.61,2,26.23,Express,Wallet,26,Female,City8,2619.734994,1.5,0.4,0,2024,2,6
Clothing,762.47,4,28.53,Next-Day,COD,23,Male,City77,2179.749236,2.0,0.8,1,2024,1,3
Clothing,929.99,1,20.74,Express,Wallet,47,Female,City16,737.1100739999999,1.5,0.2,1,2024,3,1
Electronics,1185.6,4,22.91,Express,Wallet,27,Female,City99,3655.91616,1.5,0.8,0,2023,6,3
Electronics,668.89,2,13.45,Express,Credit Card,24,Female,City26,1157.84859,1.5,0.4,0,2025,9,0
Home Appliances,587.84,4,20.48,Next-Day,Debit Card,63,Female,City82,1869.801472,2.0,0.8,0,2023,8,4
Clothing,1691.73,4,4.86,Next-Day,Debit Card,29,Male,City32,6438.047688000001,2.0,0.8,0,2024,6,5
Clothing,1887.23,4,10.07,Next-Day,Credit Card,40,Male,City39,6788.743756,2.0,0.8,0,2024,7,6
Electronics,1764.04,1,43.35,Express,Wallet,24,Male,City26,999.32866,1.5,0.2,0,2024,5,3
Clothing,183.03,5,11.66,Next-Day,COD,21,Male,City3,808.44351,2.0,1.0,1,2023,4,4
Clothing,958.81,1,29.48,Standard,Credit Card,53,Male,City41,676.152812,1.0,0.2,0,2025,8,6
Toys,1277.55,3,26.93,Standard,Debit Card,30,Female,City41,2800.517355,1.0,0.6000000000000001,0,2022,6,3
Home Appliances,1563.88,5,34.1,Next-Day,Wallet,57,Female,City32,5152.984600000001,2.0,1.0,1,2024,2,3
Toys,1961.27,1,27.08,Express,Wallet,56,Female,City30,1430.158084,1.5,0.2,1,2023,5,4
Electronics,888.67,1,7.61,Express,Debit Card,62,Male,City38,821.042213,1.5,0.2,0,2023,6,0
Home Appliances,1225.65,2,5.09,Standard,Debit Card,43,Male,City70,2326.52883,1.0,0.4,0,2024,1,3
Clothing,1547.48,2,21.88,Standard,COD,33,Female,City36,2417.782752,1.0,0.4,0,2025,5,3
Books,271.48,1,39.71,Express,COD,39,Female,City49,163.675292,1.5,0.2,0,2022,7,0
Toys,1972.96,2,11.68,Next-Day,Debit Card,23,Female,City100,3485.036544,2.0,0.4,0,2022,5,4
Toys,214.25,4,26.97,Express,Wallet,63,Male,City88,625.8670999999999,1.5,0.8,0,2023,1,1
Toys,567.98,1,15.03,Next-Day,Wallet,49,Female,City88,482.612606,2.0,0.2,0,2024,11,6
Toys,1368.54,5,11.23,Next-Day,COD,55,Female,City49,6074.264789999999,2.0,1.0,0,2024,5,4
Clothing,1842.22,1,33.67,Express,Wallet,34,Female,City59,1221.944526,1.5,0.2,0,2024,10,5
Books,137.27,4,40.36,Next-Day,Wallet,65,Male,City36,327.47131200000007,2.0,0.8,0,2023,10,2
Toys,552.8,3,47.93,Express,Wallet,62,Female,City37,863.5288799999998,1.5,0.6000000000000001,1,2024,12,2
Electronics,1322.74,5,35.75,Next-Day,Wallet,39,Male,City42,4249.302250000001,2.0,1.0,0,2024,10,2
Electronics,961.87,4,29.1,Next-Day,Debit Card,31,Male,City50,2727.86332,2.0,0.8,0,2022,9,6
Clothing,1434.36,2,48.96,Next-Day,COD,56,Female,City87,1464.1946879999998,2.0,0.4,0,2022,2,1
Clothing,443.63,5,18.33,Standard,Debit Card,22,Female,City37,1811.563105,1.0,1.0,0,2023,1,4
Clothing,909.68,3,28.61,Express,Debit Card,40,Female,City51,1948.261656,1.5,0.6000000000000001,1,2024,9,5
Clothing,347.9,5,15.32,Next-Day,Credit Card,32,Female,City91,1473.0086,2.0,1.0,0,2025,5,6
Electronics,1033.43,3,26.55,Express,Wallet,24,Male,City37,2277.163005,1.5,0.6000000000000001,0,2022,5,6
Clothing,544.13,3,11.82,Standard,COD,28,Male,City33,1439.441502,1.0,0.6000000000000001,0,2022,7,6
Clothing,1769.78,2,12.5,Express,COD,36,Female,City13,3097.115,1.5,0.4,1,2023,3,3
Electronics,986.94,5,15.69,Express,COD,59,Male,City84,4160.445570000001,1.5,1.0,0,2023,3,4
Books,225.77,5,1.46,Next-Day,Debit Card,54,Male,City27,1112.3687900000002,2.0,1.0,0,2023,1,4
Electronics,767.07,3,21.96,Standard,COD,65,Male,City84,1795.864284,1.0,0.6000000000000001,1,2024,5,3
Electronics,1711.89,4,48.45,Standard,Wallet,18,Male,City13,3529.91718,1.0,0.8,0,2023,1,3
Home Appliances,195.26,3,47.63,Standard,Debit Card,35,Female,City47,306.772986,1.0,0.6000000000000001,1,2024,2,3
Home Appliances,428.83,3,17.22,Standard,Debit Card,53,Female,City78,1064.956422,1.0,0.6000000000000001,0,2022,5,4
Electronics,1970.96,1,10.53,Standard,Credit Card,61,Female,City31,1763.417912,1.0,0.2,0,2024,1,1
Clothing,1551.06,4,16.93,Next-Day,Wallet,31,Female,City40,5153.862168,2.0,0.8,0,2022,3,1
Home Appliances,294.78,3,22.66,Standard,Wallet,63,Female,City71,683.9485559999999,1.0,0.6000000000000001,1,2022,6,5
Electronics,408.17,2,41.1,Standard,Debit Card,32,Female,City45,480.82426,1.0,0.4,0,2025,1,0
Toys,252.78,4,0.28,Standard,Credit Card,46,Male,City1,1008.288864,1.0,0.8,0,2022,6,6
Electronics,542.06,4,5.23,Express,Wallet,48,Female,City42,2054.841048,1.5,0.8,0,2023,4,1
Toys,115.81,1,41.62,Express,Credit Card,29,Female,City41,67.60987800000001,1.5,0.2,0,2023,7,0
Electronics,1542.63,5,35.99,Express,Credit Card,21,Male,City88,4937.187315,1.5,1.0,1,2024,9,3
Electronics,812.1,5,22.75,Next-Day,Credit Card,33,Female,City35,3136.73625,2.0,1.0,0,2022,4,4
Home Appliances,492.4,5,8.29,Express,Debit Card,33,Male,City30,2257.9002,1.5,1.0,0,2024,3,2
Toys,997.86,3,31.23,Express,Credit Card,34,Male,City48,2058.684966,1.5,0.6000000000000001,1,2024,5,4
Home Appliances,1314.74,2,17.65,Express,Credit Card,35,Male,City30,2165.37678,1.5,0.4,1,2023,9,6
Electronics,670.68,4,18.19,Next-Day,Debit Card,58,Male,City74,2194.733232,2.0,0.8,0,2023,3,4
Clothing,1439.29,5,49.5,Express,Debit Card,38,Female,City30,3634.20725,1.5,1.0,0,2022,1,5
Electronics,435.01,2,9.08,Express,Wallet,20,Female,City15,791.022184,1.5,0.4,0,2024,8,3
Toys,959.75,5,17.28,Standard,Credit Card,32,Female,City87,3969.526,1.0,1.0,0,2022,4,1
Electronics,1124.97,5,15.34,Next-Day,Debit Card,59,Female,City1,4761.99801,2.0,1.0,0,2024,9,2
Electronics,1408.1,4,9.03,Standard,Wallet,48,Male,City35,5123.794279999999,1.0,0.8,0,2022,7,2
Books,1447.49,3,12.61,Next-Day,Credit Card,22,Female,City38,3794.884533,2.0,0.6000000000000001,0,2023,11,0
Clothing,1103.38,1,19.73,Next-Day,Debit Card,62,Male,City23,885.683126,2.0,0.2,1,2023,2,4
Clothing,911.05,2,39.68,Standard,Credit Card,23,Male,City29,1099.09072,1.0,0.4,0,2022,8,0
Electronics,1628.38,4,3.89,Next-Day,Wallet,35,Female,City79,6260.144072,2.0,0.8,1,2022,9,6
Clothing,627.93,2,23.05,Standard,Debit Card,50,Female,City26,966.38427,1.0,0.4,0,2023,6,3
Home Appliances,204.06,1,17.77,Standard,COD,35,Female,City75,167.798538,1.0,0.2,0,2022,12,3
Toys,733.84,5,13.81,Express,Debit Card,19,Female,City68,3162.4834800000003,1.5,1.0,1,2025,7,4
Electronics,629.06,4,46.93,Express,Debit Card,24,Female,City52,1335.368568,1.5,0.8,1,2023,5,2
Electronics,845.86,4,20.84,Express,Wallet,25,Female,City6,2678.331104,1.5,0.8,0,2022,12,2
Toys,226.38,3,48.36,Next-Day,COD,25,Male,City76,350.70789599999995,2.0,0.6000000000000001,1,2022,9,3
Clothing,1835.7,5,20.55,Standard,Debit Card,29,Female,City37,7292.31825,1.0,1.0,0,2023,3,6
Clothing,1095.56,2,8.55,Next-Day,Credit Card,37,Female,City42,2003.77924,2.0,0.4,1,2023,5,5
Toys,1392.09,1,27.83,Standard,Credit Card,42,Male,City43,1004.671353,1.0,0.2,1,2024,3,0
Electronics,672.81,4,2.33,Express,COD,39,Female,City69,2628.534108,1.5,0.8,0,2022,7,6
Electronics,841.13,3,35.11,Next-Day,Credit Card,29,Male,City53,1637.427771,2.0,0.6000000000000001,1,2022,4,6
Toys,1073.11,4,3.09,Express,Wallet,62,Female,City7,4159.803604,1.5,0.8,1,2024,4,4
Electronics,1905.35,2,26.08,Standard,COD,59,Female,City17,2816.86944,1.0,0.4,0,2024,6,2
Clothing,1716.77,1,24.62,Next-Day,Debit Card,52,Female,City7,1294.101226,2.0,0.2,0,2025,5,2
Home Appliances,1626.75,4,38.15,Express,Wallet,20,Female,City80,4024.5795,1.5,0.8,1,2023,2,0
Books,1183.46,3,1.66,Express,COD,55,Male,City33,3491.4436920000003,1.5,0.6000000000000001,0,2022,10,1
Clothing,1801.52,4,18.04,Next-Day,Credit Card,46,Female,City28,5906.103168,2.0,0.8,0,2023,2,3
Clothing,554.68,2,4.3,Express,Debit Card,57,Female,City6,1061.6575199999995,1.5,0.4,0,2024,7,1
Clothing,314.47,3,16.37,Next-Day,COD,65,Male,City23,788.9737830000001,2.0,0.6000000000000001,0,2022,7,4
Books,1244.23,1,42.7,Next-Day,COD,62,Female,City20,712.9437899999999,2.0,0.2,0,2025,8,2
Clothing,1186.6,5,1.67,Standard,Debit Card,22,Male,City61,5833.9189,1.0,1.0,0,2023,10,4
Clothing,761.57,2,12.71,Next-Day,Wallet,19,Male,City84,1329.548906,2.0,0.4,0,2023,11,6
Clothing,295.42,4,2.48,Standard,Credit Card,25,Male,City89,1152.374336,1.0,0.8,0,2024,7,0
Books,933.77,2,39.69,Standard,Credit Card,21,Female,City21,1126.3133739999998,1.0,0.4,0,2024,10,2
Clothing,436.7,1,20.62,Express,Wallet,24,Male,City42,346.65246,1.5,0.2,0,2024,8,4
Toys,1445.85,1,16.97,Express,COD,22,Female,City92,1200.489255,1.5,0.2,0,2025,4,1
Clothing,732.27,2,23.6,Next-Day,Debit Card,50,Male,City3,1118.90856,2.0,0.4,0,2022,1,5
Clothing,1840.07,5,33.41,Express,Debit Card,38,Female,City54,6126.513065000001,1.5,1.0,1,2024,7,5
Clothing,1195.19,3,2.31,Next-Day,Credit Card,50,Female,City98,3502.7433330000003,2.0,0.6000000000000001,1,2024,5,3
Toys,1976.47,4,46.88,Express,Debit Card,64,Female,City87,4199.603455999999,1.5,0.8,1,2023,9,4
Toys,1015.65,1,20.81,Standard,COD,57,Female,City11,804.293235,1.0,0.2,0,2024,12,0
Clothing,775.83,1,42.09,Next-Day,Credit Card,38,Female,City1,449.283153,2.0,0.2,1,2023,9,1
Clothing,1357.2,2,25.69,Express,Wallet,36,Male,City50,2017.07064,1.5,0.4,0,2022,2,2
Clothing,1974.44,4,22.66,Express,COD,21,Male,City78,6108.127584,1.5,0.8,1,2024,8,1
Electronics,937.76,4,9.96,Next-Day,Debit Card,62,Male,City11,3377.436416,2.0,0.8,0,2025,6,5
Clothing,898.13,5,6.28,Express,COD,20,Male,City100,4208.63718,1.5,1.0,0,2022,7,6
Clothing,596.15,5,8.33,Next-Day,Wallet,62,Female,City32,2732.453525,2.0,1.0,0,2023,7,6
Books,1433.5,3,33.85,Standard,Credit Card,53,Female,City11,2844.78075,1.0,0.6000000000000001,0,2025,5,1
Clothing,773.95,2,2.61,Standard,Wallet,45,Female,City78,1507.49981,1.0,0.4,0,2023,2,1
Home Appliances,1167.04,1,15.64,Express,COD,58,Female,City91,984.514944,1.5,0.2,0,2025,7,3
Electronics,1645.01,4,8.76,Express,Debit Card,34,Male,City79,6003.628496,1.5,0.8,0,2022,3,2
Toys,1085.22,5,18.36,Standard,Credit Card,28,Male,City34,4429.86804,1.0,1.0,0,2024,7,6
Toys,355.93,5,34.87,Express,Wallet,59,Female,City26,1159.086045,1.5,1.0,0,2024,1,1
Clothing,461.68,3,22.98,Express,Debit Card,49,Female,City19,1066.757808,1.5,0.6000000000000001,0,2024,10,2
Clothing,447.83,2,17.56,Next-Day,Wallet,40,Female,City61,738.382104,2.0,0.4,1,2023,5,1
Electronics,277.48,5,15.04,Standard,Wallet,41,Male,City37,1178.73504,1.0,1.0,0,2024,2,3
Books,1725.73,1,17.36,Express,Debit Card,35,Male,City5,1426.143272,1.5,0.2,0,2024,6,2
Electronics,1412.74,5,44.04,Next-Day,Credit Card,52,Female,City25,3952.84652,2.0,1.0,1,2024,4,2
Books,1877.44,3,9.59,Next-Day,Credit Card,19,Female,City62,5092.180512,2.0,0.6000000000000001,1,2024,2,0
Electronics,353.83,5,31.62,Express,Debit Card,47,Male,City18,1209.7447699999998,1.5,1.0,0,2024,3,2
Toys,905.1,2,16.95,Standard,COD,49,Male,City15,1503.3711,1.0,0.4,0,2023,2,3
Electronics,1106.44,5,22.53,Express,COD,48,Male,City17,4285.795340000001,1.5,1.0,1,2022,8,2
Books,1950.29,5,43.96,Standard,Credit Card,21,Female,City44,5464.71258,1.0,1.0,1,2024,3,5
Electronics,908.56,1,22.27,Standard,Credit Card,41,Male,City48,706.2236879999999,1.0,0.2,0,2023,4,5
Books,885.05,3,3.81,Next-Day,COD,18,Male,City49,2553.988785,2.0,0.6000000000000001,0,2024,11,3
Clothing,1138.04,4,40.01,Next-Day,COD,64,Male,City54,2730.8407840000004,2.0,0.8,0,2023,8,4
Books,1172.95,2,3.83,Standard,Debit Card,40,Male,City84,2256.0520300000003,1.0,0.4,0,2022,10,5
Clothing,1833.17,4,1.72,Next-Day,Wallet,50,Female,City20,7206.557904,2.0,0.8,0,2022,4,6
Clothing,1992.16,3,44.86,Standard,Debit Card,33,Male,City98,3295.4310720000003,1.0,0.6000000000000001,0,2022,2,6
Books,238.49,1,40.06,Next-Day,Wallet,54,Female,City67,142.950906,2.0,0.2,0,2025,2,0
Clothing,466.22,1,2.23,Standard,COD,65,Female,City19,455.823294,1.0,0.2,1,2023,6,4
Books,1078.99,5,32.84,Standard,Wallet,32,Male,City32,3623.24842,1.0,1.0,0,2025,8,6
Electronics,413.39,4,30.07,Standard,Debit Card,55,Female,City97,1156.334508,1.0,0.8,0,2022,4,5
Home Appliances,204.68,1,36.0,Next-Day,Debit Card,39,Male,City74,130.9952,2.0,0.2,0,2023,2,4
Electronics,979.72,5,10.22,Express,Credit Card,64,Female,City77,4397.96308,1.5,1.0,0,2025,7,3
Clothing,1637.69,1,21.36,Standard,Wallet,52,Male,City21,1287.879416,1.0,0.2,1,2024,10,1
Clothing,1583.12,3,16.0,Express,Debit Card,65,Female,City95,3989.4624,1.5,0.6000000000000001,0,2024,11,5
Clothing,137.04,2,24.1,Next-Day,COD,51,Female,City3,208.02672,2.0,0.4,0,2023,9,2
Home Appliances,1064.07,2,6.75,Express,COD,19,Female,City32,1984.49055,1.5,0.4,0,2025,4,5
Clothing,1836.42,3,21.4,Next-Day,Debit Card,58,Female,City63,4330.27836,2.0,0.6000000000000001,1,2023,3,1
Books,927.57,5,43.33,Express,Debit Card,47,Male,City87,2628.269595,1.5,1.0,1,2025,3,0
Clothing,1766.4,3,48.0,Standard,COD,21,Female,City37,2755.5840000000003,1.0,0.6000000000000001,0,2022,7,5
Toys,1683.16,4,16.22,Next-Day,COD,27,Male,City51,5640.605792,2.0,0.8,1,2025,5,4
Clothing,378.98,1,47.28,Express,COD,46,Male,City21,199.798256,1.5,0.2,1,2024,5,3
Clothing,1978.72,4,33.5,Express,Wallet,27,Male,City55,5263.3952,1.5,0.8,0,2025,8,4
Books,1353.12,1,49.16,Standard,Credit Card,40,Male,City78,687.9262079999999,1.0,0.2,0,2024,6,1
Clothing,450.84,1,45.26,Next-Day,Credit Card,18,Female,City81,246.789816,2.0,0.2,1,2025,2,5
Home Appliances,285.74,5,33.8,Next-Day,Credit Card,48,Male,City80,945.7994,2.0,1.0,0,2025,8,6
Toys,263.18,2,45.35,Express,Debit Card,32,Male,City47,287.65574,1.5,0.4,1,2025,7,0
Electronics,738.96,3,34.23,Next-Day,Wallet,33,Female,City7,1458.041976,2.0,0.6000000000000001,0,2025,3,3
Clothing,996.88,2,39.42,Standard,Debit Card,56,Female,City39,1207.819808,1.0,0.4,0,2022,6,4
Toys,1752.67,2,21.34,Next-Day,Debit Card,55,Male,City84,2757.300444,2.0,0.4,0,2023,10,1
Clothing,440.36,1,46.94,Express,Wallet,52,Female,City93,233.655016,1.5,0.2,1,2025,3,3
Electronics,1735.34,5,21.85,Standard,Credit Card,64,Male,City80,6780.841049999999,1.0,1.0,0,2024,12,6
Clothing,700.56,5,28.7,Express,COD,51,Male,City8,2497.4964,1.5,1.0,0,2025,8,4
Electronics,815.16,3,7.79,Next-Day,Wallet,53,Male,City22,2254.977108,2.0,0.6000000000000001,0,2025,4,3
Clothing,1013.72,4,26.44,Next-Day,Wallet,53,Female,City23,2982.769728,2.0,0.8,0,2024,5,3
Clothing,388.21,5,12.99,Standard,Credit Card,56,Female,City12,1688.907605,1.0,1.0,0,2023,5,4
Home Appliances,1004.18,1,16.14,Next-Day,Credit Card,43,Female,City26,842.1053479999999,2.0,0.2,0,2024,2,1
Clothing,1761.19,5,41.46,Express,Credit Card,36,Female,City44,5155.00313,1.5,1.0,0,2024,6,4
Toys,1775.21,2,26.78,Standard,Credit Card,19,Male,City79,2599.617524,1.0,0.4,0,2025,7,4
Clothing,837.45,2,33.65,Express,Wallet,38,Male,City64,1111.29615,1.5,0.4,0,2025,4,6
Toys,158.84,1,25.91,Standard,COD,60,Female,City65,117.684556,1.0,0.2,0,2022,2,0
Clothing,1480.33,5,25.04,Express,COD,42,Female,City33,5548.27684,1.5,1.0,0,2023,9,3
Clothing,643.04,5,8.49,Standard,COD,61,Female,City10,2942.22952,1.0,1.0,0,2024,10,2
Clothing,1120.11,2,38.28,Standard,COD,57,Male,City34,1382.663784,1.0,0.4,0,2023,6,4
Electronics,1145.21,3,13.38,Express,COD,49,Female,City50,2975.942706,1.5,0.6000000000000001,0,2022,5,4
Home Appliances,999.14,1,14.7,Standard,Credit Card,18,Female,City14,852.2664199999999,1.0,0.2,0,2024,1,1
Clothing,1281.9,2,29.43,Next-Day,COD,35,Female,City47,1809.27366,2.0,0.4,0,2024,2,5
Electronics,217.22,2,2.47,Express,Debit Card,29,Female,City30,423.709332,1.5,0.4,0,2022,11,3
Toys,300.85,2,22.16,Next-Day,Wallet,20,Female,City2,468.36328,2.0,0.4,0,2022,9,0
Home Appliances,719.9,1,31.06,Standard,Debit Card,35,Female,City73,496.29906,1.0,0.2,1,2022,11,6
Electronics,1181.57,4,49.47,Express,Credit Card,32,Female,City26,2388.189284,1.5,0.8,0,2024,3,0
Clothing,1768.51,5,38.51,Standard,Wallet,34,Male,City65,5437.283995,1.0,1.0,0,2023,11,3
Toys,1591.85,5,36.21,Standard,COD,42,Male,City92,5077.205574999999,1.0,1.0,1,2023,11,2
Books,510.87,4,34.69,Standard,Debit Card,40,Female,City89,1334.596788,1.0,0.8,0,2025,2,6
Electronics,645.61,5,42.28,Express,Debit Card,61,Female,City59,1863.23046,1.5,1.0,0,2023,4,3
Electronics,707.33,4,40.88,Next-Day,Wallet,52,Male,City13,1672.693984,2.0,0.8,0,2024,4,3
Books,1774.6,2,3.78,Standard,COD,55,Female,City41,3415.04024,1.0,0.4,0,2022,11,2
Electronics,1026.36,4,36.29,Standard,Wallet,35,Female,City85,2615.575824,1.0,0.8,1,2024,7,4
Electronics,708.27,4,22.33,Next-Day,Wallet,20,Male,City57,2200.4532360000003,2.0,0.8,0,2023,6,4
Clothing,369.11,4,37.3,Express,Wallet,60,Female,City62,925.72788,1.5,0.8,1,2023,6,3
Home Appliances,568.58,4,44.93,Express,Wallet,32,Female,City31,1252.468024,1.5,0.8,0,2023,6,6
Home Appliances,796.96,3,13.48,Express,COD,62,Female,City23,2068.589376,1.5,0.6000000000000001,0,2024,11,5
Books,297.16,3,37.89,Express,Credit Card,44,Female,City25,553.698228,1.5,0.6000000000000001,0,2025,5,6
Toys,426.9,3,33.9,Express,Wallet,29,Female,City90,846.5427,1.5,0.6000000000000001,1,2022,12,5
Books,171.43,3,48.82,Next-Day,Debit Card,46,Female,City36,263.213622,2.0,0.6000000000000001,1,2024,6,1
Clothing,1854.66,3,21.52,Next-Day,Debit Card,22,Male,City70,4366.611504,2.0,0.6000000000000001,0,2025,4,5
Clothing,1685.03,1,45.54,Standard,Debit Card,64,Female,City58,917.667338,1.0,0.2,1,2025,2,1
Toys,128.44,4,20.59,Next-Day,COD,46,Male,City15,407.976816,2.0,0.8,0,2022,10,4
Clothing,1213.58,3,47.98,Standard,Credit Card,39,Female,City31,1893.912948,1.0,0.6000000000000001,0,2024,7,1
Toys,1612.04,3,29.53,Next-Day,Wallet,22,Female,City46,3408.013764,2.0,0.6000000000000001,0,2023,3,2
Books,1504.05,4,45.84,Express,Credit Card,27,Female,City34,3258.3739199999995,1.5,0.8,1,2022,10,1
Electronics,456.43,5,42.18,Express,COD,36,Male,City51,1319.53913,1.5,1.0,1,2023,3,2
Electronics,304.64,4,2.38,Express,COD,24,Male,City55,1189.558272,1.5,0.8,0,2023,6,3
Home Appliances,1060.93,3,3.45,Next-Day,Credit Card,45,Female,City42,3072.983745,2.0,0.6000000000000001,0,2022,4,2
Books,1988.85,4,21.27,Next-Day,Debit Card,19,Male,City58,6263.286419999999,2.0,0.8,0,2023,5,5
Clothing,1828.58,5,22.14,Express,COD,65,Female,City9,7118.661939999999,1.5,1.0,0,2024,1,0
Electronics,199.5,4,39.39,Next-Day,COD,60,Male,City99,483.6678,2.0,0.8,0,2023,4,5
Clothing,949.47,5,35.57,Express,Credit Card,35,Female,City19,3058.7176050000003,1.5,1.0,1,2023,5,3
Clothing,105.12,4,22.9,Standard,COD,65,Male,City68,324.19008,1.0,0.8,1,2023,12,5
Toys,964.99,4,1.68,Standard,Credit Card,46,Female,City92,3795.112672,1.0,0.8,1,2024,10,5
Home Appliances,971.91,3,19.02,Next-Day,COD,53,Male,City3,2361.158154,2.0,0.6000000000000001,1,2024,4,6
Home Appliances,507.24,1,33.17,Standard,Debit Card,32,Female,City35,338.988492,1.0,0.2,0,2025,6,3
Books,1449.87,3,37.39,Next-Day,COD,39,Female,City100,2723.290821,2.0,0.6000000000000001,0,2024,3,1
Books,1794.02,5,44.44,Express,COD,39,Male,City27,4983.787560000001,1.5,1.0,0,2025,1,4
Electronics,1143.79,2,1.4,Standard,COD,41,Male,City91,2255.55388,1.0,0.4,1,2023,2,2
Books,185.31,1,15.14,Express,Credit Card,59,Male,City19,157.254066,1.5,0.2,0,2023,4,4
Clothing,1454.4,3,4.41,Next-Day,Credit Card,30,Female,City62,4170.782880000001,2.0,0.6000000000000001,1,2025,3,6
Toys,1337.57,2,24.93,Next-Day,Debit Card,45,Female,City88,2008.227598,2.0,0.4,1,2023,3,0
Home Appliances,1962.05,1,18.95,Next-Day,COD,35,Female,City22,1590.241525,2.0,0.2,1,2024,9,0
Home Appliances,1604.19,3,1.99,Next-Day,COD,35,Male,City85,4716.799857,2.0,0.6000000000000001,0,2023,11,3
Clothing,574.12,5,8.3,Standard,Credit Card,32,Female,City40,2632.3402,1.0,1.0,1,2023,4,1
Electronics,1463.24,5,13.21,Standard,Credit Card,36,Male,City84,6349.72998,1.0,1.0,0,2025,8,3
Electronics,1201.57,3,40.14,Express,Debit Card,41,Female,City100,2157.779406,1.5,0.6000000000000001,0,2022,2,1
Clothing,320.5,4,0.17,Standard,Wallet,32,Female,City48,1279.8206,1.0,0.8,0,2023,10,2
Toys,1759.92,1,13.55,Express,Wallet,40,Female,City69,1521.4508400000002,1.5,0.2,0,2023,5,2
Home Appliances,1164.45,3,20.81,Standard,COD,45,Male,City40,2766.383865,1.0,0.6000000000000001,0,2024,3,3
Toys,1201.96,5,45.06,Standard,Debit Card,20,Male,City70,3301.7841200000003,1.0,1.0,0,2024,2,5
Clothing,378.92,5,24.62,Express,Wallet,55,Female,City19,1428.14948,1.5,1.0,1,2023,4,2
Clothing,708.2,3,9.51,Express,Wallet,37,Female,City95,1922.5505400000004,1.5,0.6000000000000001,1,2025,6,0
Clothing,1902.95,1,12.68,Express,Wallet,41,Female,City70,1661.65594,1.5,0.2,0,2022,1,1
Books,1114.98,2,17.97,Express,Debit Card,26,Female,City32,1829.236188,1.5,0.4,0,2022,3,3
Electronics,529.53,3,44.13,Standard,COD,34,Male,City70,887.5452329999999,1.0,0.6000000000000001,0,2025,2,6
Electronics,440.82,3,29.34,Next-Day,COD,33,Female,City62,934.450236,2.0,0.6000000000000001,0,2023,3,2
Home Appliances,681.08,5,6.08,Express,Credit Card,55,Male,City40,3198.35168,1.5,1.0,0,2024,8,1
Clothing,1719.59,3,15.26,Standard,Debit Card,21,Male,City12,4371.541698,1.0,0.6000000000000001,0,2024,12,5
Clothing,152.87,2,20.74,Standard,Wallet,32,Female,City42,242.329524,1.0,0.4,1,2024,7,4
Clothing,1512.54,5,13.11,Express,Debit Card,24,Female,City95,6571.23003,1.5,1.0,1,2024,7,2
Home Appliances,1588.85,3,2.81,Next-Day,Credit Card,60,Male,City67,4632.609944999999,2.0,0.6000000000000001,0,2024,8,2
Toys,1488.76,2,32.61,Next-Day,Debit Card,63,Female,City30,2006.550728,2.0,0.4,0,2025,8,2
Books,307.33,3,25.5,Standard,Debit Card,23,Male,City94,686.88255,1.0,0.6000000000000001,0,2024,7,4
Clothing,291.83,4,32.54,Next-Day,Wallet,40,Female,City67,787.4740720000001,2.0,0.8,1,2025,9,2
Clothing,335.94,3,45.04,Express,Wallet,60,Female,City13,553.897872,1.5,0.6000000000000001,0,2024,7,5
Toys,849.88,2,25.56,Standard,Credit Card,47,Female,City91,1265.301344,1.0,0.4,0,2024,1,0
Electronics,1197.57,1,0.94,Standard,Wallet,45,Male,City62,1186.312842,1.0,0.2,0,2022,9,4
Electronics,1558.28,1,16.98,Express,COD,51,Female,City23,1293.684056,1.5,0.2,0,2024,10,3
Home Appliances,911.53,3,20.85,Next-Day,Debit Card,60,Female,City8,2164.4279850000003,2.0,0.6000000000000001,0,2025,8,5
Home Appliances,1997.47,2,9.52,Next-Day,Credit Card,43,Male,City61,3614.621712,2.0,0.4,0,2024,4,1
Electronics,837.32,4,25.19,Express,Wallet,58,Female,City50,2505.596368,1.5,0.8,0,2022,6,5
Clothing,361.04,2,10.16,Standard,Wallet,49,Female,City12,648.716672,1.0,0.4,0,2023,1,0
Home Appliances,1589.24,1,10.02,Next-Day,Credit Card,45,Male,City37,1429.998152,2.0,0.2,0,2025,7,6
Clothing,742.1,3,10.54,Express,COD,30,Male,City33,1991.64798,1.5,0.6000000000000001,1,2022,6,3
Electronics,1778.14,5,14.39,Standard,Credit Card,20,Female,City58,7611.32827,1.0,1.0,0,2022,1,2
Clothing,1021.32,3,12.64,Standard,Wallet,29,Male,City26,2676.675456,1.0,0.6000000000000001,1,2025,3,3
Clothing,1823.49,4,33.83,Next-Day,COD,48,Male,City74,4826.413332,2.0,0.8,0,2023,7,3
Books,415.85,1,4.91,Standard,COD,22,Female,City54,395.431765,1.0,0.2,1,2022,3,0
Clothing,1935.42,5,35.24,Express,COD,37,Male,City94,6266.88996,1.5,1.0,0,2022,4,3
Clothing,872.29,2,46.28,Next-Day,Credit Card,23,Female,City51,937.188376,2.0,0.4,0,2024,4,5
Electronics,527.05,1,37.57,Next-Day,Wallet,23,Male,City81,329.03731500000004,2.0,0.2,1,2022,7,1
Electronics,1144.9,2,28.0,Standard,Debit Card,24,Male,City88,1648.6560000000002,1.0,0.4,0,2023,1,0
Electronics,1856.83,3,27.12,Next-Day,Debit Card,33,Female,City39,4059.773112,2.0,0.6000000000000001,0,2025,7,5
Toys,1075.91,2,28.44,Next-Day,COD,25,Female,City36,1539.8423920000002,2.0,0.4,0,2024,12,5
Toys,1841.6,2,6.8,Next-Day,COD,52,Female,City60,3432.7424,2.0,0.4,1,2022,7,5
Home Appliances,234.96,2,47.06,Next-Day,Debit Card,46,Female,City3,248.775648,2.0,0.4,0,2022,1,5
Books,870.42,5,12.48,Next-Day,COD,40,Female,City78,3808.95792,2.0,1.0,0,2025,5,6
Toys,639.65,4,16.43,Express,Credit Card,31,Male,City2,2138.22202,1.5,0.8,0,2024,1,5
Books,351.11,2,30.24,Standard,Credit Card,57,Female,City35,489.868672,1.0,0.4,0,2023,11,2
Clothing,860.74,5,16.48,Next-Day,Debit Card,59,Female,City23,3594.45024,2.0,1.0,0,2022,3,2
Clothing,356.39,4,47.62,Standard,Debit Card,49,Male,City10,746.708328,1.0,0.8,1,2022,8,1
Clothing,1968.73,2,1.3,Standard,COD,62,Female,City7,3886.27302,1.0,0.4,0,2024,4,3
Electronics,738.49,2,28.9,Express,Debit Card,44,Female,City17,1050.13278,1.5,0.4,0,2024,9,2
Home Appliances,1944.34,1,31.56,Express,Wallet,51,Male,City85,1330.706296,1.5,0.2,1,2022,12,0
Clothing,989.24,4,30.79,Standard,COD,34,Female,City19,2738.612016,1.0,0.8,0,2025,1,0
Home Appliances,152.87,5,42.48,Express,COD,53,Female,City76,439.65412,1.5,1.0,1,2023,6,5
Electronics,1440.6,2,25.81,Express,Credit Card,65,Male,City98,2137.56228,1.5,0.4,1,2024,12,5
Books,948.42,2,5.74,Standard,Credit Card,62,Male,City90,1787.961384,1.0,0.4,1,2023,12,4
Clothing,1233.47,2,28.22,Next-Day,Wallet,51,Male,City25,1770.769532,2.0,0.4,0,2025,5,4
Clothing,719.73,4,48.6,Standard,Debit Card,61,Male,City83,1479.7648800000002,1.0,0.8,0,2022,4,6
Toys,1918.18,1,28.86,Next-Day,Credit Card,63,Female,City6,1364.593252,2.0,0.2,0,2024,4,3
Electronics,1619.62,4,23.53,Standard,Wallet,48,Male,City6,4954.093655999999,1.0,0.8,0,2024,7,0
Electronics,1460.05,1,17.83,Next-Day,Wallet,35,Male,City37,1199.723085,2.0,0.2,0,2023,5,2
Home Appliances,281.38,3,40.4,Next-Day,Debit Card,54,Female,City92,503.10744000000005,2.0,0.6000000000000001,1,2025,6,5
Electronics,1668.98,4,11.03,Standard,Debit Card,45,Female,City66,5939.566024000001,1.0,0.8,0,2024,7,3
Electronics,152.36,5,10.34,Standard,Credit Card,22,Female,City28,683.0298800000002,1.0,1.0,1,2025,5,4
Clothing,645.99,3,40.25,Next-Day,Debit Card,33,Female,City41,1157.9370749999998,2.0,0.6000000000000001,1,2023,2,0
Toys,1377.26,2,49.44,Standard,COD,46,Male,City90,1392.685312,1.0,0.4,0,2023,10,2
Home Appliances,439.4,2,20.97,Standard,Debit Card,27,Female,City7,694.51564,1.0,0.4,0,2024,2,5
Home Appliances,1951.97,3,17.79,Express,Credit Card,23,Male,City59,4814.143611,1.5,0.6000000000000001,1,2022,2,3
Electronics,173.74,3,19.01,Standard,Wallet,25,Male,City46,422.136078,1.0,0.6000000000000001,0,2024,10,3
Clothing,793.75,2,32.7,Next-Day,Credit Card,43,Female,City35,1068.3875,2.0,0.4,0,2024,7,3
Clothing,752.95,4,35.05,Express,Credit Card,36,Female,City86,1956.1641,1.5,0.8,0,2022,7,3
Clothing,1904.07,4,22.03,Express,Wallet,27,Female,City4,5938.413516,1.5,0.8,0,2024,8,0
Clothing,1070.65,4,18.0,Express,Debit Card,62,Male,City16,3511.7320000000004,1.5,0.8,0,2023,12,3
Electronics,1962.64,4,46.35,Next-Day,Debit Card,60,Male,City34,4211.82544,2.0,0.8,1,2024,12,3
Electronics,837.24,5,9.75,Standard,Wallet,19,Male,City15,3778.0455,1.0,1.0,0,2025,8,1
Clothing,1776.23,4,21.81,Standard,Wallet,53,Male,City89,5555.336948,1.0,0.8,0,2024,1,4
Electronics,1392.99,4,46.17,Next-Day,Debit Card,20,Female,City29,2999.3860680000003,2.0,0.8,1,2022,6,4
Clothing,657.48,4,36.44,Express,Wallet,57,Female,City93,1671.5771519999998,1.5,0.8,0,2024,4,4
Toys,1912.18,4,15.07,Next-Day,COD,48,Male,City91,6496.057895999999,2.0,0.8,0,2025,3,5
Electronics,1810.52,4,29.31,Next-Day,COD,52,Female,City33,5119.426352,2.0,0.8,0,2025,3,3
Electronics,555.53,1,25.0,Next-Day,Wallet,27,Female,City65,416.6475,2.0,0.2,0,2022,1,3
Electronics,1005.14,2,30.86,Next-Day,Debit Card,57,Male,City69,1389.907592,2.0,0.4,0,2025,3,6
Books,790.85,5,37.73,Express,Credit Card,31,Female,City1,2462.311475,1.5,1.0,0,2025,6,0
Electronics,375.06,4,14.8,Next-Day,COD,29,Female,City16,1278.20448,2.0,0.8,0,2023,6,5
Clothing,510.33,2,27.23,Express,Wallet,54,Male,City72,742.734282,1.5,0.4,0,2024,2,0
Clothing,1218.37,1,32.74,Next-Day,Wallet,57,Female,City39,819.4756619999999,2.0,0.2,1,2024,7,4
Electronics,1937.86,5,41.73,Next-Day,Credit Card,36,Male,City21,5645.95511,2.0,1.0,0,2022,8,3
Clothing,127.8,2,0.63,Next-Day,Wallet,59,Female,City61,253.98972,2.0,0.4,1,2024,8,3
Books,1137.49,4,43.76,Express,Wallet,44,Female,City94,2558.897504,1.5,0.8,0,2025,1,2
Clothing,472.99,4,0.33,Standard,Debit Card,41,Male,City40,1885.716532,1.0,0.8,0,2023,12,5
Clothing,1109.74,4,47.68,Express,COD,28,Male,City88,2322.463872,1.5,0.8,1,2024,1,4
Books,148.42,4,7.33,Standard,Credit Card,33,Female,City41,550.1632559999999,1.0,0.8,0,2024,6,4
Toys,835.43,4,49.73,Next-Day,Wallet,41,Male,City64,1679.882644,2.0,0.8,0,2025,3,1
Books,1775.28,2,34.14,Next-Day,Credit Card,46,Female,City93,2338.3988160000004,2.0,0.4,0,2023,10,1
Books,1047.59,5,0.48,Express,Wallet,32,Female,City68,5212.80784,1.5,1.0,0,2025,4,2
Toys,387.57,4,18.83,Express,Credit Card,39,Male,City24,1258.3622759999998,1.5,0.8,1,2022,11,1
Clothing,1112.53,5,22.87,Express,Wallet,57,Female,City23,4290.471944999999,1.5,1.0,0,2024,2,6
Electronics,650.3,2,48.9,Next-Day,Credit Card,19,Female,City84,664.6066,2.0,0.4,0,2023,11,2
Clothing,139.26,3,48.14,Next-Day,Wallet,65,Male,City18,216.660708,2.0,0.6000000000000001,0,2022,8,6
Electronics,1760.97,2,19.5,Express,Wallet,22,Male,City45,2835.1617,1.5,0.4,0,2022,1,6
Electronics,649.77,2,8.53,Express,Debit Card,28,Female,City55,1188.6892380000002,1.5,0.4,0,2022,3,6
Toys,1896.05,5,33.25,Express,COD,31,Female,City68,6328.066875,1.5,1.0,1,2025,7,3
Clothing,680.71,3,17.27,Standard,Debit Card,22,Male,City87,1689.454149,1.0,0.6000000000000001,1,2023,2,5
Toys,336.88,5,43.56,Standard,Debit Card,59,Female,City76,950.67536,1.0,1.0,0,2024,6,2
Books,725.7,5,30.66,Next-Day,Credit Card,32,Male,City56,2516.0019,2.0,1.0,0,2022,9,2
Clothing,1391.49,3,4.57,Express,Wallet,59,Female,City89,3983.696721,1.5,0.6000000000000001,1,2024,2,5
Electronics,759.12,3,16.51,Next-Day,Credit Card,21,Female,City36,1901.367864,2.0,0.6000000000000001,0,2023,8,0
Clothing,1172.38,2,38.49,Next-Day,Wallet,54,Female,City35,1442.261876,2.0,0.4,0,2025,8,6
Books,350.01,1,14.52,Express,COD,43,Female,City17,299.188548,1.5,0.2,0,2022,9,0
Home Appliances,1021.11,3,10.35,Express,Credit Card,21,Female,City50,2746.275345,1.5,0.6000000000000001,1,2023,9,0
Toys,842.15,5,9.3,Next-Day,Credit Card,56,Male,City79,3819.15025,2.0,1.0,0,2025,3,1
Clothing,1415.99,5,31.99,Standard,Credit Card,49,Female,City30,4815.073995,1.0,1.0,1,2024,4,5
Books,1582.63,4,34.87,Standard,COD,30,Female,City77,4123.067676000001,1.0,0.8,1,2023,1,0
Electronics,758.21,2,18.07,Standard,Credit Card,56,Male,City62,1242.402906,1.0,0.4,0,2024,3,2
Clothing,1989.87,3,4.4,Standard,Credit Card,27,Male,City93,5706.94716,1.0,0.6000000000000001,0,2025,8,4
Toys,236.26,1,23.14,Standard,Credit Card,50,Male,City69,181.589436,1.0,0.2,0,2023,6,5
Books,1584.18,3,13.9,Standard,Wallet,18,Female,City45,4091.93694,1.0,0.6000000000000001,1,2022,5,6
Electronics,386.35,3,3.35,Standard,Credit Card,43,Female,City17,1120.2218250000003,1.0,0.6000000000000001,0,2022,4,4
Clothing,1330.11,5,8.79,Express,COD,31,Female,City66,6065.966654999999,1.5,1.0,1,2022,6,4
Toys,1586.03,2,2.52,Express,COD,27,Female,City55,3092.124088,1.5,0.4,1,2024,8,6
Clothing,726.49,5,2.36,Next-Day,Debit Card,41,Male,City43,3546.72418,2.0,1.0,0,2022,1,2
Clothing,1163.92,5,36.24,Standard,Credit Card,42,Male,City57,3710.57696,1.0,1.0,1,2024,7,0
Electronics,1463.22,4,20.56,Standard,Wallet,48,Male,City41,4649.527872,1.0,0.8,0,2022,12,1
Clothing,618.09,3,45.92,Standard,COD,42,Male,City25,1002.789216,1.0,0.6000000000000001,0,2023,6,3
Clothing,1036.67,2,29.49,Standard,Credit Card,62,Female,City72,1461.9120340000002,1.0,0.4,0,2025,4,0
Toys,513.91,3,41.57,Standard,COD,26,Female,City84,900.832839,1.0,0.6000000000000001,0,2023,8,3
Toys,1340.13,3,15.94,Standard,Credit Card,60,Female,City55,3379.539834,1.0,0.6000000000000001,1,2023,10,3
Clothing,1031.92,2,39.57,Next-Day,COD,44,Female,City20,1247.1785120000002,2.0,0.4,1,2023,12,5
Electronics,807.41,1,49.34,Standard,Debit Card,46,Female,City40,409.033906,1.0,0.2,0,2022,12,4
Toys,1449.86,5,49.03,Standard,Debit Card,20,Male,City92,3694.96821,1.0,1.0,1,2024,5,5
Electronics,1985.05,2,21.44,Express,Wallet,49,Female,City9,3118.91056,1.5,0.4,1,2023,9,6
Electronics,676.76,2,27.36,Express,COD,54,Female,City94,983.1969279999998,1.5,0.4,0,2022,8,2
Clothing,1630.05,5,42.02,Standard,Debit Card,53,Male,City66,4725.51495,1.0,1.0,0,2022,2,1
Home Appliances,411.39,3,48.86,Next-Day,Credit Card,19,Female,City83,631.1545380000001,2.0,0.6000000000000001,0,2025,3,2
Books,1811.34,5,0.79,Standard,Credit Card,23,Male,City67,8985.152069999998,1.0,1.0,0,2022,10,2
Clothing,1018.58,1,48.45,Express,Wallet,63,Female,City100,525.07799,1.5,0.2,0,2022,4,5
Books,412.54,3,45.83,Standard,COD,52,Female,City66,670.4187540000001,1.0,0.6000000000000001,0,2025,1,1
Books,1881.95,1,24.08,Express,COD,26,Male,City19,1428.77644,1.5,0.2,0,2024,8,1
Electronics,1113.75,1,1.54,Standard,COD,64,Male,City27,1096.59825,1.0,0.2,0,2023,2,6
Electronics,565.85,4,40.79,Next-Day,COD,20,Male,City23,1340.1591400000002,2.0,0.8,0,2022,12,3
Books,1679.56,1,5.97,Express,Wallet,59,Male,City61,1579.290268,1.5,0.2,0,2024,5,6
Toys,1247.89,2,15.23,Next-Day,COD,53,Male,City27,2115.6727060000003,2.0,0.4,1,2022,2,0
Clothing,1738.05,1,27.27,Standard,COD,52,Female,City98,1264.083765,1.0,0.2,1,2022,5,4
Toys,1726.25,3,31.02,Express,COD,37,Male,City19,3572.30175,1.5,0.6000000000000001,0,2024,3,1
Clothing,269.37,5,33.03,Standard,Wallet,34,Female,City97,901.985445,1.0,1.0,1,2024,9,5
Books,704.94,1,19.06,Standard,Wallet,48,Female,City62,570.578436,1.0,0.2,1,2022,6,3
Books,1406.93,4,40.08,Express,Debit Card,28,Male,City54,3372.129824,1.5,0.8,0,2025,6,3
Clothing,505.79,5,17.4,Next-Day,Wallet,42,Female,City83,2088.9127000000003,2.0,1.0,0,2024,4,0
Home Appliances,797.9,2,35.78,Standard,Credit Card,34,Female,City67,1024.82276,1.0,0.4,0,2022,8,6
Electronics,1304.4,4,0.75,Standard,Credit Card,35,Male,City61,5178.468000000001,1.0,0.8,0,2023,11,2
Clothing,429.9,5,33.03,Next-Day,Credit Card,52,Female,City99,1439.5201499999998,2.0,1.0,1,2022,9,5
Books,1496.98,2,20.22,Express,Credit Card,37,Male,City38,2388.5812880000003,1.5,0.4,0,2022,1,1
Books,235.79,4,23.09,Express,Wallet,61,Male,City98,725.384356,1.5,0.8,0,2023,9,4
Clothing,544.94,5,9.94,Next-Day,Credit Card,41,Female,City95,2453.86482,2.0,1.0,0,2024,7,0
Books,139.19,1,8.01,Next-Day,Debit Card,26,Female,City11,128.04088099999998,2.0,0.2,0,2023,10,2
Books,1810.43,3,19.75,Express,Wallet,28,Female,City31,4358.610225,1.5,0.6000000000000001,0,2024,5,5
Electronics,492.69,1,42.84,Next-Day,Wallet,34,Female,City33,281.62160399999993,2.0,0.2,0,2025,3,2
Clothing,1590.39,1,33.74,Next-Day,COD,50,Male,City45,1053.792414,2.0,0.2,1,2023,4,4
Clothing,917.67,1,12.13,Express,Debit Card,57,Male,City21,806.356629,1.5,0.2,0,2025,8,4
Home Appliances,1954.96,5,46.33,Next-Day,Wallet,51,Female,City98,5246.135159999999,2.0,1.0,1,2024,9,0
Electronics,1954.27,1,14.86,Next-Day,Wallet,29,Male,City31,1663.8654780000002,2.0,0.2,0,2023,5,6
Electronics,282.13,5,23.01,Express,Debit Card,35,Male,City35,1086.059435,1.5,1.0,1,2025,8,6
Clothing,152.97,4,25.76,Standard,COD,27,Male,City50,454.259712,1.0,0.8,0,2023,2,2
Electronics,475.88,5,27.24,Next-Day,Debit Card,50,Female,City74,1731.2514400000002,2.0,1.0,0,2025,8,0
Books,808.69,1,35.57,Express,Debit Card,31,Female,City89,521.0389670000001,1.5,0.2,1,2025,4,5
Clothing,278.56,5,38.49,Standard,COD,21,Female,City58,856.71128,1.0,1.0,1,2024,7,4
Electronics,1284.08,4,1.79,Next-Day,Wallet,21,Male,City66,5044.379872,2.0,0.8,0,2022,10,0
Clothing,1405.17,4,43.17,Next-Day,Debit Card,35,Female,City99,3194.232444,2.0,0.8,1,2023,3,3
Clothing,230.57,5,27.89,Next-Day,COD,21,Female,City52,831.320135,2.0,1.0,0,2024,11,4
Books,390.27,5,6.62,Next-Day,Wallet,29,Female,City84,1822.17063,2.0,1.0,0,2023,11,4
Books,491.25,4,11.9,Standard,Debit Card,27,Female,City3,1731.165,1.0,0.8,1,2023,3,2
Books,607.23,2,10.59,Standard,Credit Card,55,Male,City79,1085.848686,1.0,0.4,0,2022,7,0
Clothing,1727.87,3,20.83,Next-Day,Credit Card,42,Female,City69,4103.864037,2.0,0.6000000000000001,0,2022,2,1
Electronics,1392.57,2,15.81,Standard,COD,29,Male,City14,2344.809366,1.0,0.4,1,2025,7,5
Clothing,1003.43,3,45.72,Express,Credit Card,63,Female,City61,1633.9854119999998,1.5,0.6000000000000001,0,2023,1,1
Toys,1839.06,4,10.37,Next-Day,Credit Card,39,Female,City1,6593.397911999999,2.0,0.8,1,2025,4,2
Clothing,1266.68,2,49.67,Next-Day,COD,64,Male,City38,1275.040088,2.0,0.4,1,2023,11,5
Electronics,1296.78,3,20.02,Standard,Wallet,41,Female,City94,3111.4939320000003,1.0,0.6000000000000001,0,2023,8,1
Home Appliances,405.29,4,46.99,Next-Day,Wallet,59,Male,City36,859.376916,2.0,0.8,0,2023,5,1
Toys,104.13,2,33.57,Standard,Credit Card,32,Male,City42,138.347118,1.0,0.4,1,2023,9,5
Electronics,871.78,1,14.65,Express,COD,18,Male,City30,744.06423,1.5,0.2,0,2023,2,6
Books,1328.13,3,33.46,Next-Day,COD,23,Female,City8,2651.213106,2.0,0.6000000000000001,0,2023,2,1
Toys,1370.59,4,7.2,Next-Day,Wallet,58,Female,City61,5087.630079999999,2.0,0.8,0,2022,5,3
Clothing,1914.85,5,20.0,Standard,Debit Card,42,Female,City48,7659.400000000001,1.0,1.0,1,2024,12,0
Electronics,1415.27,4,49.78,Standard,Credit Card,24,Male,City58,2842.994376,1.0,0.8,0,2024,8,5
Clothing,1255.64,1,48.54,Express,Credit Card,47,Male,City34,646.152344,1.5,0.2,0,2023,6,1
Clothing,1239.67,5,12.22,Standard,Debit Card,22,Male,City81,5440.9116300000005,1.0,1.0,0,2023,1,3
Electronics,910.99,2,25.04,Express,Wallet,35,Male,City9,1365.756208,1.5,0.4,0,2025,5,0
Toys,579.18,2,48.34,Next-Day,COD,54,Female,City58,598.4087759999999,2.0,0.4,0,2022,11,5
Electronics,468.09,3,12.53,Standard,COD,27,Male,City51,1228.314969,1.0,0.6000000000000001,0,2023,3,3
Books,460.43,1,30.33,Standard,Debit Card,64,Female,City24,320.7815810000001,1.0,0.2,0,2025,3,1
Electronics,712.91,2,35.52,Next-Day,Wallet,42,Female,City44,919.368736,2.0,0.4,1,2023,8,6
Toys,502.09,1,8.9,Standard,Debit Card,39,Female,City23,457.40399,1.0,0.2,0,2022,7,4
Books,766.85,2,42.23,Standard,COD,36,Male,City99,886.0184900000002,1.0,0.4,1,2023,10,5
Electronics,1789.96,4,31.85,Next-Day,Wallet,28,Male,City73,4879.43096,2.0,0.8,0,2022,1,1
Books,981.95,4,14.72,Standard,Credit Card,50,Male,City74,3349.62784,1.0,0.8,1,2023,7,6
Clothing,1059.71,2,6.65,Next-Day,Debit Card,36,Female,City45,1978.47857,2.0,0.4,1,2024,7,0
Clothing,190.63,2,32.06,Standard,Debit Card,37,Female,City37,259.028044,1.0,0.4,1,2022,9,5
Clothing,698.83,4,22.74,Next-Day,COD,43,Female,City82,2159.664232,2.0,0.8,1,2022,6,5
Clothing,351.11,1,5.06,Standard,Credit Card,37,Male,City68,333.343834,1.0,0.2,1,2025,7,6
Clothing,1693.01,5,6.13,Standard,Wallet,52,Male,City55,7946.142434999999,1.0,1.0,1,2024,4,5
Electronics,1731.2,4,20.2,Express,COD,44,Male,City21,5525.990400000001,1.5,0.8,0,2023,8,4
Clothing,1383.7,5,23.61,Standard,COD,21,Male,City29,5285.04215,1.0,1.0,0,2024,7,6
Electronics,858.96,4,2.62,Standard,Credit Card,39,Male,City81,3345.820992,1.0,0.8,0,2022,2,3
Books,1361.55,2,46.4,Express,COD,48,Male,City64,1459.5816,1.5,0.4,0,2023,11,2
Clothing,563.46,1,13.09,Express,COD,40,Male,City99,489.703086,1.5,0.2,1,2025,6,0
Books,1285.97,4,42.58,Standard,Wallet,35,Male,City81,2953.615896,1.0,0.8,0,2022,1,6
Clothing,1899.46,3,36.4,Next-Day,COD,58,Female,City48,3624.16968,2.0,0.6000000000000001,0,2025,7,1
Books,694.07,1,6.65,Next-Day,COD,53,Male,City56,647.914345,2.0,0.2,0,2024,4,0
Clothing,1491.76,2,35.66,Express,Debit Card,23,Male,City96,1919.596768,1.5,0.4,0,2022,5,3
Clothing,698.94,2,3.52,Express,Debit Card,25,Male,City14,1348.674624,1.5,0.4,0,2023,5,6
Toys,1205.29,3,3.49,Standard,Debit Card,62,Male,City8,3489.676137,1.0,0.6000000000000001,0,2023,2,0
Books,552.35,3,32.73,Next-Day,Debit Card,29,Female,City33,1114.6975350000002,2.0,0.6000000000000001,1,2025,7,6
Clothing,1628.52,2,3.91,Express,Credit Card,21,Female,City85,3129.689736,1.5,0.4,0,2024,5,2
Electronics,261.42,2,3.1,Express,COD,39,Male,City81,506.63196,1.5,0.4,0,2022,7,2
Clothing,416.01,5,49.2,Express,Credit Card,35,Female,City16,1056.6654,1.5,1.0,0,2025,6,6
Toys,241.97,2,1.32,Next-Day,Debit Card,48,Female,City43,477.551992,2.0,0.4,0,2024,4,4
Toys,1450.58,1,44.59,Express,Debit Card,38,Male,City40,803.766378,1.5,0.2,0,2022,11,2
Clothing,1871.07,1,9.37,Express,Debit Card,28,Male,City68,1695.7507409999998,1.5,0.2,0,2023,8,1
Clothing,675.8,5,23.77,Standard,Debit Card,29,Female,City84,2575.8117,1.0,1.0,1,2025,6,3
Electronics,991.44,2,22.57,Express,Debit Card,36,Male,City41,1535.343984,1.5,0.4,1,2022,8,0
Clothing,483.23,3,10.2,Express,Debit Card,26,Female,City68,1301.8216200000002,1.5,0.6000000000000001,0,2025,8,1
Toys,426.22,4,15.22,Standard,Debit Card,37,Male,City35,1445.3972640000002,1.0,0.8,0,2022,2,3
Clothing,1834.84,2,23.5,Standard,Wallet,20,Male,City47,2807.3052,1.0,0.4,0,2022,12,1
Books,771.18,1,19.81,Express,Wallet,55,Female,City71,618.409242,1.5,0.2,0,2024,5,5
Clothing,467.69,5,40.25,Standard,Credit Card,32,Male,City25,1397.2238749999997,1.0,1.0,1,2024,5,3
Books,346.22,3,42.44,Next-Day,Wallet,23,Male,City47,597.852696,2.0,0.6000000000000001,0,2025,2,2
Books,347.03,2,20.74,Express,Debit Card,44,Female,City9,550.111956,1.5,0.4,0,2022,2,3
Electronics,1741.61,2,2.99,Standard,Debit Card,43,Male,City90,3379.071722,1.0,0.4,1,2025,8,3
Electronics,412.61,2,35.25,Standard,Debit Card,40,Female,City94,534.3299499999999,1.0,0.4,0,2022,8,4
Toys,579.08,4,12.11,Express,COD,63,Female,City63,2035.8136480000005,1.5,0.8,1,2022,8,0
Clothing,1157.61,1,45.78,Standard,COD,49,Female,City62,627.6561419999999,1.0,0.2,0,2023,7,6
Books,293.9,5,44.44,Standard,COD,32,Female,City14,816.4542000000001,1.0,1.0,1,2025,4,2
Toys,1083.87,5,29.01,Express,COD,65,Female,City65,3847.1965649999993,1.5,1.0,0,2024,8,0
Clothing,1491.73,4,13.62,Express,COD,49,Male,City70,5154.225496,1.5,0.8,1,2024,2,3
Home Appliances,1404.28,2,31.22,Next-Day,Wallet,18,Male,City28,1931.727568,2.0,0.4,0,2025,5,1
Clothing,839.46,4,26.56,Express,Debit Card,33,Female,City10,2465.997696,1.5,0.8,0,2022,1,5
Clothing,1036.65,5,12.22,Express,Credit Card,43,Female,City94,4549.85685,1.5,1.0,1,2025,1,6
Toys,1992.73,5,10.24,Next-Day,COD,56,Female,City82,8943.372239999999,2.0,1.0,0,2023,5,2
Clothing,217.91,5,41.23,Standard,COD,51,Male,City90,640.3285350000001,1.0,1.0,0,2024,12,3
Electronics,1659.53,1,14.52,Standard,Credit Card,64,Male,City98,1418.566244,1.0,0.2,0,2023,12,3
Toys,675.93,3,49.15,Standard,COD,34,Male,City57,1031.131215,1.0,0.6000000000000001,1,2025,2,3
Books,1857.73,1,31.36,Standard,COD,60,Female,City19,1275.145872,1.0,0.2,0,2024,11,4
Books,984.01,3,20.54,Next-Day,Credit Card,44,Female,City24,2345.683038,2.0,0.6000000000000001,0,2025,1,1
Toys,1691.05,4,15.2,Standard,COD,30,Female,City86,5736.0416,1.0,0.8,0,2023,9,0
Clothing,183.17,3,38.76,Next-Day,Debit Card,28,Female,City86,336.519924,2.0,0.6000000000000001,0,2022,4,3
Toys,1844.61,5,34.13,Next-Day,Debit Card,20,Female,City38,6075.223034999999,2.0,1.0,0,2025,8,3
Electronics,698.71,3,8.33,Standard,Debit Card,45,Male,City73,1921.522371,1.0,0.6000000000000001,0,2024,1,0
Home Appliances,782.94,1,26.72,Standard,Credit Card,60,Female,City20,573.738432,1.0,0.2,1,2022,9,1
Clothing,379.93,4,20.4,Next-Day,Debit Card,56,Female,City38,1209.69712,2.0,0.8,1,2022,9,3
Electronics,416.05,4,35.01,Standard,COD,31,Female,City6,1081.56358,1.0,0.8,0,2023,7,6
Toys,556.35,1,2.69,Express,COD,47,Female,City3,541.384185,1.5,0.2,0,2022,7,6
Clothing,1608.41,5,48.49,Next-Day,COD,39,Male,City60,4142.459955,2.0,1.0,0,2023,1,1
Home Appliances,853.18,3,35.91,Next-Day,Wallet,22,Male,City59,1640.409186,2.0,0.6000000000000001,1,2023,12,5
Electronics,1522.66,1,20.68,Express,Wallet,37,Female,City86,1207.773912,1.5,0.2,0,2022,6,3
Electronics,1755.4,4,5.41,Next-Day,Wallet,55,Female,City47,6641.7314400000005,2.0,0.8,0,2025,4,4
Clothing,1161.69,3,25.59,Standard,Credit Card,19,Female,City41,2593.240587,1.0,0.6000000000000001,0,2024,7,0
Electronics,828.26,1,8.55,Standard,COD,63,Male,City2,757.44377,1.0,0.2,0,2022,11,1
Electronics,812.86,4,49.67,Next-Day,COD,26,Male,City95,1636.449752,2.0,0.8,1,2024,7,6
Electronics,1033.55,3,16.94,Standard,COD,26,Female,City41,2575.39989,1.0,0.6000000000000001,0,2022,7,2
Electronics,1027.37,2,34.42,Express,Credit Card,21,Female,City26,1347.4984919999995,1.5,0.4,1,2024,2,0
Home Appliances,1813.16,1,41.34,Express,COD,56,Female,City34,1063.599656,1.5,0.2,1,2025,8,2
Clothing,1240.26,1,0.63,Express,COD,51,Female,City42,1232.446362,1.5,0.2,0,2022,1,1
Toys,245.66,5,18.67,Standard,Debit Card,38,Male,City53,998.97639,1.0,1.0,0,2022,10,0
Clothing,1658.52,3,17.82,Express,COD,19,Male,City82,4088.915208,1.5,0.6000000000000001,0,2024,12,1
Toys,1159.28,2,20.31,Standard,Credit Card,22,Female,City69,1847.660464,1.0,0.4,0,2023,12,5
Books,655.15,5,28.41,Next-Day,Debit Card,54,Male,City1,2345.109425,2.0,1.0,0,2022,4,2
Electronics,354.28,1,39.88,Standard,Credit Card,56,Female,City31,212.993136,1.0,0.2,0,2022,8,6
Clothing,1751.45,2,49.84,Express,Credit Card,44,Female,City22,1757.0546400000003,1.5,0.4,0,2025,3,3
Electronics,1725.04,4,29.14,Standard,COD,54,Male,City36,4889.453376,1.0,0.8,1,2023,10,5
Books,373.6,1,41.0,Express,Wallet,48,Male,City13,220.42400000000004,1.5,0.2,0,2024,8,6
Books,1816.03,2,19.78,Next-Day,Credit Card,33,Female,City68,2913.638532,2.0,0.4,0,2024,2,3
Electronics,1230.02,1,34.64,Next-Day,Credit Card,39,Female,City31,803.941072,2.0,0.2,1,2022,9,4
Electronics,1122.77,2,11.2,Standard,Debit Card,21,Male,City38,1994.03952,1.0,0.4,0,2023,3,4
Books,848.74,3,29.06,Express,Credit Card,44,Male,City53,1806.288468,1.5,0.6000000000000001,1,2023,7,5
Electronics,480.08,1,19.28,Standard,Wallet,58,Male,City58,387.520576,1.0,0.2,0,2022,7,0
Books,850.75,4,47.49,Express,Credit Card,22,Male,City37,1786.9152999999997,1.5,0.8,0,2023,12,3
Books,1426.36,2,15.91,Standard,Credit Card,19,Female,City86,2398.852248,1.0,0.4,1,2024,3,6
Clothing,327.46,1,47.17,Standard,Wallet,32,Male,City88,172.997118,1.0,0.2,1,2024,7,6
Clothing,1764.31,2,43.64,Express,Debit Card,18,Female,City57,1988.730232,1.5,0.4,0,2025,7,0
Toys,653.42,1,7.58,Standard,Credit Card,45,Male,City99,603.890764,1.0,0.2,0,2022,1,3
Electronics,1650.58,3,2.25,Standard,Credit Card,42,Female,City5,4840.32585,1.0,0.6000000000000001,0,2024,6,5
Home Appliances,172.86,5,1.48,Standard,Wallet,65,Male,City46,851.50836,1.0,1.0,1,2025,6,4
Toys,1931.99,2,40.32,Next-Day,Debit Card,29,Male,City5,2306.023264,2.0,0.4,0,2024,3,3
Books,758.2,2,21.01,Next-Day,Debit Card,46,Female,City60,1197.80436,2.0,0.4,1,2024,2,3
Clothing,1537.61,3,41.62,Express,Wallet,42,Female,City89,2692.9701540000005,1.5,0.6000000000000001,1,2024,8,2
Books,1759.03,1,17.31,Next-Day,Debit Card,31,Male,City29,1454.5419069999998,2.0,0.2,0,2022,11,3
Toys,892.34,2,39.13,Standard,Credit Card,57,Male,City34,1086.334716,1.0,0.4,0,2022,12,3
Clothing,1335.93,1,25.8,Standard,Credit Card,56,Male,City3,991.26006,1.0,0.2,1,2024,3,1
Electronics,947.78,4,20.19,Standard,COD,42,Female,City67,3025.692872,1.0,0.8,0,2025,3,0
Clothing,779.22,2,42.71,Standard,Credit Card,40,Male,City36,892.830276,1.0,0.4,0,2022,2,6
Clothing,1350.26,1,33.29,Express,COD,28,Male,City32,900.758446,1.5,0.2,1,2023,5,1
Books,267.4,1,9.47,Express,Credit Card,24,Male,City71,242.07722,1.5,0.2,0,2022,4,0
Electronics,463.89,4,5.87,Express,Debit Card,39,Male,City65,1746.638628,1.5,0.8,0,2025,4,4
Books,1929.97,5,27.92,Express,Credit Card,55,Female,City1,6955.61188,1.5,1.0,0,2025,3,4
Home Appliances,812.08,3,34.57,Express,Wallet,53,Female,City97,1594.031832,1.5,0.6000000000000001,0,2025,4,5
Clothing,1477.09,3,33.69,Next-Day,Wallet,41,Male,City99,2938.375137,2.0,0.6000000000000001,0,2022,10,3
Electronics,1531.63,5,44.26,Standard,Credit Card,19,Male,City70,4268.6528100000005,1.0,1.0,0,2024,5,1
Clothing,160.42,3,44.18,Standard,Wallet,37,Female,City86,268.639332,1.0,0.6000000000000001,0,2022,3,3
Electronics,806.8,5,31.7,Next-Day,Credit Card,58,Male,City35,2755.222,2.0,1.0,0,2023,1,3
Clothing,1965.09,4,12.16,Express,COD,58,Female,City58,6904.540223999999,1.5,0.8,1,2023,3,3
Clothing,960.65,1,28.46,Standard,COD,45,Male,City84,687.24901,1.0,0.2,0,2024,7,2
Toys,111.57,1,6.87,Standard,Debit Card,46,Male,City19,103.905141,1.0,0.2,1,2025,4,5
Clothing,1337.78,4,19.7,Standard,Debit Card,37,Male,City73,4296.9493600000005,1.0,0.8,0,2022,11,0
Clothing,552.83,1,23.39,Express,COD,19,Female,City91,423.523063,1.5,0.2,0,2022,8,0
Books,371.35,3,9.75,Express,Credit Card,20,Male,City47,1005.430125,1.5,0.6000000000000001,0,2025,8,5
Toys,1937.95,1,21.35,Express,Wallet,50,Male,City98,1524.197675,1.5,0.2,0,2022,6,3
Clothing,1583.63,2,0.46,Express,Credit Card,55,Female,City27,3152.690604,1.5,0.4,0,2024,7,4
Electronics,1172.24,4,21.94,Standard,Credit Card,46,Male,City85,3660.202176,1.0,0.8,0,2023,3,4
Toys,1105.06,5,1.27,Next-Day,Debit Card,46,Male,City8,5455.128689999999,2.0,1.0,0,2024,7,1
Home Appliances,1476.7,5,10.86,Next-Day,Credit Card,63,Male,City42,6581.6519,2.0,1.0,0,2023,10,4
Electronics,523.36,5,0.01,Next-Day,Wallet,36,Male,City89,2616.53832,2.0,1.0,0,2024,3,6
Electronics,520.24,3,45.31,Express,Debit Card,18,Female,City22,853.5577679999999,1.5,0.6000000000000001,0,2024,1,6
Electronics,1620.8,2,22.99,Next-Day,Credit Card,50,Female,City12,2496.35616,2.0,0.4,0,2024,2,4
Clothing,825.49,1,12.37,Standard,Debit Card,59,Female,City95,723.376887,1.0,0.2,0,2024,1,3
Home Appliances,1436.54,5,7.63,Next-Day,Wallet,29,Female,City49,6634.659989999999,2.0,1.0,1,2023,4,1
Clothing,930.97,5,46.32,Standard,COD,24,Male,City9,2498.72348,1.0,1.0,1,2024,12,4
Clothing,412.06,2,22.36,Standard,COD,18,Male,City68,639.846768,1.0,0.4,1,2022,12,0
Electronics,695.06,1,49.82,Next-Day,COD,45,Male,City9,348.781108,2.0,0.2,1,2024,3,0
Clothing,1683.87,3,48.51,Express,Credit Card,64,Female,City36,2601.073989,1.5,0.6000000000000001,0,2022,3,0
Electronics,736.01,4,7.13,Next-Day,COD,39,Male,City39,2734.129948,2.0,0.8,0,2022,5,5
Toys,1798.42,1,41.05,Express,Debit Card,31,Female,City93,1060.16859,1.5,0.2,0,2022,11,3
Electronics,964.43,5,32.98,Express,Wallet,43,Male,City23,3231.80493,1.5,1.0,0,2023,12,4
Clothing,1749.64,5,42.15,Express,Debit Card,55,Female,City100,5060.8337,1.5,1.0,1,2025,4,6
Books,1027.43,5,34.0,Next-Day,Debit Card,42,Male,City59,3390.519,2.0,1.0,0,2023,4,6
Books,784.57,4,6.98,Standard,Credit Card,64,Male,City29,2919.2280560000004,1.0,0.8,1,2024,3,3
Electronics,159.93,2,8.41,Standard,Wallet,30,Female,City23,292.959774,1.0,0.4,0,2024,8,0
Clothing,1888.02,2,24.24,Next-Day,Debit Card,31,Female,City52,2860.7279040000003,2.0,0.4,0,2023,6,0
Clothing,1575.63,1,43.3,Standard,Credit Card,18,Male,City97,893.38221,1.0,0.2,0,2025,3,2
Electronics,1741.35,3,42.13,Next-Day,Credit Card,41,Male,City63,3023.157735,2.0,0.6000000000000001,1,2025,8,1
Toys,830.85,2,46.15,Next-Day,Debit Card,35,Male,City40,894.8254499999999,2.0,0.4,0,2025,5,2
Clothing,1281.11,5,48.75,Next-Day,Debit Card,63,Female,City84,3282.844374999999,2.0,1.0,0,2025,7,5
Toys,1394.64,5,12.13,Next-Day,Debit Card,36,Male,City82,6127.350840000001,2.0,1.0,0,2023,5,3
Books,1280.01,4,45.01,Next-Day,COD,19,Female,City84,2815.509996,2.0,0.8,0,2023,8,5
Electronics,109.71,2,30.56,Standard,Credit Card,35,Female,City21,152.365248,1.0,0.4,1,2022,7,3
Electronics,597.3,4,9.11,Standard,Credit Card,54,Male,City96,2171.54388,1.0,0.8,0,2024,7,1
Clothing,579.68,2,27.8,Standard,Debit Card,21,Male,City94,837.0579199999999,1.0,0.4,1,2022,8,3
Clothing,1118.26,2,23.37,Standard,Credit Card,60,Male,City9,1713.845276,1.0,0.4,0,2024,7,3
Electronics,435.11,5,25.65,Standard,Debit Card,61,Female,City29,1617.521425,1.0,1.0,0,2023,12,3
Clothing,1644.82,1,26.66,Next-Day,Debit Card,20,Female,City1,1206.310988,2.0,0.2,0,2024,8,4
Clothing,280.31,1,1.47,Standard,Credit Card,58,Female,City14,276.189443,1.0,0.2,0,2025,9,1
Books,1095.57,4,19.11,Next-Day,Credit Card,57,Female,City60,3544.826292,2.0,0.8,1,2024,7,4
Clothing,1020.88,4,2.2,Next-Day,Debit Card,24,Female,City92,3993.68256,2.0,0.8,0,2022,10,1
Toys,689.34,5,25.18,Express,Wallet,60,Male,City25,2578.82094,1.5,1.0,0,2025,5,0
Electronics,539.95,3,43.63,Next-Day,COD,56,Male,City81,913.109445,2.0,0.6000000000000001,0,2024,1,2
Books,1491.8,2,36.86,Standard,COD,20,Female,City65,1883.84504,1.0,0.4,0,2024,1,1
Electronics,791.22,5,40.23,Standard,Debit Card,55,Male,City75,2364.5609700000005,1.0,1.0,0,2025,7,5
Electronics,1690.3,1,26.29,Next-Day,COD,44,Female,City42,1245.9201300000002,2.0,0.2,0,2023,3,5
Home Appliances,1525.2,4,30.03,Standard,Wallet,23,Female,City35,4268.72976,1.0,0.8,0,2022,5,4
Clothing,1398.69,2,38.23,Standard,Debit Card,42,Female,City77,1727.941626,1.0,0.4,0,2025,6,6
Electronics,364.92,5,3.71,Standard,COD,44,Male,City93,1756.9073400000002,1.0,1.0,1,2022,4,4
Clothing,185.39,3,13.02,Express,Wallet,61,Male,City20,483.756666,1.5,0.6000000000000001,0,2024,3,0
Electronics,605.34,5,17.43,Express,COD,26,Male,City11,2499.1461900000004,1.5,1.0,1,2023,4,1
Clothing,1264.77,2,36.32,Standard,Wallet,56,Female,City12,1610.811072,1.0,0.4,1,2025,1,4
Toys,1355.17,2,1.1,Next-Day,Wallet,51,Female,City57,2680.52626,2.0,0.4,0,2022,12,3
Books,395.16,4,20.46,Next-Day,Credit Card,26,Male,City73,1257.241056,2.0,0.8,0,2022,11,4
Toys,1426.87,2,4.57,Express,Credit Card,18,Male,City21,2723.324082,1.5,0.4,1,2023,3,3
Electronics,719.67,2,13.13,Express,Debit Card,23,Female,City47,1250.354658,1.5,0.4,0,2024,12,1
Clothing,889.15,4,34.52,Express,COD,41,Male,City64,2328.86168,1.5,0.8,0,2023,10,5
Clothing,109.5,3,32.75,Next-Day,Debit Card,56,Male,City69,220.91625,2.0,0.6000000000000001,0,2025,7,4
Clothing,740.33,2,20.44,Express,COD,59,Male,City11,1178.013096,1.5,0.4,0,2022,2,6
Electronics,191.18,3,3.91,Standard,Debit Card,63,Male,City46,551.1145859999999,1.0,0.6000000000000001,0,2023,10,1
Books,474.21,5,34.17,Next-Day,Wallet,61,Female,City26,1560.862215,2.0,1.0,1,2023,5,5
Home Appliances,1040.98,3,0.92,Next-Day,Credit Card,55,Female,City48,3094.208952,2.0,0.6000000000000001,0,2024,1,2
Toys,1250.4,5,20.28,Express,Wallet,49,Female,City64,4984.0944,1.5,1.0,0,2023,6,1
Electronics,1736.38,1,37.15,Standard,Credit Card,18,Female,City28,1091.3148300000005,1.0,0.2,1,2022,8,3
Toys,1096.71,3,20.47,Standard,Wallet,27,Female,City95,2616.640389,1.0,0.6000000000000001,0,2024,1,2
Clothing,1131.61,4,30.56,Next-Day,COD,58,Female,City49,3143.159936,2.0,0.8,1,2023,12,3
Toys,643.4,3,20.72,Express,Debit Card,52,Female,City45,1530.2625599999997,1.5,0.6000000000000001,0,2023,11,3
Books,1967.48,5,2.78,Express,Debit Card,54,Female,City21,9563.920279999998,1.5,1.0,0,2025,3,5
Toys,1687.01,1,42.12,Next-Day,COD,29,Female,City39,976.441388,2.0,0.2,1,2024,3,4
Home Appliances,739.52,3,45.61,Next-Day,Credit Card,40,Male,City21,1206.674784,2.0,0.6000000000000001,1,2025,3,4
Clothing,1499.29,4,14.78,Express,Wallet,46,Male,City60,5110.779752,1.5,0.8,1,2025,5,6
Clothing,1912.51,1,13.75,Next-Day,Credit Card,58,Female,City78,1649.5398750000002,2.0,0.2,0,2022,9,4
Clothing,613.57,2,48.7,Express,Credit Card,50,Male,City31,629.5228199999999,1.5,0.4,0,2025,4,5
Home Appliances,1572.91,2,6.74,Standard,Wallet,21,Female,City62,2933.791732,1.0,0.4,0,2022,1,2
Clothing,708.33,2,9.18,Standard,Wallet,33,Female,City94,1286.6106120000002,1.0,0.4,0,2023,5,3
Clothing,218.52,5,49.95,Express,Credit Card,41,Male,City40,546.8463,1.5,1.0,0,2022,12,5
Home Appliances,1123.93,3,35.25,Express,Credit Card,49,Male,City43,2183.234025,1.5,0.6000000000000001,1,2022,10,3
Home Appliances,893.09,4,27.85,Express,Debit Card,32,Female,City59,2577.4577400000003,1.5,0.8,0,2025,1,2
Electronics,1788.03,5,12.44,Standard,Wallet,19,Male,City70,7827.99534,1.0,1.0,0,2024,7,2
Clothing,808.74,3,14.71,Next-Day,COD,52,Female,City37,2069.323038,2.0,0.6000000000000001,0,2024,2,3
Clothing,1053.9,5,7.88,Next-Day,COD,18,Female,City5,4854.2634,2.0,1.0,1,2024,2,6
Electronics,1023.21,5,47.23,Next-Day,Debit Card,57,Female,City57,2699.7395850000003,2.0,1.0,1,2022,8,2
Home Appliances,1882.97,5,8.47,Next-Day,COD,64,Male,City81,8617.412205,2.0,1.0,1,2022,10,0
Home Appliances,879.57,5,39.23,Next-Day,Credit Card,35,Female,City14,2672.5734450000004,2.0,1.0,0,2024,1,2
Toys,514.52,1,48.12,Express,Debit Card,30,Female,City27,266.932976,1.5,0.2,0,2024,8,2
Books,611.84,2,11.64,Standard,Wallet,25,Female,City95,1081.243648,1.0,0.4,0,2022,5,0
Electronics,516.96,4,6.55,Standard,Wallet,61,Male,City66,1932.39648,1.0,0.8,0,2023,11,6
Books,1583.03,2,37.78,Standard,Credit Card,45,Male,City57,1969.922532,1.0,0.4,0,2023,5,5
Electronics,257.63,2,35.13,Next-Day,Wallet,23,Female,City16,334.249162,2.0,0.4,0,2023,8,2
Books,1666.9,2,26.85,Express,Wallet,40,Male,City69,2438.6747000000005,1.5,0.4,0,2022,10,2
Clothing,698.24,2,19.8,Express,Debit Card,56,Male,City59,1119.9769600000002,1.5,0.4,0,2023,8,2
Home Appliances,1792.52,5,5.63,Standard,Debit Card,62,Male,City48,8458.00562,1.0,1.0,0,2025,2,6
Electronics,1848.35,2,33.5,Express,Credit Card,46,Female,City23,2458.3055,1.5,0.4,1,2022,5,1
Electronics,1909.72,3,39.41,Express,Debit Card,34,Female,City82,3471.2980440000006,1.5,0.6000000000000001,1,2023,10,0
Clothing,1281.14,2,4.23,Standard,COD,42,Female,City96,2453.8955560000004,1.0,0.4,0,2023,8,1
Clothing,842.33,3,47.88,Standard,COD,40,Male,City96,1317.0671880000002,1.0,0.6000000000000001,0,2023,9,4
Electronics,1013.19,3,7.8,Express,Credit Card,34,Female,City57,2802.48354,1.5,0.6000000000000001,0,2022,3,6
Electronics,1536.81,1,48.52,Next-Day,Wallet,34,Female,City99,791.1497879999998,2.0,0.2,0,2023,10,3
Electronics,1765.02,4,35.51,Express,COD,36,Female,City1,4553.045592,1.5,0.8,1,2025,7,5
Electronics,615.13,5,46.7,Standard,Credit Card,31,Male,City79,1639.3214499999997,1.0,1.0,0,2022,7,3
Clothing,625.12,2,5.63,Next-Day,Wallet,42,Female,City48,1179.851488,2.0,0.4,0,2025,3,0
Clothing,1060.46,5,7.66,Express,Credit Card,53,Female,City95,4896.14382,1.5,1.0,0,2022,11,6
Clothing,1128.66,4,23.78,Standard,Credit Card,51,Male,City100,3441.0586080000003,1.0,0.8,0,2022,8,4
Toys,490.78,1,26.04,Express,COD,50,Female,City47,362.980888,1.5,0.2,0,2022,2,4
Books,420.03,3,39.78,Standard,Wallet,40,Male,City17,758.8261980000001,1.0,0.6000000000000001,0,2022,8,2
Electronics,1751.59,4,8.96,Express,COD,58,Female,City88,6378.590144,1.5,0.8,1,2025,4,0
Electronics,470.78,2,24.3,Next-Day,Debit Card,26,Female,City34,712.7609199999999,2.0,0.4,0,2022,8,1
Books,1131.53,1,2.47,Standard,Credit Card,27,Male,City16,1103.581209,1.0,0.2,0,2022,11,3
Electronics,1374.85,3,17.25,Standard,COD,26,Female,City13,3413.065125,1.0,0.6000000000000001,0,2025,5,0
Electronics,146.89,4,32.19,Standard,COD,32,Male,City53,398.424436,1.0,0.8,0,2025,6,2
Clothing,198.77,2,47.08,Express,Credit Card,58,Male,City36,210.378168,1.5,0.4,1,2024,11,5
Toys,1007.99,4,9.77,Express,COD,56,Male,City32,3638.037508,1.5,0.8,1,2023,10,3
Clothing,1800.92,4,43.0,Express,Credit Card,45,Male,City21,4106.097600000001,1.5,0.8,1,2024,9,2
Home Appliances,1803.93,4,41.02,Next-Day,Wallet,27,Female,City89,4255.831656,2.0,0.8,0,2022,1,5
Clothing,360.94,2,20.41,Next-Day,Debit Card,18,Female,City75,574.544292,2.0,0.4,0,2024,11,3
Clothing,1964.03,2,11.52,Express,Debit Card,48,Female,City87,3475.547488,1.5,0.4,0,2022,12,5
Electronics,1614.59,2,13.01,Next-Day,COD,22,Female,City57,2809.063682,2.0,0.4,0,2025,9,2
Toys,1609.18,2,15.31,Standard,Debit Card,23,Female,City73,2725.629084,1.0,0.4,0,2023,3,6
Electronics,1343.59,2,0.43,Standard,Wallet,57,Male,City73,2675.625126,1.0,0.4,0,2024,12,6
Toys,629.48,3,2.35,Next-Day,Debit Card,35,Male,City42,1844.06166,2.0,0.6000000000000001,0,2023,9,5
Toys,510.41,5,40.98,Express,COD,53,Male,City100,1506.2199100000005,1.5,1.0,0,2024,7,2
Toys,1735.5,5,18.41,Standard,COD,33,Male,City55,7079.97225,1.0,1.0,1,2024,6,4
Electronics,1787.15,3,20.28,Next-Day,Wallet,64,Female,City82,4274.147940000001,2.0,0.6000000000000001,0,2024,5,1
Electronics,934.12,5,43.5,Standard,Credit Card,45,Male,City72,2638.889,1.0,1.0,0,2024,12,0
Clothing,1272.11,5,5.39,Standard,Wallet,38,Female,City73,6017.716355,1.0,1.0,0,2022,3,1
Clothing,1223.35,2,44.05,Standard,COD,61,Female,City84,1368.92865,1.0,0.4,0,2022,6,6
Clothing,330.54,1,39.15,Next-Day,Debit Card,54,Male,City58,201.13359000000003,2.0,0.2,1,2023,8,3
Electronics,1471.36,5,7.62,Next-Day,Credit Card,42,Male,City71,6796.211839999999,2.0,1.0,0,2022,1,4
Clothing,390.78,3,4.03,Express,COD,42,Male,City92,1125.094698,1.5,0.6000000000000001,0,2022,11,6
Clothing,1223.7,5,47.3,Next-Day,Debit Card,47,Female,City22,3224.4495,2.0,1.0,1,2023,8,4
Toys,1724.03,4,35.49,Standard,Wallet,21,Male,City40,4448.687012,1.0,0.8,0,2023,5,4
Electronics,705.81,1,18.86,Standard,Debit Card,44,Male,City68,572.6942339999999,1.0,0.2,0,2025,6,2
Clothing,1573.3,3,29.18,Express,Debit Card,49,Female,City86,3342.63318,1.5,0.6000000000000001,1,2023,11,6
Clothing,592.98,5,12.84,Next-Day,Credit Card,65,Female,City60,2584.2068400000003,2.0,1.0,0,2023,5,4
Toys,1525.48,2,30.66,Standard,COD,37,Female,City13,2115.535664,1.0,0.4,0,2024,6,6
Clothing,1065.28,3,7.98,Next-Day,COD,44,Female,City30,2940.811968,2.0,0.6000000000000001,0,2023,5,2
Toys,283.53,4,32.42,Express,Debit Card,49,Female,City76,766.4382959999999,1.5,0.8,1,2022,12,3
Electronics,1152.05,2,46.68,Express,COD,23,Male,City35,1228.54612,1.5,0.4,0,2024,8,0
Electronics,1251.56,2,17.27,Standard,COD,41,Female,City63,2070.831176,1.0,0.4,0,2022,7,0
Electronics,1121.03,1,15.42,Standard,Credit Card,65,Female,City12,948.167174,1.0,0.2,0,2022,8,6
Toys,770.87,3,37.31,Standard,Debit Card,54,Female,City95,1449.775209,1.0,0.6000000000000001,0,2023,2,3
Electronics,1173.27,4,47.04,Next-Day,Credit Card,38,Male,City61,2485.4551680000004,2.0,0.8,0,2025,2,0
Clothing,1124.25,2,5.67,Next-Day,Credit Card,62,Male,City63,2121.01005,2.0,0.4,0,2025,6,5
Home Appliances,790.36,1,29.52,Next-Day,COD,49,Male,City9,557.0457279999999,2.0,0.2,0,2022,1,5
Clothing,1713.2,3,7.74,Standard,Credit Card,38,Female,City31,4741.79496,1.0,0.6000000000000001,0,2024,9,4
Clothing,418.12,4,49.39,Standard,Debit Card,59,Female,City84,846.442128,1.0,0.8,0,2025,1,6
Electronics,287.48,2,29.16,Standard,COD,43,Female,City84,407.301664,1.0,0.4,0,2025,3,6
Toys,1376.46,4,46.28,Standard,Credit Card,55,Female,City31,2957.7372480000004,1.0,0.8,0,2022,10,2
Clothing,1241.34,1,1.45,Express,Debit Card,39,Female,City13,1223.34057,1.5,0.2,1,2023,1,3
Clothing,1717.07,5,29.79,Next-Day,COD,65,Male,City9,6027.774235,2.0,1.0,0,2025,6,6
Electronics,920.99,5,45.21,Express,COD,19,Female,City65,2523.052105,1.5,1.0,0,2024,6,5
Clothing,1927.93,5,6.29,Next-Day,Debit Card,35,Female,City13,9033.316015,2.0,1.0,1,2023,3,1
Electronics,1936.82,3,24.31,Next-Day,COD,24,Female,City93,4397.937174,2.0,0.6000000000000001,0,2025,8,1
Electronics,1046.51,2,12.85,Standard,Debit Card,55,Male,City6,1824.06693,1.0,0.4,0,2025,1,3
Clothing,1047.67,4,13.94,Express,Debit Card,38,Female,City17,3606.499208,1.5,0.8,0,2022,6,1
Electronics,199.95,4,1.73,Standard,Wallet,38,Male,City78,785.9634599999999,1.0,0.8,0,2024,2,5
Electronics,214.77,3,35.29,Standard,Wallet,37,Male,City63,416.9330010000001,1.0,0.6000000000000001,1,2024,1,3
Electronics,397.28,3,44.61,Express,Debit Card,41,Female,City65,660.160176,1.5,0.6000000000000001,0,2022,4,4
Clothing,1174.51,3,49.08,Next-Day,Wallet,36,Female,City24,1794.1814760000002,2.0,0.6000000000000001,0,2022,3,2
Clothing,396.08,1,20.26,Next-Day,Wallet,59,Female,City47,315.834192,2.0,0.2,1,2024,1,6
Electronics,1505.9,5,46.79,Next-Day,Wallet,62,Female,City29,4006.44695,2.0,1.0,1,2024,1,2
Clothing,1306.36,1,32.74,Standard,Wallet,23,Female,City100,878.6577359999999,1.0,0.2,0,2023,11,2
Books,1304.14,2,47.43,Next-Day,Wallet,54,Male,City77,1371.1727960000003,2.0,0.4,0,2025,2,2
Electronics,526.93,1,45.39,Next-Day,Wallet,26,Male,City51,287.756473,2.0,0.2,0,2024,11,3
Clothing,1452.03,4,34.98,Next-Day,Credit Card,57,Female,City77,3776.439624000001,2.0,0.8,1,2022,11,1
Home Appliances,913.74,5,21.15,Standard,Debit Card,40,Male,City34,3602.41995,1.0,1.0,0,2025,8,6
Electronics,1941.45,3,9.86,Standard,Wallet,39,Male,City42,5250.06909,1.0,0.6000000000000001,1,2022,10,2
Toys,1256.58,2,20.08,Standard,Credit Card,30,Male,City17,2008.517472,1.0,0.4,0,2024,4,6
Clothing,444.41,4,37.96,Standard,Debit Card,45,Male,City45,1102.847856,1.0,0.8,0,2025,4,4
Toys,1252.87,5,49.58,Next-Day,COD,36,Male,City51,3158.48527,2.0,1.0,0,2025,2,4
Home Appliances,1671.39,4,21.14,Next-Day,Wallet,53,Female,City96,5272.232616,2.0,0.8,0,2025,1,2
Toys,1289.14,3,9.17,Next-Day,Credit Card,49,Male,City87,3512.777586,2.0,0.6000000000000001,0,2022,1,0
Toys,1140.84,1,21.25,Next-Day,Credit Card,57,Female,City32,898.4114999999999,2.0,0.2,0,2025,8,4
Books,1386.57,2,36.46,Standard,COD,39,Male,City67,1762.0531559999995,1.0,0.4,1,2022,2,1
Books,440.89,4,40.94,Next-Day,Credit Card,58,Male,City50,1041.558536,2.0,0.8,0,2024,6,0
Electronics,102.89,5,47.02,Express,Wallet,21,Male,City98,272.55561000000006,1.5,1.0,0,2023,1,5
Electronics,1680.59,5,10.45,Next-Day,Debit Card,60,Female,City15,7524.841724999998,2.0,1.0,0,2022,4,2
Home Appliances,1906.07,3,0.11,Next-Day,COD,57,Female,City72,5711.9199690000005,2.0,0.6000000000000001,0,2024,12,2
Clothing,475.78,2,7.53,Standard,COD,51,Male,City64,879.907532,1.0,0.4,0,2023,4,4
Books,602.64,2,25.16,Express,COD,34,Male,City24,902.031552,1.5,0.4,0,2024,11,5
Electronics,536.94,5,25.37,Next-Day,Debit Card,39,Male,City20,2003.59161,2.0,1.0,0,2024,10,1
Clothing,497.07,5,35.75,Next-Day,Wallet,52,Female,City45,1596.837375,2.0,1.0,1,2024,6,6
Clothing,1869.24,4,45.79,Express,Credit Card,31,Female,City66,4053.260016,1.5,0.8,0,2022,7,5
Electronics,729.21,4,10.73,Express,Debit Card,35,Female,City42,2603.863068,1.5,0.8,1,2022,12,0
Electronics,984.95,3,47.26,Standard,Credit Card,19,Male,City50,1558.3878900000004,1.0,0.6000000000000001,0,2023,4,0
Clothing,1670.63,4,23.43,Express,Wallet,65,Male,City85,5116.805564,1.5,0.8,0,2022,7,0
Clothing,941.94,4,44.21,Express,Wallet,34,Male,City81,2102.0333040000005,1.5,0.8,0,2022,11,1
Books,1662.13,5,0.16,Express,Wallet,59,Female,City8,8297.35296,1.5,1.0,0,2022,12,4
Toys,533.75,4,21.4,Standard,Wallet,25,Male,City66,1678.11,1.0,0.8,0,2025,6,0
Clothing,1911.16,2,6.09,Next-Day,Credit Card,59,Male,City86,3589.5407120000004,2.0,0.4,0,2022,4,4
Books,326.63,3,39.67,Express,Wallet,61,Female,City21,591.1676369999999,1.5,0.6000000000000001,0,2022,9,2
Home Appliances,994.14,5,23.26,Express,Debit Card,39,Male,City88,3814.51518,1.5,1.0,1,2024,9,2
Books,1351.53,2,26.94,Express,Wallet,64,Male,City39,1974.855636,1.5,0.4,0,2024,9,5
Electronics,1816.02,2,25.84,Express,COD,49,Female,City82,2693.520864,1.5,0.4,0,2022,7,6
Books,1716.76,4,11.9,Express,COD,59,Female,City85,6049.86224,1.5,0.8,0,2023,12,4
Electronics,529.84,1,42.61,Next-Day,Debit Card,47,Male,City60,304.07517600000006,2.0,0.2,0,2024,1,0
Electronics,785.18,4,10.05,Standard,Wallet,34,Male,City82,2825.0776399999995,1.0,0.8,0,2024,1,3
Clothing,125.76,1,26.12,Next-Day,Credit Card,46,Male,City4,92.911488,2.0,0.2,0,2024,6,4
Toys,686.94,2,24.3,Standard,Debit Card,19,Female,City65,1040.02716,1.0,0.4,0,2022,9,6
Electronics,1484.14,1,47.57,Next-Day,Credit Card,45,Female,City93,778.1346020000001,2.0,0.2,1,2023,5,6
Electronics,440.83,2,7.82,Next-Day,Debit Card,62,Male,City93,812.7141879999999,2.0,0.4,0,2023,10,6
Electronics,1135.53,1,16.49,Standard,Wallet,52,Female,City72,948.281103,1.0,0.2,0,2023,6,2
Books,1675.61,4,14.43,Express,Wallet,60,Female,City69,5735.277908,1.5,0.8,1,2022,7,6
Toys,1517.03,4,31.81,Express,COD,28,Male,City29,4137.851028,1.5,0.8,1,2023,9,2
Clothing,1945.33,2,6.27,Next-Day,Debit Card,22,Male,City33,3646.715618,2.0,0.4,0,2024,6,6
Clothing,1338.12,2,40.85,Next-Day,Credit Card,24,Male,City60,1582.9959599999995,2.0,0.4,1,2024,12,5
Clothing,1685.25,4,16.34,Standard,COD,25,Female,City74,5639.5206,1.0,0.8,0,2022,10,2
Electronics,1797.05,2,46.82,Express,Debit Card,51,Female,City35,1911.34238,1.5,0.4,0,2023,2,5
Electronics,384.58,2,33.23,Express,Wallet,47,Female,City13,513.568132,1.5,0.4,0,2025,8,4
Toys,1520.19,1,15.79,Next-Day,Wallet,20,Female,City83,1280.1519990000002,2.0,0.2,0,2022,10,2
Electronics,1375.64,1,9.36,Standard,COD,23,Male,City30,1246.880096,1.0,0.2,0,2025,8,1
Home Appliances,1375.34,3,41.86,Standard,Credit Card,51,Female,City28,2398.868028,1.0,0.6000000000000001,1,2023,8,3
Electronics,732.14,2,27.11,Express,COD,55,Male,City86,1067.313692,1.5,0.4,0,2024,6,3
Home Appliances,1316.45,3,19.89,Express,Wallet,39,Male,City39,3163.8242850000006,1.5,0.6000000000000001,1,2022,7,5
Electronics,266.8,1,1.85,Standard,Wallet,64,Male,City79,261.86420000000004,1.0,0.2,0,2025,5,6
Electronics,617.64,2,31.62,Next-Day,Credit Card,54,Female,City55,844.6844639999999,2.0,0.4,0,2023,3,5
Electronics,864.59,5,35.94,Express,Debit Card,55,Female,City23,2769.28177,1.5,1.0,0,2022,5,5
Clothing,1492.29,1,2.8,Express,Wallet,48,Female,City88,1450.50588,1.5,0.2,0,2023,1,5
Books,1490.2,4,15.06,Next-Day,Wallet,34,Female,City14,5063.10352,2.0,0.8,0,2024,4,0
Electronics,1456.8,1,19.82,Standard,Wallet,36,Male,City90,1168.06224,1.0,0.2,1,2022,7,4
Electronics,1698.18,5,44.86,Next-Day,COD,29,Male,City71,4681.882259999999,2.0,1.0,0,2022,10,1
Toys,622.47,3,14.85,Standard,COD,48,Male,City19,1590.099615,1.0,0.6000000000000001,1,2022,6,6
Clothing,735.92,2,30.92,Next-Day,Wallet,22,Male,City3,1016.747072,2.0,0.4,0,2024,7,5
Clothing,751.19,2,42.31,Express,Debit Card,35,Male,City9,866.723022,1.5,0.4,0,2025,6,2
Home Appliances,1981.09,1,8.92,Standard,Credit Card,34,Female,City34,1804.376772,1.0,0.2,0,2022,10,1
Electronics,175.92,4,24.95,Standard,COD,34,Male,City36,528.1118399999999,1.0,0.8,0,2022,3,1
Books,1731.79,1,30.77,Next-Day,Wallet,22,Female,City64,1198.918217,2.0,0.2,0,2023,12,4
Electronics,1535.22,3,22.3,Standard,Debit Card,33,Male,City80,3578.59782,1.0,0.6000000000000001,0,2025,2,0
Home Appliances,702.08,4,29.46,Standard,COD,62,Male,City49,1980.988928,1.0,0.8,0,2022,4,0
Toys,1287.33,1,0.76,Standard,Credit Card,24,Female,City15,1277.5462919999998,1.0,0.2,0,2023,5,2
Electronics,1161.55,3,44.06,Express,Wallet,22,Male,City34,1949.3132099999996,1.5,0.6000000000000001,1,2024,10,4
Clothing,759.28,5,27.33,Standard,Debit Card,44,Female,City69,2758.84388,1.0,1.0,0,2023,10,6
Toys,700.14,4,6.44,Express,COD,19,Male,City60,2620.203936,1.5,0.8,1,2023,8,1
Books,508.0,1,35.34,Express,Debit Card,21,Female,City32,328.47279999999995,1.5,0.2,1,2025,4,6
Clothing,865.37,4,27.85,Next-Day,Debit Card,65,Male,City71,2497.45782,2.0,0.8,0,2022,9,3
Books,1908.54,1,32.88,Standard,Debit Card,63,Male,City30,1281.012048,1.0,0.2,0,2024,4,5
Books,712.85,4,29.5,Next-Day,Credit Card,21,Female,City77,2010.2370000000003,2.0,0.8,0,2022,5,0
Toys,1492.89,2,3.38,Standard,Wallet,37,Female,City98,2884.860636,1.0,0.4,0,2024,3,6
Electronics,1899.97,2,20.3,Express,Debit Card,37,Male,City91,3028.55218,1.5,0.4,0,2024,12,1
Books,174.93,2,14.4,Next-Day,Credit Card,59,Male,City81,299.48016,2.0,0.4,0,2022,12,1
Home Appliances,1364.96,3,7.8,Standard,Debit Card,39,Female,City37,3775.47936,1.0,0.6000000000000001,0,2023,1,3
Clothing,1721.81,4,19.35,Express,Wallet,27,Male,City10,5554.55906,1.5,0.8,0,2024,9,1
Books,687.37,3,24.18,Standard,Wallet,29,Female,City7,1563.491802,1.0,0.6000000000000001,0,2023,9,0
Electronics,659.18,5,20.1,Next-Day,Credit Card,33,Female,City79,2633.4240999999997,2.0,1.0,0,2023,12,5
Home Appliances,1731.34,3,20.91,Standard,Wallet,29,Female,City54,4107.950417999999,1.0,0.6000000000000001,1,2024,4,2
Electronics,967.96,2,40.05,Express,COD,36,Female,City67,1160.5840400000002,1.5,0.4,0,2023,4,4
Toys,852.53,4,49.1,Standard,Debit Card,49,Male,City17,1735.75108,1.0,0.8,0,2022,11,2
Clothing,614.82,4,15.5,Express,Wallet,28,Male,City1,2078.0916,1.5,0.8,0,2024,1,2
Clothing,102.89,4,45.76,Express,COD,52,Female,City44,223.230144,1.5,0.8,0,2022,11,3
Clothing,343.28,5,40.48,Standard,COD,41,Male,City30,1021.60128,1.0,1.0,1,2025,7,5
Clothing,1438.05,3,44.43,Standard,COD,26,Male,City100,2397.373155,1.0,0.6000000000000001,0,2025,6,6
Clothing,1700.42,2,4.03,Next-Day,Debit Card,29,Male,City42,3263.786148,2.0,0.4,1,2025,4,1
Toys,410.24,2,26.22,Next-Day,Debit Card,40,Female,City48,605.350144,2.0,0.4,1,2024,12,5
Home Appliances,338.3,3,27.85,Standard,COD,46,Female,City100,732.2503500000001,1.0,0.6000000000000001,1,2025,1,3
Electronics,424.86,3,11.09,Standard,Wallet,38,Male,City17,1133.2290779999998,1.0,0.6000000000000001,0,2024,7,2
Clothing,1978.15,4,28.52,Next-Day,Wallet,27,Male,City15,5655.92648,2.0,0.8,0,2024,6,4
Toys,1767.64,3,47.68,Express,COD,62,Female,City16,2774.487744,1.5,0.6000000000000001,1,2025,4,3
Toys,627.1,5,36.71,Next-Day,Credit Card,43,Male,City68,1984.45795,2.0,1.0,0,2023,6,5
Toys,1478.37,4,28.56,Express,Credit Card,48,Female,City49,4224.590112,1.5,0.8,0,2023,9,2
Electronics,580.36,3,35.81,Express,Credit Card,61,Male,City52,1117.5992519999998,1.5,0.6000000000000001,0,2022,12,1
Clothing,1045.04,5,39.98,Next-Day,Credit Card,59,Female,City96,3136.1650400000003,2.0,1.0,0,2024,8,0
Clothing,1699.82,1,38.06,Express,Credit Card,23,Male,City31,1052.8685079999998,1.5,0.2,0,2023,2,6
Toys,335.83,4,26.98,Express,Credit Card,54,Female,City69,980.892264,1.5,0.8,0,2022,12,1
Electronics,250.24,2,49.77,Next-Day,Wallet,42,Female,City62,251.391104,2.0,0.4,0,2023,5,2
Electronics,1024.72,1,12.32,Express,COD,42,Female,City30,898.474496,1.5,0.2,0,2022,6,1
Books,851.03,4,23.42,Standard,Wallet,62,Female,City66,2606.875096,1.0,0.8,1,2024,3,6
Home Appliances,1397.71,4,39.68,Express,Credit Card,29,Female,City54,3372.394688,1.5,0.8,1,2022,10,5
Clothing,771.89,1,19.77,Standard,Debit Card,33,Female,City70,619.287347,1.0,0.2,0,2024,11,3
Electronics,895.4,4,9.41,Next-Day,Wallet,44,Female,City34,3244.57144,2.0,0.8,0,2024,6,3
Clothing,891.54,2,40.03,Express,Credit Card,58,Male,City39,1069.313076,1.5,0.4,0,2022,4,6
Clothing,1767.39,4,22.76,Express,COD,60,Male,City17,5460.528144,1.5,0.8,0,2024,4,1
Home Appliances,1861.67,1,48.01,Express,Wallet,34,Female,City45,967.882233,1.5,0.2,1,2025,1,5
Toys,1544.87,1,20.72,Express,Debit Card,48,Female,City4,1224.7729359999998,1.5,0.2,0,2025,8,4
Toys,1840.11,2,22.75,Next-Day,Wallet,23,Female,City16,2842.96995,2.0,0.4,1,2025,4,2
Electronics,1038.6,2,27.41,Next-Day,Debit Card,46,Male,City88,1507.83948,2.0,0.4,1,2023,5,5
Electronics,736.19,3,38.2,Next-Day,COD,64,Male,City52,1364.89626,2.0,0.6000000000000001,0,2023,7,3
Electronics,820.86,5,23.1,Next-Day,Credit Card,30,Female,City74,3156.2067,2.0,1.0,0,2025,6,2
Clothing,1717.58,1,8.8,Express,COD,57,Male,City39,1566.43296,1.5,0.2,0,2022,7,4
Clothing,1363.89,1,12.59,Standard,Debit Card,64,Female,City92,1192.176249,1.0,0.2,0,2025,3,5
Electronics,1472.7,2,9.61,Next-Day,Credit Card,46,Female,City82,2662.34706,2.0,0.4,0,2022,10,6
Electronics,538.34,2,15.21,Standard,Credit Card,55,Female,City65,912.916972,1.0,0.4,1,2024,12,4
Books,330.61,2,0.42,Next-Day,COD,36,Female,City62,658.4428760000001,2.0,0.4,0,2025,2,3
Clothing,569.0,1,35.07,Standard,Wallet,44,Female,City49,369.4517,1.0,0.2,0,2025,3,6
Electronics,707.09,5,41.21,Next-Day,COD,28,Male,City71,2078.491055,2.0,1.0,0,2024,2,5
Clothing,1490.78,4,13.9,Next-Day,Wallet,47,Female,City73,5134.24632,2.0,0.8,1,2023,1,1
Toys,1514.45,1,35.11,Next-Day,Credit Card,21,Female,City53,982.726605,2.0,0.2,1,2023,10,1
Electronics,880.06,4,3.24,Express,Wallet,40,Female,City41,3406.184224,1.5,0.8,0,2024,1,6
Electronics,1475.8,3,46.77,Standard,COD,27,Male,City10,2356.70502,1.0,0.6000000000000001,0,2024,2,6
Clothing,1047.1,2,22.67,Standard,Wallet,51,Male,City72,1619.4448599999998,1.0,0.4,1,2023,10,4
Electronics,1919.21,1,44.6,Express,Wallet,27,Male,City3,1063.24234,1.5,0.2,1,2022,1,6
Books,436.57,1,17.13,Standard,Debit Card,54,Female,City28,361.785559,1.0,0.2,0,2022,1,6
Books,170.0,5,47.79,Next-Day,Credit Card,49,Male,City74,443.785,2.0,1.0,0,2025,1,0
Clothing,1473.44,5,4.54,Express,Wallet,37,Male,City10,7032.729120000001,1.5,1.0,0,2022,12,2
Electronics,562.85,2,6.78,Express,Debit Card,32,Female,City39,1049.3775400000002,1.5,0.4,0,2022,9,3
Clothing,1918.81,4,43.22,Express,Wallet,45,Male,City14,4358.001272,1.5,0.8,1,2022,8,2
Toys,1957.24,5,11.41,Standard,Debit Card,24,Female,City14,8669.59458,1.0,1.0,0,2024,6,0
Home Appliances,529.61,3,25.11,Express,Wallet,42,Female,City75,1189.874787,1.5,0.6000000000000001,1,2024,4,1
Clothing,662.57,1,25.22,Express,Credit Card,42,Male,City96,495.4698460000001,1.5,0.2,0,2022,11,3
Books,799.46,4,24.24,Next-Day,Credit Card,63,Male,City70,2422.6835840000003,2.0,0.8,1,2023,5,2
Home Appliances,1292.97,5,3.06,Next-Day,Wallet,62,Female,City14,6267.02559,2.0,1.0,0,2024,3,5
Electronics,536.8,5,6.3,Next-Day,Credit Card,36,Male,City72,2514.9080000000004,2.0,1.0,0,2023,9,2
Toys,1329.21,2,40.71,Next-Day,COD,33,Male,City23,1576.177218,2.0,0.4,0,2024,9,3
Clothing,1905.36,5,0.11,Next-Day,COD,39,Male,City48,9516.32052,2.0,1.0,0,2022,8,0
Clothing,1114.91,5,3.97,Standard,COD,18,Male,City48,5353.240365000001,1.0,1.0,0,2023,7,5
Home Appliances,1420.24,1,15.29,Express,Wallet,65,Male,City74,1203.085304,1.5,0.2,0,2023,6,4
Clothing,1528.1,1,17.3,Express,Credit Card,22,Female,City16,1263.7387,1.5,0.2,0,2024,8,3
Clothing,1984.91,1,35.8,Express,Debit Card,20,Male,City47,1274.31222,1.5,0.2,0,2024,11,2
Toys,1461.0,1,29.96,Express,Credit Card,18,Male,City32,1023.2844,1.5,0.2,0,2025,3,0
Books,893.52,4,22.26,Express,Debit Card,52,Male,City33,2778.489792,1.5,0.8,1,2024,1,1
Clothing,1244.74,2,10.43,Standard,COD,18,Male,City79,2229.827236,1.0,0.4,0,2022,8,0
Clothing,1862.5,4,28.85,Express,Debit Card,31,Female,City88,5300.675,1.5,0.8,1,2024,2,3
Clothing,388.05,2,33.34,Standard,Wallet,50,Male,City79,517.34826,1.0,0.4,1,2023,5,0
Electronics,1685.26,4,30.25,Express,Debit Card,52,Male,City38,4701.8754,1.5,0.8,0,2024,1,1
Books,886.43,3,7.07,Express,Credit Card,51,Male,City55,2471.278197,1.5,0.6000000000000001,1,2025,4,2
Electronics,1268.9,2,8.3,Standard,COD,34,Female,City69,2327.1626,1.0,0.4,0,2023,3,6
Clothing,753.81,5,11.43,Standard,Credit Card,35,Female,City22,3338.247585,1.0,1.0,0,2023,8,6
Books,311.77,4,0.47,Standard,Debit Card,18,Female,City24,1241.2187239999998,1.0,0.8,1,2024,1,4
Electronics,1259.67,2,37.12,Standard,Wallet,45,Female,City100,1584.160992,1.0,0.4,1,2023,4,5
Toys,965.67,3,18.19,Express,Credit Card,59,Female,City30,2370.043881,1.5,0.6000000000000001,0,2025,5,1
Clothing,1607.9,3,46.97,Next-Day,Wallet,65,Female,City99,2558.00811,2.0,0.6000000000000001,1,2023,9,1
Electronics,876.3,3,14.07,Standard,Debit Card,22,Male,City28,2259.01377,1.0,0.6000000000000001,0,2023,4,1
Home Appliances,1692.74,2,6.27,Standard,COD,21,Male,City65,3173.210404,1.0,0.4,0,2022,8,4
Home Appliances,1200.65,5,5.74,Standard,COD,51,Female,City81,5658.66345,1.0,1.0,0,2025,1,6
Clothing,1861.28,5,4.82,Express,Debit Card,55,Male,City29,8857.83152,1.5,1.0,0,2024,5,2
Clothing,878.55,3,0.71,Express,Credit Card,46,Female,City5,2616.936885,1.5,0.6000000000000001,1,2025,5,1
Clothing,1411.55,5,0.84,Standard,Wallet,49,Male,City18,6998.4649,1.0,1.0,1,2025,6,6
Electronics,1484.46,1,23.65,Express,Credit Card,18,Female,City36,1133.38521,1.5,0.2,0,2022,9,1
Electronics,630.58,4,3.75,Express,Debit Card,43,Male,City24,2427.733,1.5,0.8,0,2022,9,0
Clothing,545.42,4,36.99,Next-Day,Wallet,62,Male,City8,1374.676568,2.0,0.8,0,2022,12,6
Toys,784.19,2,47.24,Express,Credit Card,61,Male,City64,827.477288,1.5,0.4,0,2023,12,6
Home Appliances,1825.71,4,6.47,Next-Day,Credit Card,49,Female,City23,6830.346252,2.0,0.8,0,2022,4,5
Clothing,540.77,3,0.11,Standard,COD,36,Female,City35,1620.525459,1.0,0.6000000000000001,0,2024,8,1
Home Appliances,146.88,5,35.4,Standard,Wallet,36,Female,City92,474.4224,1.0,1.0,0,2025,8,2
Electronics,141.96,1,41.23,Standard,Debit Card,58,Female,City20,83.42989200000002,1.0,0.2,0,2025,8,4
Clothing,488.15,4,30.26,Standard,Debit Card,22,Male,City35,1361.74324,1.0,0.8,0,2022,10,3
Clothing,660.39,2,35.82,Next-Day,Debit Card,38,Male,City56,847.6766039999999,2.0,0.4,0,2022,9,4
Clothing,1955.23,2,46.88,Standard,Credit Card,61,Male,City28,2077.2363519999994,1.0,0.4,0,2023,3,6
Electronics,916.38,5,43.89,Express,Debit Card,51,Male,City2,2570.9040899999995,1.5,1.0,0,2025,5,0
Electronics,703.2,2,20.55,Standard,Credit Card,43,Male,City43,1117.3848,1.0,0.4,1,2025,7,2
Electronics,1331.33,2,41.07,Standard,Debit Card,51,Female,City73,1569.1055379999998,1.0,0.4,0,2023,6,1
Clothing,743.68,2,33.4,Standard,COD,55,Male,City53,990.58176,1.0,0.4,1,2023,6,2
Clothing,1852.0,2,0.37,Standard,Credit Card,18,Female,City44,3690.2952,1.0,0.4,0,2022,4,4
Clothing,1943.16,1,16.99,Standard,Wallet,42,Female,City97,1613.0171160000002,1.0,0.2,1,2023,6,3
Electronics,1069.54,5,41.32,Standard,COD,24,Female,City69,3138.03036,1.0,1.0,1,2024,7,3
Clothing,1726.08,4,46.04,Standard,Debit Card,44,Male,City38,3725.571072,1.0,0.8,0,2023,5,2
Clothing,1121.87,1,13.54,Express,Credit Card,21,Male,City86,969.968802,1.5,0.2,0,2023,12,1
Clothing,1407.15,1,47.86,Express,Credit Card,34,Male,City70,733.6880100000002,1.5,0.2,1,2024,10,5
Clothing,1934.95,1,17.92,Next-Day,Wallet,32,Female,City13,1588.20696,2.0,0.2,1,2023,2,2
Books,501.99,3,29.07,Express,Debit Card,55,Female,City45,1068.184521,1.5,0.6000000000000001,0,2024,10,0
Clothing,432.87,3,15.26,Standard,Wallet,32,Male,City37,1100.4421140000002,1.0,0.6000000000000001,1,2024,9,0
Electronics,743.07,3,7.45,Next-Day,Debit Card,36,Female,City45,2063.133855,2.0,0.6000000000000001,0,2022,3,2
Clothing,175.98,4,40.34,Express,Wallet,20,Male,City99,419.958672,1.5,0.8,1,2022,1,4
Toys,1832.26,4,24.57,Standard,Credit Card,40,Female,City60,5528.294872,1.0,0.8,0,2025,6,2
Clothing,1702.67,4,2.79,Next-Day,Debit Card,29,Female,City45,6620.662028,2.0,0.8,0,2024,6,6
Clothing,393.03,5,25.06,Express,COD,33,Female,City17,1472.68341,1.5,1.0,1,2024,4,2
Toys,1416.7,2,19.44,Next-Day,Debit Card,28,Male,City34,2282.58704,2.0,0.4,0,2024,12,1
Clothing,970.81,5,5.49,Express,COD,51,Male,City88,4587.562655,1.5,1.0,0,2023,11,6
Books,449.6,5,41.29,Next-Day,Debit Card,44,Female,City50,1319.8008,2.0,1.0,0,2022,6,3
Electronics,209.9,5,13.73,Express,Debit Card,65,Male,City25,905.40365,1.5,1.0,1,2022,3,5
Clothing,422.52,4,0.89,Standard,Credit Card,30,Female,City27,1675.038288,1.0,0.8,0,2023,1,1
Home Appliances,1077.9,1,26.63,Next-Day,Debit Card,37,Male,City23,790.8552300000001,2.0,0.2,0,2023,6,4
Electronics,1516.73,2,46.43,Standard,COD,43,Male,City46,1625.0245220000002,1.0,0.4,0,2023,3,0
Clothing,1178.58,5,28.28,Next-Day,Credit Card,50,Male,City46,4226.38788,2.0,1.0,0,2023,7,4
Books,1771.12,1,25.22,Express,Credit Card,35,Male,City4,1324.443536,1.5,0.2,0,2023,2,0
Clothing,1855.44,5,0.95,Standard,Debit Card,39,Male,City68,9189.066600000002,1.0,1.0,0,2024,12,3
Books,1966.44,1,17.64,Next-Day,Wallet,57,Male,City71,1619.559984,2.0,0.2,0,2023,1,1
Electronics,570.14,3,7.16,Next-Day,Credit Card,51,Female,City37,1587.953928,2.0,0.6000000000000001,1,2023,6,2
Books,762.66,3,3.68,Next-Day,Debit Card,37,Male,City76,2203.782336,2.0,0.6000000000000001,0,2023,12,2
Clothing,1265.29,2,49.16,Standard,Wallet,23,Male,City8,1286.546872,1.0,0.4,1,2023,5,1
Books,899.87,4,17.57,Express,Wallet,26,Male,City47,2967.051364,1.5,0.8,0,2022,7,3
Electronics,605.12,5,30.58,Next-Day,Credit Card,33,Male,City10,2100.37152,2.0,1.0,1,2023,9,6
Electronics,1174.99,5,35.24,Next-Day,COD,58,Female,City21,3804.61762,2.0,1.0,1,2022,4,2
Electronics,1783.83,1,31.13,Standard,Wallet,22,Male,City9,1228.523721,1.0,0.2,0,2025,8,5
Toys,1818.95,4,5.64,Next-Day,COD,30,Male,City78,6865.44488,2.0,0.8,1,2022,11,6
Electronics,800.48,1,7.74,Standard,Debit Card,52,Female,City52,738.522848,1.0,0.2,0,2024,1,2
Clothing,1549.98,4,20.1,Next-Day,Debit Card,34,Female,City15,4953.73608,2.0,0.8,0,2023,3,3
Electronics,1801.73,3,18.82,Express,Debit Card,30,Female,City36,4387.933242,1.5,0.6000000000000001,1,2023,7,5
Electronics,294.47,3,36.64,Next-Day,Wallet,21,Male,City61,559.728576,2.0,0.6000000000000001,0,2022,5,2
Clothing,1548.61,5,23.34,Next-Day,Debit Card,28,Female,City46,5935.822129999999,2.0,1.0,0,2022,12,4
Electronics,1628.2,1,44.88,Standard,Wallet,37,Male,City100,897.4638399999999,1.0,0.2,0,2023,12,0
Books,894.98,2,10.66,Next-Day,Wallet,50,Female,City48,1599.150264,2.0,0.4,1,2022,10,6
Clothing,606.97,1,47.51,Next-Day,Credit Card,53,Male,City13,318.59855300000004,2.0,0.2,0,2023,4,6
Clothing,1669.41,1,42.62,Next-Day,COD,43,Male,City20,957.9074580000002,2.0,0.2,0,2023,8,4
Toys,600.65,5,4.54,Standard,Credit Card,47,Male,City17,2866.90245,1.0,1.0,0,2022,1,6
Electronics,125.61,2,2.74,Express,Credit Card,28,Male,City20,244.336572,1.5,0.4,0,2025,7,3
Clothing,1488.8,2,33.16,Next-Day,Credit Card,35,Male,City61,1990.22784,2.0,0.4,0,2022,9,1
Home Appliances,1782.33,2,48.52,Next-Day,Debit Card,60,Female,City77,1835.086968,2.0,0.4,0,2022,2,1
Clothing,1174.59,3,43.17,Next-Day,COD,36,Male,City35,2002.558491,2.0,0.6000000000000001,0,2022,7,5
Clothing,1064.57,3,9.18,Express,Debit Card,51,Male,City70,2900.527422,1.5,0.6000000000000001,1,2024,12,6
Toys,1072.41,4,25.86,Next-Day,Debit Card,50,Male,City51,3180.3390960000006,2.0,0.8,0,2025,4,4
Clothing,1189.11,3,15.88,Standard,Wallet,52,Male,City35,3000.837996,1.0,0.6000000000000001,0,2023,2,1
Books,161.99,5,49.76,Next-Day,COD,61,Female,City37,406.91888,2.0,1.0,0,2024,11,5
Clothing,1705.14,2,2.68,Standard,COD,47,Male,City11,3318.884496,1.0,0.4,0,2023,12,2
Clothing,154.24,1,29.34,Next-Day,Wallet,21,Female,City13,108.985984,2.0,0.2,0,2022,10,6
Toys,891.73,2,28.97,Express,Credit Card,54,Female,City8,1266.791638,1.5,0.4,0,2024,2,6
Toys,1068.72,4,34.96,Express,Wallet,20,Female,City10,2780.381952,1.5,0.8,1,2024,12,4
Books,1150.41,2,44.98,Standard,Wallet,47,Female,City67,1265.911164,1.0,0.4,0,2024,8,1
Books,831.56,1,29.98,Next-Day,Debit Card,41,Female,City67,582.2583119999999,2.0,0.2,0,2025,1,1
Electronics,953.49,4,37.44,Next-Day,Debit Card,37,Female,City93,2386.0133760000003,2.0,0.8,1,2023,7,3
Clothing,766.93,3,8.1,Express,COD,31,Male,City37,2114.42601,1.5,0.6000000000000001,0,2025,6,6
Home Appliances,1186.2,3,14.09,Next-Day,COD,53,Male,City7,3057.19326,2.0,0.6000000000000001,0,2024,8,6
Home Appliances,1897.89,3,27.13,Express,Debit Card,24,Male,City65,4148.977329,1.5,0.6000000000000001,0,2024,5,2
Home Appliances,1521.48,5,38.12,Standard,Debit Card,39,Female,City94,4707.45912,1.0,1.0,0,2023,7,4
Books,460.11,4,45.16,Standard,Wallet,42,Female,City25,1009.297296,1.0,0.8,0,2024,8,3
Clothing,1934.08,3,38.39,Standard,Wallet,49,Male,City18,3574.760064,1.0,0.6000000000000001,0,2022,1,5
Toys,548.42,2,28.57,Next-Day,Wallet,54,Female,City32,783.4728119999999,2.0,0.4,0,2022,5,6
Clothing,1453.21,4,8.1,Next-Day,Wallet,53,Male,City38,5341.99996,2.0,0.8,0,2025,2,5
Clothing,1037.66,2,12.88,Express,Debit Card,58,Female,City3,1808.018784,1.5,0.4,0,2025,3,0
Toys,199.16,5,32.61,Express,Debit Card,64,Female,City93,671.0696199999999,1.5,1.0,0,2024,5,3
Home Appliances,1793.41,5,9.08,Express,Debit Card,51,Female,City65,8152.841860000001,1.5,1.0,0,2024,1,0
Electronics,1239.34,5,43.39,Express,Wallet,51,Female,City37,3507.9518700000003,1.5,1.0,0,2024,8,1
Clothing,347.47,3,20.16,Next-Day,COD,48,Female,City5,832.2601440000001,2.0,0.6000000000000001,1,2022,11,5
Toys,1855.26,5,0.69,Standard,COD,48,Male,City77,9212.29353,1.0,1.0,0,2022,8,0
Clothing,134.72,2,35.75,Standard,COD,39,Female,City53,173.11520000000002,1.0,0.4,1,2023,4,5
Electronics,1253.71,2,12.87,Standard,Wallet,53,Female,City55,2184.715046,1.0,0.4,0,2023,2,0
Clothing,1662.24,3,46.35,Standard,COD,59,Female,City30,2675.37528,1.0,0.6000000000000001,0,2025,8,3
Toys,318.89,2,12.86,Next-Day,Debit Card,43,Female,City38,555.761492,2.0,0.4,0,2024,9,2
Electronics,933.02,2,36.35,Standard,Credit Card,36,Male,City52,1187.73446,1.0,0.4,1,2024,3,6
Clothing,822.73,4,35.48,Standard,COD,32,Female,City67,2123.301584,1.0,0.8,0,2024,8,1
Home Appliances,1155.06,3,8.15,Express,Wallet,64,Male,City95,3182.76783,1.5,0.6000000000000001,0,2022,12,3
Clothing,186.52,3,1.46,Express,Debit Card,47,Female,City9,551.390424,1.5,0.6000000000000001,1,2022,2,5
Clothing,879.44,3,15.27,Express,Credit Card,51,Male,City98,2235.448536,1.5,0.6000000000000001,1,2025,7,5
Electronics,581.13,4,11.93,Next-Day,Wallet,19,Female,City27,2047.204764,2.0,0.8,1,2022,8,0
Electronics,326.7,2,4.1,Next-Day,Debit Card,22,Male,City69,626.6106,2.0,0.4,0,2025,2,1
Electronics,1321.92,4,3.13,Standard,Wallet,37,Female,City48,5122.175616,1.0,0.8,0,2022,10,5
Clothing,195.1,3,39.38,Next-Day,COD,21,Female,City69,354.8088599999999,2.0,0.6000000000000001,0,2022,5,0
Home Appliances,1275.43,5,10.11,Next-Day,Wallet,31,Female,City60,5732.420135,2.0,1.0,0,2023,9,0
Home Appliances,391.79,1,13.55,Standard,Credit Card,59,Female,City64,338.70245500000004,1.0,0.2,0,2022,5,1
Clothing,907.84,5,23.6,Standard,COD,47,Female,City81,3467.9488,1.0,1.0,1,2025,7,3
Books,1422.3,3,1.2,Standard,Debit Card,28,Female,City72,4215.6972,1.0,0.6000000000000001,0,2024,9,4
Clothing,121.73,3,41.04,Express,Debit Card,64,Female,City86,215.316024,1.5,0.6000000000000001,0,2025,1,4
Electronics,1923.68,4,46.83,Express,Debit Card,24,Male,City65,4091.282624,1.5,0.8,0,2022,9,0
Books,1353.74,4,28.2,Standard,Debit Card,26,Male,City31,3887.94128,1.0,0.8,0,2023,3,1
Toys,1117.59,2,3.71,Next-Day,Credit Card,49,Female,City72,2152.254822,2.0,0.4,1,2024,10,0
Toys,1234.26,5,26.97,Next-Day,Debit Card,52,Female,City76,4506.90039,2.0,1.0,0,2024,6,3
Electronics,1807.45,4,18.57,Express,Credit Card,56,Female,City99,5887.226140000001,1.5,0.8,0,2022,12,5
Toys,1930.41,1,0.29,Standard,Debit Card,57,Male,City93,1924.811811,1.0,0.2,0,2025,4,6
Clothing,764.82,3,24.65,Standard,Wallet,63,Female,City57,1728.87561,1.0,0.6000000000000001,0,2024,8,4
Clothing,731.78,1,25.53,Express,Debit Card,51,Female,City62,544.956566,1.5,0.2,1,2023,5,5
Toys,742.94,2,38.0,Express,Debit Card,46,Male,City7,921.2456,1.5,0.4,1,2023,2,2
Toys,1446.06,5,35.03,Next-Day,COD,65,Male,City91,4697.525909999999,2.0,1.0,1,2023,2,3
Clothing,1336.87,5,44.97,Standard,Debit Card,24,Female,City66,3678.397805,1.0,1.0,0,2024,1,2
Clothing,1689.49,4,5.93,Next-Day,Credit Card,38,Male,City57,6357.212972,2.0,0.8,1,2024,11,0
Electronics,1240.9,4,7.92,Standard,Debit Card,56,Male,City42,4570.4828800000005,1.0,0.8,1,2022,2,5
Clothing,1603.72,2,49.44,Next-Day,Debit Card,21,Male,City35,1621.6816640000002,2.0,0.4,1,2023,5,2
Books,896.01,4,31.05,Next-Day,Wallet,46,Male,City73,2471.19558,2.0,0.8,0,2025,5,6
Electronics,1810.03,2,9.68,Express,COD,58,Male,City59,3269.638192,1.5,0.4,0,2024,2,0
Books,1461.29,1,27.95,Next-Day,Wallet,27,Male,City36,1052.859445,2.0,0.2,0,2022,3,3
Books,484.7,1,36.74,Next-Day,COD,25,Female,City97,306.62122,2.0,0.2,0,2023,7,1
Home Appliances,398.91,2,23.59,Next-Day,Debit Card,32,Female,City14,609.614262,2.0,0.4,0,2022,11,5
Electronics,1771.22,5,0.36,Next-Day,Wallet,19,Female,City100,8824.21804,2.0,1.0,0,2022,3,4
Electronics,1899.56,2,31.81,Next-Day,Wallet,61,Female,City100,2590.619928,2.0,0.4,0,2025,5,6
Books,1510.18,2,41.13,Standard,Credit Card,52,Female,City98,1778.0859320000002,1.0,0.4,0,2025,8,3
Books,1532.88,2,6.8,Express,Wallet,30,Male,City57,2857.28832,1.5,0.4,0,2025,7,2
Home Appliances,529.41,5,26.52,Express,Debit Card,35,Female,City42,1945.05234,1.5,1.0,0,2023,5,3
Electronics,575.32,1,26.63,Next-Day,Wallet,21,Male,City60,422.1122840000001,2.0,0.2,1,2022,11,0
Books,849.8,4,41.37,Next-Day,COD,33,Male,City30,1992.95096,2.0,0.8,0,2023,10,4
Clothing,133.32,4,11.63,Standard,COD,47,Female,City44,471.2595359999999,1.0,0.8,0,2023,2,5
Clothing,518.46,2,10.22,Express,Debit Card,56,Male,City65,930.946776,1.5,0.4,0,2023,7,4
Clothing,819.59,4,10.31,Express,Credit Card,51,Female,City85,2940.361084,1.5,0.8,1,2022,1,0
Home Appliances,1230.82,5,39.54,Standard,Wallet,48,Female,City37,3720.76886,1.0,1.0,0,2023,11,0
Clothing,1971.56,3,28.34,Next-Day,COD,55,Female,City63,4238.459688,2.0,0.6000000000000001,0,2022,3,5
Toys,1060.06,4,45.82,Express,Credit Card,35,Male,City46,2297.362032,1.5,0.8,0,2023,3,5
Clothing,360.26,5,40.39,Next-Day,Debit Card,55,Female,City98,1073.75493,2.0,1.0,0,2022,7,5
Clothing,750.66,2,26.53,Standard,COD,20,Female,City50,1103.0198039999998,1.0,0.4,0,2023,4,0
Home Appliances,1521.75,1,4.91,Standard,Wallet,25,Female,City51,1447.0320749999998,1.0,0.2,0,2025,7,0
Home Appliances,177.2,2,20.56,Next-Day,Wallet,31,Male,City41,281.53536,2.0,0.4,0,2023,2,5
Toys,552.01,3,42.52,Next-Day,Wallet,34,Female,City46,951.886044,2.0,0.6000000000000001,1,2022,9,5
Home Appliances,1273.49,1,41.76,Standard,Credit Card,49,Female,City57,741.6805760000001,1.0,0.2,0,2022,12,4
Electronics,1470.09,5,44.8,Next-Day,Debit Card,44,Male,City70,4057.4484,2.0,1.0,0,2024,2,1
Books,1289.38,4,4.69,Express,COD,54,Female,City58,4915.632312,1.5,0.8,1,2023,11,4
Electronics,1185.25,4,42.92,Next-Day,Credit Card,21,Female,City77,2706.1628,2.0,0.8,1,2024,9,4
Electronics,1946.15,5,46.54,Express,Wallet,46,Male,City40,5202.05895,1.5,1.0,0,2022,9,6
Toys,740.61,1,12.54,Express,COD,61,Male,City88,647.737506,1.5,0.2,0,2024,1,6
Clothing,204.31,5,38.01,Standard,Credit Card,54,Male,City46,633.258845,1.0,1.0,0,2023,12,6
Home Appliances,156.19,1,12.82,Standard,Debit Card,40,Male,City65,136.166442,1.0,0.2,0,2022,7,5
Home Appliances,1175.07,5,0.53,Express,Wallet,44,Male,City98,5844.210644999999,1.5,1.0,0,2023,12,6
Clothing,1096.03,3,2.7,Express,Debit Card,56,Female,City60,3199.31157,1.5,0.6000000000000001,0,2024,9,1
Toys,221.52,5,43.16,Next-Day,Wallet,57,Female,City36,629.5598400000001,2.0,1.0,0,2023,12,6
Clothing,229.18,1,22.99,Express,Credit Card,48,Female,City48,176.491518,1.5,0.2,0,2022,1,0
Home Appliances,1390.21,2,29.28,Next-Day,Debit Card,62,Male,City34,1966.3130240000005,2.0,0.4,0,2024,2,1
Clothing,1312.31,5,5.97,Express,Wallet,48,Female,City83,6169.825465,1.5,1.0,0,2022,5,3
Clothing,1506.09,5,3.56,Standard,Debit Card,23,Male,City69,7262.36598,1.0,1.0,0,2023,5,0
Toys,1218.31,1,41.35,Standard,Credit Card,19,Female,City10,714.538815,1.0,0.2,1,2022,12,1
Clothing,1588.78,2,5.31,Next-Day,COD,22,Male,City44,3008.831564,2.0,0.4,1,2022,1,6
Clothing,1169.4,5,0.91,Standard,Debit Card,20,Male,City86,5793.7923,1.0,1.0,0,2025,3,1
Clothing,1248.31,4,1.08,Express,Wallet,25,Male,City4,4939.313007999999,1.5,0.8,1,2022,1,0
Books,537.72,4,45.52,Standard,Wallet,65,Female,City79,1171.799424,1.0,0.8,0,2024,11,5
Electronics,996.69,3,36.16,Express,Wallet,46,Male,City58,1908.8606880000004,1.5,0.6000000000000001,0,2023,7,1
Books,1816.88,4,45.09,Next-Day,Wallet,56,Male,City88,3990.595232,2.0,0.8,0,2022,12,5
Books,446.63,4,25.35,Next-Day,Wallet,21,Male,City11,1333.63718,2.0,0.8,0,2023,2,2
Electronics,1242.53,1,20.27,Next-Day,COD,64,Female,City19,990.669169,2.0,0.2,0,2023,8,2
Home Appliances,1700.25,1,15.36,Next-Day,Credit Card,26,Female,City66,1439.0916,2.0,0.2,0,2022,5,4
Electronics,736.37,4,0.57,Next-Day,Credit Card,59,Female,City59,2928.690764,2.0,0.8,0,2023,2,2
Toys,1371.27,2,5.96,Express,Wallet,23,Male,City60,2579.084616,1.5,0.4,1,2024,10,2
Electronics,1324.91,2,34.48,Next-Day,Wallet,19,Female,City16,1736.162064,2.0,0.4,0,2022,12,1
Clothing,1064.39,3,8.69,Standard,Credit Card,19,Male,City21,2915.683527,1.0,0.6000000000000001,0,2022,7,4
Clothing,1928.15,2,36.8,Next-Day,Credit Card,63,Female,City21,2437.1816000000003,2.0,0.4,1,2023,7,4
Home Appliances,349.14,5,40.51,Express,Credit Card,53,Female,City98,1038.5169299999998,1.5,1.0,1,2023,6,0
Toys,1884.97,1,20.37,Next-Day,Wallet,19,Male,City88,1501.001611,2.0,0.2,1,2023,3,1
Electronics,1589.66,4,29.64,Next-Day,Wallet,54,Female,City43,4473.939104,2.0,0.8,0,2024,4,0
Electronics,789.34,2,18.78,Next-Day,COD,21,Male,City96,1282.2038960000002,2.0,0.4,0,2023,7,3
Home Appliances,1407.93,1,3.47,Express,Wallet,53,Male,City74,1359.074829,1.5,0.2,0,2022,12,0
Toys,1284.01,4,43.75,Next-Day,Wallet,26,Female,City99,2889.0225,2.0,0.8,0,2022,1,5
Books,959.35,5,0.61,Standard,Credit Card,59,Male,City64,4767.489825,1.0,1.0,1,2023,11,1
Toys,483.01,3,41.76,Express,Debit Card,38,Male,City79,843.915072,1.5,0.6000000000000001,0,2024,4,1
Toys,1401.32,3,48.03,Express,Debit Card,36,Female,City2,2184.798012,1.5,0.6000000000000001,0,2025,7,1
Home Appliances,1709.05,5,7.3,Next-Day,COD,46,Female,City41,7921.44675,2.0,1.0,0,2023,3,3
Clothing,1333.48,5,30.21,Express,COD,64,Male,City74,4653.178459999999,1.5,1.0,1,2024,12,0
Home Appliances,959.25,1,6.75,Express,Credit Card,51,Male,City22,894.500625,1.5,0.2,0,2023,2,6
Electronics,1980.73,3,47.07,Standard,COD,47,Male,City13,3145.201167,1.0,0.6000000000000001,1,2022,10,0
Toys,182.5,5,5.53,Standard,COD,54,Male,City62,862.0387499999999,1.0,1.0,0,2024,12,2
Home Appliances,1105.75,4,14.8,Express,Credit Card,34,Male,City99,3768.396,1.5,0.8,0,2024,11,1
Clothing,1384.58,2,38.0,Express,Credit Card,48,Male,City17,1716.8792,1.5,0.4,0,2023,12,5
Toys,1382.85,1,41.99,Next-Day,Debit Card,35,Female,City6,802.191285,2.0,0.2,0,2022,12,5
Clothing,873.93,3,2.73,Standard,Wallet,18,Female,City31,2550.215133,1.0,0.6000000000000001,0,2023,10,5
Clothing,585.61,3,33.14,Next-Day,Credit Card,22,Female,City76,1174.616538,2.0,0.6000000000000001,1,2024,2,3
Clothing,672.15,5,48.6,Standard,Wallet,21,Male,City89,1727.4255,1.0,1.0,0,2023,6,4
Clothing,145.81,5,38.43,Express,Debit Card,28,Male,City81,448.876085,1.5,1.0,0,2023,8,6
Home Appliances,694.41,3,29.95,Standard,Debit Card,63,Female,City30,1459.302615,1.0,0.6000000000000001,1,2023,12,6
Clothing,371.83,5,11.19,Express,Wallet,51,Male,City53,1651.111115,1.5,1.0,0,2022,7,4
Electronics,601.95,2,17.34,Next-Day,COD,37,Female,City80,995.14374,2.0,0.4,0,2023,12,6
Toys,1687.76,1,0.75,Standard,Wallet,20,Female,City35,1675.1018,1.0,0.2,0,2024,3,5
Clothing,607.24,1,10.11,Standard,Wallet,65,Male,City32,545.848036,1.0,0.2,0,2024,7,3
Clothing,1988.61,4,25.61,Next-Day,Debit Card,39,Female,City39,5917.307916,2.0,0.8,0,2022,4,1
Clothing,1008.27,5,3.4,Standard,COD,22,Male,City5,4869.944100000001,1.0,1.0,0,2024,9,3
Clothing,726.47,1,26.3,Express,COD,28,Female,City43,535.40839,1.5,0.2,0,2022,3,2
Electronics,1868.29,3,21.42,Standard,COD,47,Male,City1,4404.306846,1.0,0.6000000000000001,1,2025,2,5
Toys,1732.62,4,40.95,Standard,Wallet,30,Male,City99,4092.44844,1.0,0.8,0,2023,1,5
Electronics,1068.75,1,15.19,Next-Day,Credit Card,56,Male,City68,906.406875,2.0,0.2,0,2023,1,1
Clothing,672.91,2,31.92,Express,COD,62,Male,City70,916.234256,1.5,0.4,0,2023,1,2
Toys,816.61,1,28.5,Express,Wallet,43,Female,City15,583.87615,1.5,0.2,0,2024,2,3
Electronics,616.97,3,17.08,Express,COD,26,Male,City61,1534.7745720000005,1.5,0.6000000000000001,0,2025,5,3
Toys,389.16,2,12.58,Next-Day,Wallet,37,Male,City7,680.4073440000001,2.0,0.4,0,2025,2,6
Clothing,504.42,5,15.57,Standard,Credit Card,45,Male,City43,2129.4090300000003,1.0,1.0,1,2022,6,5
Toys,1629.6,4,43.72,Express,Wallet,45,Male,City64,3668.55552,1.5,0.8,0,2022,3,1
Toys,1843.81,3,10.81,Next-Day,Wallet,62,Female,City89,4933.482417,2.0,0.6000000000000001,1,2024,8,2
Clothing,1805.34,4,23.56,Express,Wallet,18,Male,City20,5520.007584,1.5,0.8,0,2023,10,4
Electronics,522.42,3,4.44,Express,Credit Card,37,Female,City70,1497.6736559999997,1.5,0.6000000000000001,1,2022,2,4
Books,994.93,1,16.96,Standard,Debit Card,56,Female,City80,826.189872,1.0,0.2,1,2022,12,0
Clothing,1492.85,5,11.92,Standard,COD,49,Male,City49,6574.5114,1.0,1.0,1,2024,6,2
Electronics,665.62,4,20.67,Express,Wallet,35,Female,City85,2112.145384,1.5,0.8,0,2022,4,5
Toys,705.46,2,47.23,Next-Day,Wallet,29,Female,City38,744.5424840000002,2.0,0.4,0,2024,1,4
Books,761.86,2,2.03,Standard,Credit Card,56,Male,City6,1492.7884840000002,1.0,0.4,0,2023,6,6
Electronics,1749.89,5,5.62,Next-Day,Debit Card,62,Female,City75,8257.73091,2.0,1.0,0,2025,1,6
Electronics,1704.07,4,41.27,Express,Debit Card,29,Male,City27,4003.201244,1.5,0.8,0,2025,6,5
Clothing,810.93,2,29.88,Next-Day,COD,24,Male,City46,1137.248232,2.0,0.4,0,2025,3,5
Electronics,848.67,1,37.58,Next-Day,Debit Card,26,Female,City45,529.739814,2.0,0.2,0,2022,11,2
Toys,1318.99,3,33.61,Express,Debit Card,23,Female,City14,2627.032383,1.5,0.6000000000000001,0,2022,6,4
Books,1733.61,4,31.03,Express,Debit Card,29,Female,City27,4782.683268,1.5,0.8,0,2023,7,1
Clothing,941.04,4,18.87,Express,Debit Card,21,Male,City35,3053.863008,1.5,0.8,0,2024,7,3
Home Appliances,1514.18,4,34.28,Next-Day,Credit Card,19,Female,City56,3980.476384,2.0,0.8,1,2024,5,4
Books,281.51,5,11.9,Express,Wallet,42,Female,City62,1240.05155,1.5,1.0,0,2022,12,3
Clothing,680.23,3,16.74,Next-Day,COD,53,Female,City41,1699.078494,2.0,0.6000000000000001,0,2022,11,3
Clothing,1863.03,1,31.12,Standard,Credit Card,35,Female,City16,1283.255064,1.0,0.2,0,2024,6,1
Books,1753.02,4,41.0,Next-Day,Wallet,18,Female,City86,4137.127200000001,2.0,0.8,1,2024,2,2
Home Appliances,1916.38,1,5.24,Standard,Debit Card,64,Female,City55,1815.961688,1.0,0.2,1,2022,12,1
Clothing,779.42,3,32.47,Next-Day,Credit Card,52,Male,City57,1579.026978,2.0,0.6000000000000001,0,2024,6,0
Electronics,563.21,1,39.54,Standard,Wallet,20,Male,City21,340.516766,1.0,0.2,0,2024,12,0
Clothing,479.04,3,40.39,Standard,COD,60,Female,City57,856.6672320000001,1.0,0.6000000000000001,0,2023,1,5
Electronics,837.16,3,0.64,Standard,Wallet,35,Male,City70,2495.406528,1.0,0.6000000000000001,0,2025,8,3
Toys,1239.37,1,29.15,Standard,Credit Card,46,Male,City83,878.0936449999999,1.0,0.2,0,2022,11,4
Clothing,1969.47,4,5.94,Next-Day,COD,20,Male,City24,7409.933928,2.0,0.8,0,2025,2,0
Books,634.83,1,30.92,Next-Day,Wallet,45,Male,City69,438.540564,2.0,0.2,0,2023,8,0
Toys,1053.21,1,36.02,Next-Day,Debit Card,65,Female,City89,673.843758,2.0,0.2,0,2023,2,4
Clothing,982.05,4,32.68,Standard,Wallet,33,Male,City89,2644.46424,1.0,0.8,1,2023,7,5
Electronics,1085.65,3,18.5,Next-Day,Debit Card,54,Female,City39,2654.4142500000003,2.0,0.6000000000000001,0,2024,12,6
Toys,1602.64,5,29.58,Standard,Debit Card,56,Male,City37,5642.89544,1.0,1.0,0,2025,5,2
Electronics,1759.27,3,15.83,Express,COD,24,Female,City36,4442.332676999999,1.5,0.6000000000000001,0,2024,8,4
Books,546.35,3,22.54,Next-Day,COD,62,Male,City92,1269.60813,2.0,0.6000000000000001,1,2025,4,6
Clothing,1822.11,1,0.11,Express,Debit Card,44,Female,City94,1820.105679,1.5,0.2,0,2024,2,3
Clothing,1787.57,4,48.41,Standard,Debit Card,19,Female,City78,3688.829452,1.0,0.8,1,2025,6,6
Clothing,1322.03,5,42.47,Express,Debit Card,49,Female,City93,3802.819295,1.5,1.0,0,2023,12,1
Clothing,226.41,2,8.0,Next-Day,Debit Card,32,Female,City22,416.5944,2.0,0.4,0,2023,10,1
Books,1714.34,1,44.45,Next-Day,Wallet,60,Female,City63,952.31587,2.0,0.2,0,2023,1,5
Books,1720.09,2,18.81,Express,Debit Card,45,Male,City62,2793.082142,1.5,0.4,0,2024,12,0
Electronics,1698.45,4,0.09,Standard,Debit Card,39,Male,City9,6787.68558,1.0,0.8,0,2023,8,3
Electronics,972.01,4,15.58,Next-Day,COD,63,Male,City46,3282.2833680000003,2.0,0.8,0,2022,4,1
Clothing,1585.01,1,29.37,Standard,COD,50,Female,City22,1119.4925629999998,1.0,0.2,0,2022,3,0
Home Appliances,1509.91,5,14.41,Express,COD,45,Male,City60,6461.659845,1.5,1.0,0,2022,3,1
Clothing,1840.43,5,40.35,Next-Day,Credit Card,62,Female,City51,5489.082475,2.0,1.0,0,2025,2,1
Electronics,180.16,2,37.73,Express,COD,46,Female,City57,224.371264,1.5,0.4,0,2022,12,2
Toys,1858.36,5,3.0,Express,COD,34,Female,City63,9013.045999999998,1.5,1.0,0,2022,4,5
Books,1885.08,4,1.99,Express,Debit Card,44,Male,City51,7390.267631999999,1.5,0.8,0,2022,4,4
Clothing,1733.26,4,34.11,Next-Day,Credit Card,42,Male,City81,4568.180056,2.0,0.8,0,2024,5,4
Electronics,654.86,1,45.41,Next-Day,Wallet,18,Female,City59,357.48807400000004,2.0,0.2,0,2023,11,3
Electronics,1561.87,4,4.12,Standard,Wallet,44,Male,City24,5990.083823999999,1.0,0.8,0,2022,7,4
Clothing,519.96,5,31.72,Standard,Credit Card,44,Female,City69,1775.1434400000005,1.0,1.0,0,2024,11,4
Books,1844.64,1,10.44,Express,Wallet,30,Male,City44,1652.059584,1.5,0.2,1,2024,10,3
Toys,1550.46,5,33.69,Standard,Debit Card,28,Male,City18,5140.5501300000005,1.0,1.0,0,2025,5,2
Books,816.13,5,29.74,Next-Day,Wallet,40,Female,City19,2867.06469,2.0,1.0,0,2025,5,0
Books,1186.41,5,9.28,Express,Credit Card,64,Female,City75,5381.55576,1.5,1.0,1,2023,5,2
Toys,1787.48,3,20.25,Standard,Credit Card,19,Male,City79,4276.5459,1.0,0.6000000000000001,0,2024,5,1
Electronics,755.35,2,18.11,Next-Day,Credit Card,32,Female,City37,1237.11223,2.0,0.4,0,2022,12,5
Clothing,774.81,2,18.3,Express,COD,39,Male,City76,1266.0395399999998,1.5,0.4,1,2022,12,5
Books,1655.52,3,28.67,Next-Day,Credit Card,52,Female,City81,3542.647248,2.0,0.6000000000000001,0,2024,1,0
Toys,1707.6,4,7.66,Express,Debit Card,45,Female,City71,6307.19136,1.5,0.8,0,2024,9,2
Home Appliances,1355.32,1,29.27,Standard,Credit Card,22,Female,City23,958.617836,1.0,0.2,1,2025,5,2
Clothing,964.19,1,33.16,Next-Day,Wallet,32,Male,City72,644.4645960000001,2.0,0.2,0,2022,7,4
Toys,411.0,4,36.87,Express,Debit Card,25,Male,City83,1037.8572,1.5,0.8,1,2024,12,3
Electronics,1939.03,2,40.86,Standard,Wallet,44,Male,City29,2293.484684,1.0,0.4,0,2022,1,3
Clothing,1468.09,4,7.87,Next-Day,COD,62,Female,City52,5410.205268,2.0,0.8,1,2022,5,3
Clothing,172.93,3,4.68,Next-Day,Credit Card,54,Female,City81,494.510628,2.0,0.6000000000000001,1,2023,12,1
Electronics,1852.15,4,28.74,Standard,Debit Card,39,Female,City86,5279.36836,1.0,0.8,1,2022,4,0
Electronics,297.81,5,44.07,Standard,Wallet,45,Male,City36,832.825665,1.0,1.0,0,2022,1,0
Clothing,594.23,1,26.97,Express,COD,45,Male,City64,433.966169,1.5,0.2,1,2022,8,1
Books,810.28,2,14.71,Standard,Debit Card,32,Male,City7,1382.175624,1.0,0.4,0,2023,11,3
Electronics,1578.39,1,26.4,Standard,Debit Card,22,Female,City56,1161.69504,1.0,0.2,1,2025,5,5
Books,1826.55,3,14.55,Standard,Debit Card,22,Male,City8,4682.360925,1.0,0.6000000000000001,0,2022,2,0
Electronics,1831.19,5,33.16,Express,COD,24,Male,City1,6119.836980000002,1.5,1.0,1,2023,6,4
Electronics,741.32,4,20.93,Express,Wallet,50,Female,City14,2344.646896,1.5,0.8,0,2023,1,3
Electronics,1510.0,5,31.39,Express,Credit Card,45,Male,City90,5180.054999999999,1.5,1.0,0,2023,9,5
Home Appliances,268.75,5,10.2,Next-Day,COD,45,Male,City27,1206.6875,2.0,1.0,0,2024,12,1
Clothing,528.49,1,40.1,Standard,Debit Card,22,Female,City93,316.56551,1.0,0.2,1,2023,1,3
Electronics,1607.82,4,25.05,Next-Day,COD,47,Female,City85,4820.244360000001,2.0,0.8,1,2023,4,6
Books,1279.76,5,14.09,Express,Debit Card,48,Male,City76,5497.20908,1.5,1.0,0,2024,2,1
Electronics,1056.29,3,13.9,Express,Debit Card,50,Female,City83,2728.39707,1.5,0.6000000000000001,0,2022,4,1
Electronics,1130.85,1,46.78,Express,Credit Card,23,Male,City55,601.8383699999999,1.5,0.2,0,2025,3,2
Home Appliances,1151.24,4,43.31,Express,Credit Card,35,Male,City83,2610.551824,1.5,0.8,0,2023,9,4
Clothing,1021.81,5,7.01,Standard,Wallet,25,Male,City9,4750.905594999999,1.0,1.0,0,2024,4,0
Books,1917.97,3,32.98,Express,Credit Card,53,Male,City94,3856.270482,1.5,0.6000000000000001,1,2024,1,4
Clothing,1475.02,1,36.31,Express,COD,50,Female,City91,939.440238,1.5,0.2,0,2023,5,0
Home Appliances,664.38,1,44.37,Standard,COD,43,Female,City48,369.594594,1.0,0.2,0,2022,7,5
Electronics,1599.77,3,40.66,Express,Debit Card,54,Male,City93,2847.910554,1.5,0.6000000000000001,0,2022,10,1
Clothing,736.5,4,8.48,Next-Day,Debit Card,33,Female,City4,2696.1792,2.0,0.8,0,2024,8,1
Books,1340.22,4,23.51,Express,Credit Card,32,Female,City28,4100.537112,1.5,0.8,0,2024,2,0
Electronics,1034.59,5,11.35,Next-Day,Wallet,56,Male,City50,4585.820175,2.0,1.0,0,2024,11,1
Toys,150.78,1,9.86,Standard,Debit Card,42,Male,City75,135.913092,1.0,0.2,1,2025,6,3
Clothing,797.59,3,34.23,Standard,Credit Card,65,Female,City12,1573.7248289999998,1.0,0.6000000000000001,0,2022,11,6
Toys,336.98,5,22.59,Next-Day,Debit Card,59,Male,City72,1304.2810900000002,2.0,1.0,0,2023,9,2
Toys,1286.87,5,33.81,Express,COD,34,Female,City2,4258.896264999999,1.5,1.0,0,2024,10,3
Clothing,1510.14,5,14.37,Next-Day,Credit Card,32,Female,City52,6465.664410000001,2.0,1.0,1,2024,10,0
Clothing,1345.02,2,41.23,Express,Wallet,49,Female,City54,1580.9365080000002,1.5,0.4,1,2024,12,0
Books,1994.92,5,2.65,Next-Day,Credit Card,57,Male,City8,9710.2731,2.0,1.0,0,2022,7,1
Electronics,1698.36,4,41.65,Express,COD,51,Male,City89,3963.97224,1.5,0.8,0,2025,7,3
Clothing,666.63,1,16.96,Express,Credit Card,47,Female,City64,553.569552,1.5,0.2,0,2025,1,0
Toys,1322.93,5,13.97,Express,Debit Card,32,Male,City5,5690.583395000001,1.5,1.0,0,2022,9,4
Clothing,1852.92,1,0.78,Next-Day,COD,35,Male,City68,1838.467224,2.0,0.2,0,2025,4,2
Clothing,1301.15,5,29.78,Standard,Wallet,27,Male,City4,4568.33765,1.0,1.0,1,2023,8,4
Clothing,459.67,1,27.27,Standard,Wallet,58,Female,City94,334.31799100000006,1.0,0.2,0,2023,12,0
Books,955.56,3,44.11,Standard,Debit Card,53,Male,City42,1602.1874519999997,1.0,0.6000000000000001,0,2025,4,2
Electronics,883.75,3,16.29,Next-Day,Debit Card,65,Male,City10,2219.361375,2.0,0.6000000000000001,0,2022,10,4
Books,1210.94,1,48.49,Express,COD,23,Female,City58,623.7551940000001,1.5,0.2,0,2025,5,1
Clothing,970.51,2,48.24,Express,Debit Card,51,Male,City44,1004.671952,1.5,0.4,1,2025,2,2
Clothing,364.64,3,23.68,Next-Day,Wallet,50,Female,City44,834.8797440000001,2.0,0.6000000000000001,0,2024,1,4
Clothing,768.51,4,36.43,Next-Day,Wallet,26,Male,City33,1954.167228,2.0,0.8,0,2024,12,0
Electronics,545.05,5,18.11,Next-Day,Wallet,52,Male,City81,2231.707225,2.0,1.0,0,2025,6,6
Books,739.66,2,28.74,Next-Day,Debit Card,61,Male,City87,1054.163432,2.0,0.4,0,2023,2,3
Toys,1964.65,2,36.91,Next-Day,Credit Card,59,Female,City46,2478.99537,2.0,0.4,0,2022,3,5
Books,1604.51,4,19.68,Standard,Wallet,62,Male,City43,5154.969728,1.0,0.8,1,2023,1,6
Clothing,705.68,4,17.13,Standard,Wallet,41,Male,City10,2339.188064,1.0,0.8,1,2024,11,6
Clothing,1664.26,4,5.39,Express,Credit Card,23,Female,City24,6298.225544,1.5,0.8,1,2022,3,4
Electronics,1905.17,1,17.11,Express,COD,26,Male,City42,1579.195413,1.5,0.2,0,2023,6,5
Clothing,1868.76,3,23.83,Standard,COD,30,Female,City32,4270.303476,1.0,0.6000000000000001,1,2024,1,1
Toys,977.42,5,3.75,Express,Debit Card,44,Male,City38,4703.83375,1.5,1.0,1,2025,2,1
Electronics,1255.06,3,29.38,Express,Wallet,40,Male,City12,2658.9701159999995,1.5,0.6000000000000001,0,2023,9,1
Electronics,1256.29,4,48.14,Next-Day,Credit Card,57,Female,City75,2606.047976,2.0,0.8,1,2022,4,6
Electronics,1877.8,2,30.99,Standard,Wallet,22,Female,City50,2591.7395599999995,1.0,0.4,0,2022,6,0
Electronics,590.55,5,14.8,Standard,Debit Card,52,Female,City84,2515.743,1.0,1.0,0,2025,9,2
Clothing,640.19,1,22.78,Express,Wallet,61,Female,City24,494.3547180000001,1.5,0.2,1,2023,12,5
Clothing,949.68,2,14.91,Next-Day,Wallet,58,Male,City84,1616.1654239999998,2.0,0.4,0,2022,10,2
Toys,1100.95,5,2.76,Next-Day,Wallet,38,Female,City55,5352.8189,2.0,1.0,1,2022,7,4
Clothing,1284.8,2,17.45,Express,COD,48,Female,City61,2121.2048,1.5,0.4,1,2022,12,4
Books,509.09,3,9.9,Standard,Credit Card,61,Male,City76,1376.07027,1.0,0.6000000000000001,0,2024,1,2
Books,1604.78,2,29.1,Express,Credit Card,35,Female,City35,2275.57804,1.5,0.4,0,2024,10,5
Electronics,483.35,2,16.32,Express,COD,54,Female,City58,808.93456,1.5,0.4,0,2023,2,0
Books,1182.14,5,32.55,Standard,Debit Card,49,Male,City13,3986.767150000001,1.0,1.0,1,2025,4,4
Electronics,1971.99,4,30.3,Express,Debit Card,49,Male,City59,5497.908120000001,1.5,0.8,0,2024,9,6
Clothing,482.75,2,23.29,Express,Wallet,33,Female,City75,740.63505,1.5,0.4,1,2022,6,0
Clothing,1532.47,5,14.99,Standard,Debit Card,28,Female,City69,6513.763735,1.0,1.0,0,2023,4,4
Clothing,1006.44,5,9.23,Express,Credit Card,29,Male,City39,4567.727940000001,1.5,1.0,0,2022,8,3
Home Appliances,127.07,5,26.51,Express,Debit Card,20,Male,City39,466.9187149999999,1.5,1.0,0,2023,6,3
Books,1693.75,1,43.51,Next-Day,COD,48,Female,City17,956.799375,2.0,0.2,0,2024,12,3
Electronics,930.3,4,27.74,Express,COD,58,Male,City57,2688.93912,1.5,0.8,0,2024,12,6
Home Appliances,1026.03,1,18.25,Express,Wallet,34,Female,City77,838.779525,1.5,0.2,0,2024,4,1
Books,1924.42,4,28.5,Standard,Credit Card,37,Male,City20,5503.841200000001,1.0,0.8,0,2024,1,0
Clothing,334.73,3,11.45,Express,Debit Card,52,Male,City67,889.210245,1.5,0.6000000000000001,0,2024,10,1
Toys,259.86,4,20.47,Next-Day,COD,20,Female,City89,826.666632,2.0,0.8,0,2024,8,4
Books,1001.15,2,28.72,Express,Credit Card,64,Male,City8,1427.23944,1.5,0.4,0,2022,5,6
Clothing,314.38,1,18.05,Standard,Credit Card,61,Male,City61,257.63441,1.0,0.2,0,2022,2,6
Toys,510.81,1,1.65,Next-Day,Debit Card,51,Female,City3,502.381635,2.0,0.2,0,2022,7,4
Clothing,1462.56,3,38.72,Next-Day,COD,30,Male,City71,2688.770304,2.0,0.6000000000000001,1,2025,4,5
Toys,1846.93,1,32.04,Next-Day,Credit Card,19,Female,City6,1255.173628,2.0,0.2,0,2022,1,6
Clothing,1868.69,2,22.01,Next-Day,COD,60,Female,City10,2914.782662,2.0,0.4,0,2023,4,3
Toys,156.28,1,17.99,Express,COD,29,Male,City61,128.165228,1.5,0.2,1,2024,9,3
Books,1207.34,5,7.28,Standard,COD,40,Male,City99,5597.22824,1.0,1.0,1,2022,6,3
Electronics,257.32,3,44.86,Express,Wallet,40,Female,City83,425.658744,1.5,0.6000000000000001,0,2022,11,1
Clothing,1184.58,1,27.42,Next-Day,COD,60,Female,City2,859.768164,2.0,0.2,0,2025,8,4
Electronics,1886.61,2,25.65,Express,COD,30,Male,City66,2805.38907,1.5,0.4,0,2022,11,6
Clothing,1545.48,5,16.95,Standard,COD,41,Female,City80,6417.6057,1.0,1.0,0,2022,11,4
Clothing,1037.95,4,12.66,Standard,COD,26,Female,City76,3626.18212,1.0,0.8,0,2025,6,6
Electronics,263.68,3,11.15,Next-Day,COD,39,Male,City44,702.83904,2.0,0.6000000000000001,0,2025,7,3
Books,1350.05,2,1.7,Standard,Wallet,56,Female,City24,2654.1983,1.0,0.4,0,2023,5,2
Toys,771.07,4,37.38,Express,Credit Card,40,Male,City100,1931.376136,1.5,0.8,0,2024,10,1
Electronics,1518.26,4,34.11,Standard,Debit Card,43,Male,City90,4001.526056,1.0,0.8,0,2022,12,3
Clothing,1379.2,4,34.8,Express,Debit Card,22,Female,City89,3596.9536000000003,1.5,0.8,0,2024,3,4
Electronics,1687.19,1,13.85,Express,Debit Card,25,Male,City17,1453.5141850000002,1.5,0.2,0,2022,7,6
Clothing,723.94,5,34.48,Express,Credit Card,39,Female,City50,2371.62744,1.5,1.0,0,2023,3,1
Clothing,201.9,1,45.25,Next-Day,Wallet,28,Male,City29,110.54025,2.0,0.2,0,2025,2,1
Clothing,1263.16,2,1.02,Express,Credit Card,63,Female,City77,2500.5515360000004,1.5,0.4,0,2025,8,2
Clothing,914.31,3,35.54,Next-Day,Credit Card,57,Female,City61,1768.092678,2.0,0.6000000000000001,0,2025,4,5
Clothing,1077.87,1,9.9,Next-Day,Wallet,34,Male,City47,971.16087,2.0,0.2,0,2022,6,2
Clothing,1225.61,2,40.39,Standard,Credit Card,27,Male,City23,1461.172242,1.0,0.4,0,2025,1,2
Clothing,728.38,2,0.57,Next-Day,Debit Card,27,Female,City45,1448.456468,2.0,0.4,0,2022,3,3
Home Appliances,493.13,3,49.49,Next-Day,Wallet,18,Male,City91,747.239889,2.0,0.6000000000000001,0,2022,1,6
Home Appliances,1758.5,4,49.27,Express,Credit Card,25,Female,City16,3568.3482,1.5,0.8,0,2024,4,2
Clothing,798.75,1,41.8,Next-Day,Debit Card,46,Female,City71,464.87250000000006,2.0,0.2,0,2022,2,0
Clothing,173.5,3,43.1,Express,COD,23,Female,City84,296.1645,1.5,0.6000000000000001,0,2022,9,4
Electronics,1908.55,1,47.11,Next-Day,Credit Card,46,Female,City56,1009.432095,2.0,0.2,1,2022,1,6
Electronics,1811.82,5,20.05,Next-Day,Credit Card,58,Male,City92,7242.75045,2.0,1.0,0,2024,11,1
Electronics,752.66,3,22.27,Next-Day,COD,49,Male,City42,1755.127854,2.0,0.6000000000000001,1,2024,8,5
Electronics,747.1,5,23.83,Express,Debit Card,53,Female,City80,2845.33035,1.5,1.0,0,2022,5,5
Clothing,793.48,1,18.62,Next-Day,Credit Card,27,Male,City86,645.734024,2.0,0.2,1,2022,5,3
Clothing,1986.41,2,49.79,Standard,Wallet,33,Male,City68,1994.752922,1.0,0.4,1,2024,7,5
Books,707.07,3,23.94,Next-Day,Debit Card,55,Female,City3,1613.392326,2.0,0.6000000000000001,0,2024,3,5
Toys,1278.39,5,30.74,Standard,COD,47,Female,City42,4427.0645700000005,1.0,1.0,1,2024,2,3
Electronics,1221.28,2,13.85,Standard,Wallet,57,Female,City73,2104.26544,1.0,0.4,0,2022,3,1
Electronics,1724.18,4,15.02,Next-Day,Debit Card,38,Female,City49,5860.8326560000005,2.0,0.8,1,2024,4,3
Clothing,798.53,2,39.15,Standard,Debit Card,64,Female,City68,971.81101,1.0,0.4,1,2022,12,6
Electronics,1468.68,4,23.91,Standard,Debit Card,41,Female,City46,4470.074448,1.0,0.8,1,2024,9,6
Books,1510.65,2,14.47,Standard,Wallet,35,Female,City17,2584.11789,1.0,0.4,0,2022,10,1
Books,752.91,1,16.31,Next-Day,COD,24,Male,City97,630.110379,2.0,0.2,0,2023,8,5
Electronics,1268.86,1,10.06,Next-Day,Credit Card,43,Female,City57,1141.212684,2.0,0.2,0,2022,4,5
Toys,1086.52,1,14.71,Express,Credit Card,18,Female,City67,926.692908,1.5,0.2,0,2024,9,2
Electronics,781.48,2,8.54,Next-Day,Debit Card,24,Male,City17,1429.483216,2.0,0.4,1,2023,1,6
Home Appliances,1599.12,4,22.78,Standard,Credit Card,34,Male,City72,4939.361856,1.0,0.8,0,2024,4,1
Home Appliances,238.78,4,12.07,Express,COD,18,Male,City37,839.837016,1.5,0.8,0,2023,3,3
Clothing,1020.28,4,0.66,Standard,Debit Card,28,Female,City32,4054.184608,1.0,0.8,0,2023,10,6
Home Appliances,1518.99,4,10.81,Standard,Wallet,29,Female,City6,5419.148724000001,1.0,0.8,1,2024,5,4
Electronics,1781.44,1,13.21,Express,Debit Card,18,Male,City63,1546.111776,1.5,0.2,0,2022,6,1
Toys,1787.61,4,3.21,Standard,Wallet,52,Male,City65,6920.910876,1.0,0.8,0,2024,11,6
Electronics,1358.04,1,9.12,Next-Day,Debit Card,19,Male,City35,1234.186752,2.0,0.2,0,2023,10,3
Toys,264.9,1,26.31,Next-Day,COD,39,Female,City78,195.20481,2.0,0.2,0,2024,11,3
Electronics,823.18,2,11.88,Express,Wallet,49,Male,City23,1450.772432,1.5,0.4,0,2025,1,3
Electronics,950.34,3,5.37,Standard,Wallet,22,Male,City73,2697.920226,1.0,0.6000000000000001,0,2022,6,3
Books,994.95,5,33.9,Express,Credit Card,35,Female,City85,3288.3097500000003,1.5,1.0,0,2022,8,0
Books,1890.45,3,25.19,Next-Day,Credit Card,20,Male,City66,4242.736935,2.0,0.6000000000000001,0,2025,1,3
Electronics,810.23,3,25.45,Express,Credit Card,42,Male,City62,1812.079395,1.5,0.6000000000000001,0,2024,5,3
Books,1700.21,3,8.78,Standard,Debit Card,31,Male,City85,4652.794686,1.0,0.6000000000000001,1,2024,7,6
Toys,873.95,5,3.96,Express,Wallet,58,Female,City50,4196.7079,1.5,1.0,0,2022,1,2
Home Appliances,1629.07,5,32.08,Next-Day,Debit Card,39,Male,City70,5532.32172,2.0,1.0,0,2023,9,1
Clothing,1692.41,3,14.52,Standard,Debit Card,55,Male,City24,4340.0162040000005,1.0,0.6000000000000001,0,2024,7,0
Books,497.14,3,32.49,Standard,Credit Card,22,Female,City70,1006.857642,1.0,0.6000000000000001,0,2022,10,1
Electronics,942.5,1,34.36,Standard,Debit Card,62,Female,City81,618.657,1.0,0.2,1,2023,11,0
Toys,336.91,1,43.02,Standard,Credit Card,54,Female,City16,191.971318,1.0,0.2,0,2024,3,5
Clothing,1605.45,3,44.08,Express,COD,44,Female,City80,2693.3029200000005,1.5,0.6000000000000001,1,2022,7,3
Clothing,1865.05,1,20.01,Next-Day,Wallet,56,Female,City98,1491.8534949999998,2.0,0.2,0,2024,4,6
Electronics,1105.04,1,27.38,Express,Credit Card,52,Male,City78,802.4800479999999,1.5,0.2,1,2025,3,1
Home Appliances,1395.53,2,0.7,Standard,COD,59,Female,City32,2771.52258,1.0,0.4,0,2024,4,5
Clothing,1377.17,2,9.68,Express,COD,53,Male,City81,2487.719888,1.5,0.4,0,2024,4,3
Electronics,421.37,3,37.29,Standard,Credit Card,38,Female,City73,792.723381,1.0,0.6000000000000001,0,2025,8,6
Books,1530.18,1,31.72,Express,Credit Card,44,Female,City11,1044.8069040000005,1.5,0.2,1,2022,3,2
Clothing,1806.69,1,29.27,Next-Day,COD,51,Female,City91,1277.871837,2.0,0.2,0,2023,11,4
Toys,810.06,1,24.34,Standard,Credit Card,40,Male,City3,612.8913959999999,1.0,0.2,0,2023,5,5
Toys,1352.75,5,21.17,Standard,Credit Card,53,Male,City53,5331.864125,1.0,1.0,1,2024,4,4
Toys,1000.21,2,11.65,Express,Wallet,57,Female,City88,1767.37107,1.5,0.4,0,2022,6,3
Home Appliances,1337.5,1,41.37,Standard,Credit Card,31,Male,City69,784.1762500000001,1.0,0.2,0,2022,1,5
Home Appliances,1377.92,1,8.05,Next-Day,Credit Card,56,Male,City20,1266.99744,2.0,0.2,0,2025,8,0
Clothing,1278.54,2,39.41,Express,COD,31,Female,City70,1549.3347720000002,1.5,0.4,1,2023,9,3
Toys,206.69,3,40.36,Express,Debit Card,40,Female,City25,369.809748,1.5,0.6000000000000001,0,2024,11,5
Clothing,572.53,2,47.49,Express,Debit Card,23,Female,City93,601.2710059999998,1.5,0.4,1,2022,7,5
Clothing,1514.93,4,33.75,Standard,Wallet,54,Male,City3,4014.5645,1.0,0.8,0,2024,4,6
Home Appliances,1800.13,3,43.63,Next-Day,Debit Card,30,Female,City35,3044.199843,2.0,0.6000000000000001,1,2023,10,2
Electronics,731.87,3,21.23,Standard,Wallet,61,Female,City1,1729.481997,1.0,0.6000000000000001,0,2023,2,2
Electronics,1033.58,3,43.71,Express,Wallet,52,Female,City88,1745.4065459999997,1.5,0.6000000000000001,0,2025,7,5
Electronics,710.57,2,45.29,Express,Debit Card,25,Female,City82,777.5056940000001,1.5,0.4,0,2024,5,3
Clothing,1956.67,5,13.31,Next-Day,Credit Card,45,Female,City68,8481.186115,2.0,1.0,1,2025,5,4
Clothing,165.97,3,15.31,Standard,Wallet,20,Male,City42,421.679979,1.0,0.6000000000000001,0,2023,3,2
Clothing,623.12,5,32.09,Next-Day,Credit Card,57,Female,City7,2115.80396,2.0,1.0,1,2023,7,6
Clothing,1485.68,3,28.66,Standard,Wallet,36,Female,City50,3179.652336,1.0,0.6000000000000001,0,2024,1,1
Toys,168.22,2,24.69,Next-Day,Credit Card,55,Female,City68,253.372964,2.0,0.4,0,2022,1,2
Electronics,1709.88,2,0.57,Express,Wallet,47,Female,City14,3400.2673680000003,1.5,0.4,0,2024,1,1
Electronics,1409.72,5,44.21,Express,COD,19,Female,City92,3932.413940000001,1.5,1.0,1,2023,2,1
Clothing,131.8,5,18.4,Express,COD,56,Female,City20,537.744,1.5,1.0,1,2024,10,2
Clothing,1599.11,4,28.01,Next-Day,Wallet,19,Female,City89,4604.797156,2.0,0.8,0,2025,7,3
Home Appliances,1725.38,2,33.43,Express,Credit Card,29,Female,City24,2297.170932,1.5,0.4,0,2023,4,4
Electronics,1067.51,3,31.11,Express,Credit Card,22,Female,City9,2206.222917,1.5,0.6000000000000001,1,2023,12,0
Electronics,490.16,3,22.02,Express,Debit Card,57,Male,City60,1146.680304,1.5,0.6000000000000001,0,2025,2,2
Clothing,1213.33,1,17.72,Express,Debit Card,65,Female,City43,998.327924,1.5,0.2,0,2022,4,6
Books,630.43,5,17.52,Standard,Debit Card,23,Male,City50,2599.89332,1.0,1.0,1,2024,1,0
Books,732.91,5,19.66,Next-Day,Wallet,52,Female,City22,2944.09947,2.0,1.0,0,2023,5,6
Clothing,784.7,5,7.1,Next-Day,COD,32,Male,City34,3644.9315,2.0,1.0,0,2024,2,2
Toys,681.25,1,22.16,Next-Day,Debit Card,45,Male,City4,530.285,2.0,0.2,0,2023,6,2
Electronics,1312.46,5,29.75,Standard,Debit Card,39,Male,City55,4610.0157500000005,1.0,1.0,1,2022,10,5
Toys,514.32,1,28.89,Standard,Wallet,60,Female,City100,365.73295200000007,1.0,0.2,0,2022,7,3
Clothing,1240.95,4,15.99,Standard,Credit Card,38,Female,City46,4170.08838,1.0,0.8,0,2022,10,6
Clothing,1952.04,2,7.24,Next-Day,Debit Card,44,Male,City36,3621.424608,2.0,0.4,1,2024,6,5
Electronics,115.53,1,39.77,Express,Credit Card,38,Female,City76,69.58371899999999,1.5,0.2,0,2024,7,5
Clothing,1078.79,3,2.07,Express,Debit Card,19,Female,City43,3169.377141,1.5,0.6000000000000001,0,2022,12,5
Clothing,1526.17,5,35.3,Express,COD,31,Male,City95,4937.15995,1.5,1.0,0,2022,2,2
Toys,827.0,1,28.23,Standard,Credit Card,38,Male,City74,593.5379,1.0,0.2,0,2025,3,3
Toys,113.48,5,46.82,Standard,Debit Card,64,Female,City22,301.74332000000004,1.0,1.0,0,2025,1,0
Toys,137.58,5,14.39,Express,Credit Card,22,Female,City30,588.91119,1.5,1.0,0,2024,3,0
Clothing,1011.67,2,36.93,Next-Day,Debit Card,35,Female,City74,1276.120538,2.0,0.4,1,2022,4,0
Electronics,1939.66,3,14.94,Express,COD,31,Female,City18,4949.624388,1.5,0.6000000000000001,1,2022,2,1
Electronics,1862.99,2,42.33,Express,Credit Card,49,Male,City20,2148.772666,1.5,0.4,1,2022,7,1
Books,1258.42,3,23.7,Standard,Debit Card,64,Male,City24,2880.52338,1.0,0.6000000000000001,0,2023,9,0
Clothing,1033.6,1,47.45,Express,Credit Card,58,Male,City25,543.1567999999999,1.5,0.2,1,2025,3,1
Electronics,271.02,4,4.28,Next-Day,Debit Card,26,Female,City62,1037.681376,2.0,0.8,0,2024,12,2
Electronics,1292.44,2,10.53,Next-Day,COD,53,Male,City31,2312.692136,2.0,0.4,0,2025,7,0
Clothing,167.19,2,4.68,Next-Day,Wallet,35,Female,City53,318.731016,2.0,0.4,0,2024,5,2
Electronics,1947.66,2,2.61,Next-Day,Wallet,38,Male,City57,3793.652148,2.0,0.4,1,2022,7,2
Books,597.17,2,37.65,Next-Day,Wallet,32,Male,City59,744.6709899999998,2.0,0.4,1,2025,2,1
Electronics,1996.52,1,36.71,Next-Day,Credit Card,18,Male,City88,1263.597508,2.0,0.2,0,2024,11,3
Electronics,739.17,3,15.77,Express,COD,42,Male,City35,1867.808673,1.5,0.6000000000000001,0,2023,8,2
Books,1463.05,4,2.7,Next-Day,COD,65,Male,City13,5694.1906,2.0,0.8,0,2024,6,3
Clothing,795.04,4,24.03,Standard,Credit Card,40,Male,City68,2415.967552,1.0,0.8,0,2023,3,1
Books,662.54,1,7.28,Standard,Debit Card,59,Female,City10,614.307088,1.0,0.2,1,2024,11,5
Electronics,503.1,2,3.05,Express,COD,49,Female,City89,975.5109,1.5,0.4,0,2022,7,4
Home Appliances,1979.94,4,23.38,Next-Day,Credit Card,55,Male,City10,6068.1201120000005,2.0,0.8,0,2024,11,5
Toys,623.18,4,6.5,Standard,Debit Card,20,Female,City99,2330.6932,1.0,0.8,0,2025,5,2
Clothing,1231.87,1,9.48,Next-Day,Credit Card,50,Male,City90,1115.088724,2.0,0.2,1,2023,12,0
Toys,409.31,2,40.37,Next-Day,Credit Card,61,Male,City97,488.1431060000001,2.0,0.4,0,2022,1,0
Toys,366.33,1,4.1,Express,Wallet,22,Male,City52,351.31046999999995,1.5,0.2,0,2025,8,1
Clothing,521.39,5,3.48,Express,COD,24,Female,City66,2516.22814,1.5,1.0,1,2023,11,6
Clothing,107.94,4,4.01,Next-Day,Debit Card,31,Female,City87,414.446424,2.0,0.8,0,2022,6,2
Books,412.57,3,0.51,Next-Day,Wallet,50,Male,City47,1231.3976790000002,2.0,0.6000000000000001,0,2024,3,5
Electronics,1900.15,3,23.78,Standard,Wallet,36,Female,City55,4344.88299,1.0,0.6000000000000001,0,2022,2,5
Clothing,1438.23,2,27.84,Express,COD,25,Female,City66,2075.6535360000003,1.5,0.4,0,2023,7,4
Books,1673.44,3,49.62,Standard,Credit Card,44,Female,City64,2529.237216,1.0,0.6000000000000001,0,2023,1,3
Electronics,555.05,4,32.66,Next-Day,Debit Card,59,Male,City50,1495.08268,2.0,0.8,0,2024,6,5
Toys,483.42,4,45.27,Next-Day,COD,46,Male,City20,1058.303064,2.0,0.8,1,2024,8,1
Books,348.54,5,22.38,Next-Day,Debit Card,26,Male,City13,1352.68374,2.0,1.0,0,2025,1,5
Electronics,867.59,5,21.63,Express,Wallet,44,Female,City10,3399.6514150000003,1.5,1.0,1,2024,8,0
Electronics,238.74,2,23.93,Standard,Debit Card,27,Female,City84,363.219036,1.0,0.4,1,2024,8,6
Electronics,1231.23,4,46.52,Standard,Wallet,56,Female,City39,2633.847216,1.0,0.8,1,2024,3,3
Electronics,1645.64,2,44.46,Express,Wallet,30,Male,City79,1827.976912,1.5,0.4,0,2024,8,6
Clothing,947.49,5,46.15,Express,Credit Card,27,Female,City70,2551.116825,1.5,1.0,0,2025,7,4
Electronics,612.07,4,25.53,Standard,Wallet,48,Female,City31,1823.234116,1.0,0.8,0,2022,1,6
Toys,819.99,5,42.96,Next-Day,Debit Card,63,Female,City71,2338.61148,2.0,1.0,0,2022,10,4
Toys,1022.59,1,48.4,Next-Day,Debit Card,57,Male,City88,527.65644,2.0,0.2,1,2025,8,0
Clothing,581.14,5,47.1,Express,Debit Card,65,Male,City61,1537.1152999999997,1.5,1.0,0,2022,6,5
Electronics,1780.31,5,48.83,Next-Day,Wallet,41,Male,City82,4554.923135,2.0,1.0,0,2023,12,6
Clothing,1529.32,4,5.88,Standard,Wallet,44,Male,City43,5757.583936,1.0,0.8,0,2025,5,3
Books,1721.79,4,16.19,Express,Debit Card,46,Male,City94,5772.128796,1.5,0.8,0,2025,4,2
Toys,1966.68,3,36.35,Express,Debit Card,62,Female,City45,3755.37546,1.5,0.6000000000000001,1,2025,3,6
Clothing,583.54,5,21.54,Express,COD,54,Male,City2,2289.22742,1.5,1.0,0,2024,8,0
Home Appliances,1053.57,2,35.3,Express,COD,54,Male,City73,1363.31958,1.5,0.4,1,2025,4,0
Home Appliances,789.19,4,25.54,Next-Day,Wallet,61,Female,City67,2350.523496,2.0,0.8,0,2024,10,2
Electronics,648.57,1,3.75,Express,Debit Card,28,Female,City9,624.2486250000001,1.5,0.2,0,2022,1,3
Books,1515.5,5,21.27,Express,Credit Card,64,Male,City43,5965.76575,1.5,1.0,0,2023,11,4
Electronics,896.02,4,40.45,Express,COD,28,Female,City87,2134.31964,1.5,0.8,0,2023,10,3
Books,779.93,3,49.39,Express,Debit Card,58,Male,City85,1184.167719,1.5,0.6000000000000001,0,2025,8,0
Electronics,685.84,4,7.71,Standard,COD,46,Female,City49,2531.8469440000003,1.0,0.8,0,2023,10,2
Clothing,1720.0,1,19.83,Next-Day,Credit Card,36,Female,City16,1378.9240000000002,2.0,0.2,1,2025,3,1
Books,177.06,3,9.85,Next-Day,Debit Card,31,Male,City37,478.8587700000001,2.0,0.6000000000000001,0,2024,3,5
Toys,489.38,4,32.97,Express,Credit Card,59,Male,City75,1312.125656,1.5,0.8,0,2023,3,1
Electronics,1446.52,3,9.29,Next-Day,Credit Card,65,Female,City66,3936.414876,2.0,0.6000000000000001,0,2022,4,3
Clothing,1491.71,4,36.08,Standard,Credit Card,32,Male,City11,3814.004128,1.0,0.8,1,2022,7,6
Electronics,613.19,2,38.19,Express,Wallet,39,Male,City20,758.0254780000001,1.5,0.4,1,2023,4,1
Home Appliances,1075.55,3,41.6,Next-Day,Debit Card,48,Male,City21,1884.3636,2.0,0.6000000000000001,0,2023,8,5
Clothing,1011.36,4,28.31,Express,Debit Card,41,Female,City42,2900.1759360000005,1.5,0.8,0,2024,6,2
Books,568.87,1,32.66,Next-Day,Wallet,35,Female,City82,383.077058,2.0,0.2,0,2024,2,1
Electronics,714.01,4,5.9,Standard,Debit Card,62,Male,City38,2687.53364,1.0,0.8,0,2023,10,6
Clothing,1468.33,2,8.81,Next-Day,Wallet,18,Female,City10,2677.940254,2.0,0.4,0,2022,2,3
Books,985.4,3,19.85,Next-Day,COD,25,Female,City47,2369.3943,2.0,0.6000000000000001,0,2022,10,0
Books,334.27,4,25.62,Standard,Debit Card,19,Male,City25,994.520104,1.0,0.8,1,2023,5,2
Electronics,518.42,5,21.22,Next-Day,COD,49,Female,City5,2042.05638,2.0,1.0,0,2023,1,6
Electronics,1098.62,2,28.79,Express,Debit Card,46,Female,City10,1564.6546039999998,1.5,0.4,0,2022,6,3
Clothing,1964.8,5,48.96,Standard,Wallet,59,Female,City13,5014.169599999999,1.0,1.0,0,2022,9,3
Toys,473.8,1,27.54,Next-Day,Credit Card,23,Female,City7,343.31548000000004,2.0,0.2,0,2023,8,2
Electronics,1548.22,2,7.61,Express,Credit Card,65,Male,City60,2860.800916,1.5,0.4,0,2022,10,5
Electronics,1714.06,5,42.21,Standard,Wallet,25,Male,City28,4952.77637,1.0,1.0,0,2024,9,1
Clothing,1987.56,5,27.29,Next-Day,Credit Card,59,Male,City90,7225.77438,2.0,1.0,0,2023,7,5
Toys,661.8,5,44.63,Next-Day,COD,45,Female,City33,1832.1933,2.0,1.0,0,2022,11,0
Clothing,801.95,1,31.13,Standard,COD,39,Male,City33,552.3029650000001,1.0,0.2,0,2022,4,3
Electronics,1347.71,3,46.64,Next-Day,Credit Card,37,Female,City12,2157.414168,2.0,0.6000000000000001,1,2025,8,2
Clothing,1904.0,1,10.87,Express,Wallet,55,Male,City39,1697.0352,1.5,0.2,1,2024,2,5
Electronics,955.03,3,28.79,Standard,Debit Card,39,Male,City38,2040.230589,1.0,0.6000000000000001,0,2025,8,4
Books,750.98,2,34.21,Next-Day,Wallet,29,Female,City87,988.139484,2.0,0.4,0,2023,11,6
Clothing,362.62,3,0.33,Next-Day,COD,59,Female,City84,1084.270062,2.0,0.6000000000000001,0,2025,2,6
Electronics,1505.97,3,0.87,Express,COD,23,Female,City9,4478.604183,1.5,0.6000000000000001,0,2024,10,6
Electronics,608.11,3,17.69,Express,COD,29,Male,City10,1501.6060229999998,1.5,0.6000000000000001,0,2023,6,6
Electronics,879.01,1,44.38,Next-Day,Credit Card,18,Female,City34,488.905362,2.0,0.2,0,2022,4,3
Books,1086.05,3,34.99,Next-Day,Wallet,23,Male,City3,2118.123315,2.0,0.6000000000000001,0,2024,10,0
Books,1608.63,3,15.86,Next-Day,COD,30,Male,City90,4060.503846000001,2.0,0.6000000000000001,1,2023,3,6
Electronics,764.67,4,38.31,Express,Credit Card,53,Female,City21,1886.899692,1.5,0.8,0,2023,6,6
Electronics,1806.1,3,41.23,Next-Day,Wallet,38,Male,City80,3184.33491,2.0,0.6000000000000001,0,2025,9,2
Toys,753.79,5,28.34,Express,Debit Card,25,Female,City29,2700.82957,1.5,1.0,0,2022,7,4
Home Appliances,1717.84,2,1.6,Standard,Credit Card,55,Male,City27,3380.70912,1.0,0.4,0,2023,5,3
Books,1827.75,2,32.81,Next-Day,Debit Card,27,Female,City33,2456.13045,2.0,0.4,0,2024,2,0
Electronics,990.91,1,1.42,Express,Debit Card,44,Female,City26,976.839078,1.5,0.2,0,2023,5,6
Books,753.69,4,9.81,Next-Day,Wallet,48,Male,City27,2719.0120440000005,2.0,0.8,0,2024,1,2
Toys,483.88,4,39.09,Express,Credit Card,38,Female,City5,1178.925232,1.5,0.8,1,2022,5,5
Electronics,600.25,5,14.85,Express,Credit Card,62,Female,City17,2555.564375,1.5,1.0,0,2024,4,6
Books,872.0,1,26.55,Express,Wallet,61,Male,City36,640.4839999999999,1.5,0.2,0,2022,10,3
Toys,678.03,2,33.51,Next-Day,Wallet,46,Male,City89,901.644294,2.0,0.4,0,2022,5,5
Electronics,1049.6,4,21.41,Next-Day,Debit Card,52,Female,City93,3299.52256,2.0,0.8,0,2022,8,2
Clothing,825.16,2,19.73,Express,Wallet,47,Male,City29,1324.711864,1.5,0.4,1,2023,5,4
Electronics,1439.96,3,1.41,Express,Debit Card,26,Male,City25,4258.969692,1.5,0.6000000000000001,0,2024,6,0
Electronics,1012.91,2,14.58,Express,COD,44,Male,City28,1730.455444,1.5,0.4,0,2022,7,3
Toys,1462.09,3,22.81,Express,COD,36,Male,City36,3385.761813,1.5,0.6000000000000001,1,2025,8,2
Books,515.41,3,16.25,Next-Day,COD,61,Female,City90,1294.967625,2.0,0.6000000000000001,0,2025,4,1
Clothing,565.52,3,28.85,Standard,Wallet,37,Male,City47,1207.10244,1.0,0.6000000000000001,0,2024,8,4
Clothing,1327.5,1,49.42,Express,Credit Card,51,Female,City64,671.4495000000001,1.5,0.2,0,2023,12,4
Toys,1887.31,1,14.02,Next-Day,Debit Card,46,Female,City47,1622.709138,2.0,0.2,0,2025,2,1
Clothing,1526.69,5,35.2,Express,COD,38,Female,City57,4946.4756,1.5,1.0,1,2025,4,4
Toys,1956.18,5,38.83,Express,Wallet,43,Male,City95,5982.97653,1.5,1.0,1,2023,11,6
Electronics,896.1,2,7.92,Express,Credit Card,54,Female,City35,1650.2577600000002,1.5,0.4,0,2023,11,3
Electronics,1457.41,4,42.99,Next-Day,Wallet,63,Female,City8,3323.4777640000007,2.0,0.8,0,2022,8,0
Electronics,165.12,1,27.58,Next-Day,Wallet,27,Male,City58,119.579904,2.0,0.2,0,2022,6,5
Electronics,1784.64,4,22.1,Express,Credit Card,19,Male,City35,5560.93824,1.5,0.8,0,2023,2,3
Toys,411.81,4,47.9,Standard,Debit Card,46,Female,City33,858.21204,1.0,0.8,0,2025,3,6
Clothing,1576.08,1,46.45,Express,COD,40,Male,City43,843.9908399999999,1.5,0.2,1,2024,2,4
Home Appliances,1609.1,5,21.66,Express,Credit Card,33,Female,City81,6302.8447,1.5,1.0,0,2024,2,0
Home Appliances,1998.6,2,48.64,Express,COD,22,Female,City40,2052.96192,1.5,0.4,1,2024,8,6
Home Appliances,319.63,3,32.81,Next-Day,Debit Card,63,Female,City9,644.2781909999999,2.0,0.6000000000000001,0,2022,1,3
Home Appliances,1882.84,1,16.98,Express,Credit Card,52,Male,City57,1563.133768,1.5,0.2,0,2023,4,4
Electronics,1217.69,1,20.65,Standard,COD,60,Female,City97,966.237015,1.0,0.2,1,2025,7,4
Clothing,1174.9,2,28.18,Express,Wallet,35,Female,City30,1687.62636,1.5,0.4,1,2022,1,3
Toys,942.79,2,14.29,Express,Credit Card,25,Male,City76,1616.130618,1.5,0.4,0,2025,7,0
Clothing,682.71,1,49.8,Standard,Credit Card,42,Female,City93,342.72042000000005,1.0,0.2,0,2025,2,0
Electronics,1094.31,5,43.69,Express,Debit Card,26,Female,City63,3081.029805,1.5,1.0,0,2024,2,3
Clothing,354.69,4,38.21,Express,Wallet,29,Male,City44,876.651804,1.5,0.8,1,2023,9,4
Clothing,1610.5,1,38.62,Standard,COD,42,Male,City28,988.5249,1.0,0.2,1,2022,2,4
Electronics,794.85,3,0.32,Next-Day,Debit Card,45,Female,City65,2376.91944,2.0,0.6000000000000001,1,2023,8,1
Clothing,246.84,4,25.33,Standard,Credit Card,58,Female,City53,737.261712,1.0,0.8,1,2022,11,0
Books,688.89,4,13.92,Standard,Debit Card,22,Female,City93,2371.986048,1.0,0.8,0,2023,3,3
Toys,775.1,2,40.5,Express,COD,48,Male,City11,922.369,1.5,0.4,0,2024,8,0
Toys,602.74,1,11.85,Next-Day,Wallet,59,Male,City74,531.31531,2.0,0.2,1,2024,7,3
Books,1744.96,4,39.96,Next-Day,COD,37,Male,City78,4190.695936,2.0,0.8,0,2023,8,5
Electronics,1301.96,4,25.6,Next-Day,COD,21,Female,City14,3874.63296,2.0,0.8,0,2022,2,4
Electronics,613.23,3,28.69,Express,Credit Card,18,Male,City54,1311.882939,1.5,0.6000000000000001,1,2024,12,2
Clothing,342.2,5,16.07,Standard,Wallet,21,Female,City49,1436.0422999999998,1.0,1.0,0,2025,9,0
Clothing,1953.77,1,0.74,Standard,COD,65,Female,City45,1939.312102,1.0,0.2,0,2022,12,5
Home Appliances,792.48,4,48.07,Next-Day,Wallet,23,Male,City61,1646.139456,2.0,0.8,0,2024,4,4
Clothing,1775.42,2,34.49,Standard,Wallet,58,Male,City36,2326.155284,1.0,0.4,1,2023,10,4
Clothing,1534.65,2,29.51,Express,COD,28,Female,City64,2163.54957,1.5,0.4,0,2025,8,3
Electronics,1328.66,5,22.73,Next-Day,COD,62,Male,City7,5133.27791,2.0,1.0,0,2022,8,2
Clothing,980.93,4,11.43,Express,COD,19,Male,City24,3475.238804,1.5,0.8,0,2022,12,2
Clothing,1529.46,3,5.12,Next-Day,Wallet,64,Female,City70,4353.454944,2.0,0.6000000000000001,0,2024,10,1
Electronics,516.81,2,27.49,Standard,COD,57,Female,City63,749.477862,1.0,0.4,1,2024,2,2
Books,1240.76,2,31.41,Next-Day,COD,26,Female,City98,1702.0745679999998,2.0,0.4,1,2023,10,4
Electronics,1461.12,5,21.29,Standard,Credit Card,22,Female,City100,5750.23776,1.0,1.0,1,2024,9,4
Clothing,421.78,5,18.06,Express,Debit Card,64,Male,City16,1728.03266,1.5,1.0,0,2022,5,4
Electronics,1787.92,3,34.35,Next-Day,Credit Card,54,Male,City33,3521.30844,2.0,0.6000000000000001,1,2025,4,5
Home Appliances,841.74,3,26.94,Express,COD,29,Male,City70,1844.925732,1.5,0.6000000000000001,0,2024,4,6
Home Appliances,1523.23,5,29.03,Express,Wallet,47,Female,City70,5405.181654999999,1.5,1.0,1,2024,4,0
Electronics,1746.91,3,30.16,Express,Wallet,44,Male,City7,3660.1258320000006,1.5,0.6000000000000001,0,2025,6,1
Books,1423.3,4,15.56,Express,Debit Card,38,Female,City14,4807.33808,1.5,0.8,0,2025,6,6
Clothing,829.43,4,40.68,Standard,Wallet,52,Female,City86,1968.071504,1.0,0.8,0,2022,8,2
Clothing,1781.78,4,29.17,Standard,Wallet,26,Male,City45,5048.139095999999,1.0,0.8,0,2022,6,0
Clothing,1131.04,1,12.52,Next-Day,Wallet,18,Female,City46,989.433792,2.0,0.2,1,2023,12,6
Clothing,1566.07,1,27.2,Standard,Credit Card,45,Male,City51,1140.09896,1.0,0.2,0,2023,8,1
Clothing,461.02,3,35.56,Express,Credit Card,28,Male,City86,891.2438639999999,1.5,0.6000000000000001,1,2023,7,5
Clothing,459.57,4,4.24,Next-Day,Credit Card,60,Male,City82,1760.336928,2.0,0.8,0,2022,3,6
Clothing,1320.56,4,3.19,Standard,Wallet,31,Male,City9,5113.736543999999,1.0,0.8,1,2025,7,6
Home Appliances,895.24,2,2.66,Next-Day,Credit Card,65,Male,City3,1742.8532320000002,2.0,0.4,0,2023,12,1
Clothing,1985.41,4,11.81,Next-Day,Wallet,63,Male,City55,7003.7323160000005,2.0,0.8,1,2023,2,6
Electronics,1186.67,5,41.92,Standard,COD,23,Male,City66,3446.08968,1.0,1.0,0,2023,10,1
Clothing,678.49,4,26.34,Next-Day,Credit Card,40,Male,City41,1999.102936,2.0,0.8,0,2025,3,3
Clothing,754.85,5,19.22,Express,COD,27,Female,City76,3048.83915,1.5,1.0,1,2022,12,4
Electronics,203.38,3,38.4,Standard,Credit Card,41,Male,City88,375.84624,1.0,0.6000000000000001,0,2024,11,0
Electronics,528.01,3,14.41,Next-Day,Wallet,18,Male,City53,1355.771277,2.0,0.6000000000000001,0,2024,8,5
Toys,1338.8,1,34.74,Standard,Debit Card,26,Male,City90,873.7008799999999,1.0,0.2,0,2023,6,2
Clothing,278.73,5,4.85,Next-Day,Debit Card,48,Female,City86,1326.0579750000002,2.0,1.0,0,2023,5,5
Books,1969.97,4,14.93,Standard,COD,65,Female,City27,6703.413916,1.0,0.8,1,2024,1,6
Toys,1806.56,5,36.29,Express,Wallet,28,Female,City68,5754.79688,1.5,1.0,0,2022,8,3
Electronics,1706.13,1,32.89,Standard,COD,62,Female,City47,1144.9838430000002,1.0,0.2,0,2023,10,2
Toys,1186.76,2,27.63,Standard,COD,47,Female,City34,1717.716424,1.0,0.4,0,2024,6,4
Toys,568.52,5,9.71,Next-Day,Wallet,60,Male,City44,2566.58354,2.0,1.0,0,2023,4,6
Toys,1363.78,5,1.84,Standard,Credit Card,34,Female,City35,6693.43224,1.0,1.0,0,2022,1,2
Books,1560.16,2,1.09,Standard,COD,25,Male,City86,3086.308512,1.0,0.4,0,2022,8,4
Clothing,503.6,1,14.39,Standard,COD,25,Female,City82,431.13196,1.0,0.2,1,2022,7,4
Toys,543.53,2,14.78,Express,Debit Card,63,Male,City23,926.392532,1.5,0.4,0,2022,3,3
Clothing,953.64,1,38.81,Express,Debit Card,44,Male,City99,583.532316,1.5,0.2,1,2022,5,3
Clothing,207.99,1,0.76,Standard,COD,50,Female,City98,206.409276,1.0,0.2,0,2023,8,1
Electronics,1281.89,4,2.89,Standard,COD,40,Female,City8,4979.373516000001,1.0,0.8,0,2022,2,5
Books,937.01,4,38.85,Express,Wallet,24,Female,City10,2291.92646,1.5,0.8,0,2025,1,2
Toys,1122.07,5,0.25,Next-Day,Debit Card,44,Male,City81,5596.324125,2.0,1.0,0,2023,2,3
Books,1568.75,1,16.6,Next-Day,Wallet,50,Male,City1,1308.3375,2.0,0.2,0,2025,5,6
Toys,823.05,3,27.17,Next-Day,Debit Card,19,Male,City1,1798.2819449999995,2.0,0.6000000000000001,1,2024,11,4
Clothing,919.02,2,18.12,Express,Credit Card,65,Female,City44,1504.987152,1.5,0.4,1,2024,3,5
Toys,1465.9,2,38.24,Express,Credit Card,19,Male,City83,1810.67968,1.5,0.4,1,2022,1,5
Home Appliances,1489.07,4,18.74,Next-Day,Credit Card,55,Male,City62,4840.073128,2.0,0.8,0,2023,1,4
Electronics,1804.28,2,47.96,Next-Day,Wallet,62,Male,City66,1877.894624,2.0,0.4,0,2025,6,6
Books,1485.16,4,46.2,Standard,COD,47,Female,City56,3196.0643200000004,1.0,0.8,0,2024,9,3
Clothing,1757.5,4,21.06,Express,Credit Card,43,Male,City96,5549.482,1.5,0.8,1,2024,11,3
Books,1604.68,2,44.95,Standard,Wallet,54,Male,City40,1766.75268,1.0,0.4,0,2023,2,1
Toys,1886.72,1,39.68,Standard,COD,27,Male,City90,1138.0695039999998,1.0,0.2,1,2024,8,0
Toys,881.72,3,8.96,Standard,COD,55,Female,City44,2408.153664,1.0,0.6000000000000001,1,2023,10,1
Home Appliances,382.51,1,47.27,Standard,Debit Card,34,Male,City91,201.697523,1.0,0.2,0,2022,5,1
Clothing,355.86,2,21.94,Express,Debit Card,39,Male,City30,555.568632,1.5,0.4,0,2025,8,1
Clothing,1201.32,1,40.45,Standard,Wallet,20,Male,City31,715.3860599999998,1.0,0.2,0,2025,6,5
Books,539.79,4,20.62,Express,Credit Card,53,Male,City74,1713.9412079999995,1.5,0.8,1,2023,5,0
Clothing,655.77,3,36.54,Next-Day,Credit Card,19,Male,City11,1248.454926,2.0,0.6000000000000001,0,2023,9,3
Books,1757.48,4,19.81,Express,Credit Card,48,Female,City54,5637.292848,1.5,0.8,0,2023,5,6
Home Appliances,1129.34,1,44.18,Next-Day,Debit Card,51,Male,City31,630.397588,2.0,0.2,0,2024,7,2
Books,522.84,1,18.05,Standard,COD,50,Male,City82,428.4673800000001,1.0,0.2,0,2025,8,2
Electronics,981.61,5,28.07,Standard,Credit Card,45,Female,City79,3530.3603650000005,1.0,1.0,0,2024,11,2
Home Appliances,1937.51,1,7.37,Next-Day,COD,43,Male,City25,1794.715513,2.0,0.2,0,2022,5,2
Clothing,983.89,4,27.07,Next-Day,Credit Card,58,Male,City20,2870.2039080000004,2.0,0.8,0,2024,1,4
Toys,1710.74,3,38.97,Standard,COD,58,Female,City55,3132.1938660000005,1.0,0.6000000000000001,0,2024,12,1
Books,747.17,4,27.61,Standard,Wallet,43,Male,City65,2163.505452,1.0,0.8,0,2022,8,6
Clothing,1076.55,4,45.66,Next-Day,COD,56,Female,City38,2339.9890800000003,2.0,0.8,1,2023,8,6
Toys,690.82,1,24.92,Next-Day,Credit Card,18,Male,City86,518.6676560000001,2.0,0.2,0,2024,4,4
Clothing,1940.48,2,7.85,Next-Day,Credit Card,35,Male,City93,3576.30464,2.0,0.4,0,2022,12,1
Electronics,1812.05,2,31.19,Standard,Debit Card,20,Male,City86,2493.74321,1.0,0.4,0,2023,11,6
Electronics,962.79,1,24.33,Next-Day,Credit Card,36,Male,City68,728.543193,2.0,0.2,0,2025,1,3
Clothing,1273.75,3,48.15,Next-Day,COD,50,Female,City71,1981.318125,2.0,0.6000000000000001,0,2023,6,0
Toys,1511.06,3,13.86,Express,COD,61,Female,City66,3904.881252,1.5,0.6000000000000001,1,2023,12,5
Toys,758.67,3,38.4,Standard,COD,19,Male,City30,1402.0221599999998,1.0,0.6000000000000001,0,2022,11,2
Books,631.06,1,10.91,Standard,Wallet,54,Female,City28,562.2113539999999,1.0,0.2,0,2022,6,1
Toys,380.14,4,21.09,Express,Wallet,18,Female,City62,1199.873896,1.5,0.8,0,2025,2,2
Home Appliances,658.85,1,3.03,Express,Wallet,19,Female,City9,638.886845,1.5,0.2,0,2024,6,2
Electronics,424.19,4,36.24,Next-Day,COD,50,Female,City39,1081.8541759999998,2.0,0.8,1,2023,6,5
Clothing,1280.56,3,44.66,Next-Day,Wallet,37,Male,City93,2125.985712,2.0,0.6000000000000001,0,2025,5,0
Electronics,1628.75,3,16.58,Standard,COD,20,Female,City50,4076.10975,1.0,0.6000000000000001,0,2023,2,2
Books,1797.67,4,35.73,Express,Wallet,47,Male,City48,4621.450036,1.5,0.8,0,2024,6,2
Toys,1212.93,5,18.78,Standard,Wallet,65,Female,City16,4925.70873,1.0,1.0,0,2022,8,2
Home Appliances,426.19,4,22.1,Express,Credit Card,58,Female,City54,1328.00804,1.5,0.8,0,2024,2,1
Electronics,351.26,1,23.83,Express,Debit Card,34,Female,City41,267.55474200000003,1.5,0.2,1,2025,3,5
Clothing,1681.25,1,3.77,Standard,Wallet,57,Female,City38,1617.8668750000002,1.0,0.2,1,2024,7,2
Home Appliances,763.73,4,18.62,Express,Debit Card,53,Male,City1,2486.093896,1.5,0.8,0,2025,7,0
Clothing,1565.94,5,23.99,Express,Debit Card,49,Female,City46,5951.35497,1.5,1.0,1,2025,1,0
Home Appliances,813.76,2,45.42,Express,Wallet,32,Male,City66,888.300416,1.5,0.4,0,2023,11,1
Electronics,1594.04,4,30.79,Express,Credit Card,36,Male,City70,4412.940336,1.5,0.8,1,2022,3,2
Toys,1316.72,5,4.91,Standard,COD,39,Male,City38,6260.345240000001,1.0,1.0,0,2022,9,6
Electronics,1496.53,1,7.8,Express,Debit Card,51,Male,City4,1379.80066,1.5,0.2,0,2022,8,6
Electronics,1251.07,4,12.39,Standard,Debit Card,60,Male,City17,4384.249707999999,1.0,0.8,0,2022,2,2
Electronics,1815.13,1,17.72,Next-Day,Credit Card,21,Female,City41,1493.488964,2.0,0.2,0,2024,7,4
Clothing,484.85,1,47.16,Next-Day,Credit Card,26,Female,City91,256.19474,2.0,0.2,1,2022,11,0
Clothing,905.21,3,36.53,Express,Debit Card,48,Female,City54,1723.6103610000002,1.5,0.6000000000000001,1,2025,7,4
Electronics,1194.74,4,9.51,Express,Credit Card,51,Male,City61,4324.480904,1.5,0.8,1,2024,1,1
Clothing,1176.0,5,24.12,Standard,Credit Card,22,Male,City43,4461.744000000001,1.0,1.0,0,2023,8,1
Clothing,1356.26,4,27.03,Next-Day,Wallet,23,Male,City74,3958.651688,2.0,0.8,1,2024,12,4
Toys,912.58,5,29.83,Next-Day,COD,52,Male,City61,3201.78693,2.0,1.0,1,2024,12,6
Home Appliances,708.08,2,10.15,Next-Day,Wallet,60,Female,City40,1272.41976,2.0,0.4,0,2024,8,3
Home Appliances,1886.31,2,35.68,Next-Day,Credit Card,25,Male,City4,2426.549184,2.0,0.4,1,2022,2,2
Clothing,1969.18,3,45.63,Next-Day,Wallet,19,Female,City16,3211.929498,2.0,0.6000000000000001,0,2024,5,2
Books,1739.04,2,34.45,Next-Day,Wallet,51,Female,City46,2279.88144,2.0,0.4,0,2022,8,2
Clothing,1147.68,1,26.38,Next-Day,COD,22,Female,City97,844.922016,2.0,0.2,0,2023,5,5
Clothing,186.67,2,27.45,Standard,Debit Card,44,Female,City49,270.85817,1.0,0.4,1,2022,6,6
Books,763.81,3,31.44,Express,Debit Card,33,Female,City90,1571.0044079999998,1.5,0.6000000000000001,0,2024,6,4
Electronics,914.33,5,12.77,Next-Day,Credit Card,61,Female,City12,3987.850295,2.0,1.0,0,2025,3,1
Toys,976.02,5,15.72,Next-Day,Credit Card,28,Female,City38,4112.9482800000005,2.0,1.0,0,2022,7,6
Clothing,1628.44,1,12.14,Standard,COD,35,Male,City41,1430.7473840000002,1.0,0.2,0,2023,9,1
Clothing,1735.07,3,18.65,Standard,COD,35,Male,City72,4234.438335,1.0,0.6000000000000001,0,2024,5,1
Clothing,1506.59,1,4.99,Standard,Wallet,48,Male,City33,1431.4111589999998,1.0,0.2,0,2022,6,0
Electronics,448.37,5,20.92,Standard,COD,51,Female,City43,1772.8549799999998,1.0,1.0,0,2025,3,6
Toys,1432.61,3,10.17,Standard,Credit Card,27,Female,City94,3860.740689,1.0,0.6000000000000001,0,2024,4,5
Electronics,1366.87,1,27.06,Express,Wallet,36,Female,City97,996.994978,1.5,0.2,0,2023,7,0
Home Appliances,1405.38,3,35.12,Next-Day,Debit Card,45,Male,City4,2735.4316320000003,2.0,0.6000000000000001,1,2023,5,0
Clothing,876.14,4,10.79,Standard,Credit Card,24,Male,City35,3126.417976,1.0,0.8,0,2024,4,1
Clothing,848.87,1,32.25,Express,COD,37,Male,City19,575.109425,1.5,0.2,0,2023,8,1
Books,1467.0,5,4.05,Standard,COD,22,Male,City4,7037.9325,1.0,1.0,0,2025,5,5
Clothing,409.21,1,31.61,Standard,Wallet,32,Male,City69,279.85871899999995,1.0,0.2,1,2023,5,4
Electronics,1919.6,3,38.09,Express,Wallet,19,Male,City24,3565.2730799999995,1.5,0.6000000000000001,0,2025,1,1
Toys,303.97,5,43.08,Standard,Wallet,61,Male,City37,865.0986200000001,1.0,1.0,0,2024,8,2
Clothing,283.76,5,10.18,Standard,COD,54,Male,City17,1274.36616,1.0,1.0,1,2023,3,1
Home Appliances,1766.7,3,10.48,Standard,COD,43,Male,City48,4744.64952,1.0,0.6000000000000001,1,2023,5,1
Electronics,1764.74,2,0.65,Next-Day,Debit Card,65,Female,City44,3506.5383800000004,2.0,0.4,0,2022,9,4
Clothing,1471.27,3,44.42,Express,Credit Card,63,Male,City37,2453.195598,1.5,0.6000000000000001,0,2025,9,1
Clothing,1443.21,4,24.11,Next-Day,Wallet,18,Male,City75,4381.0082760000005,2.0,0.8,0,2022,6,4
Books,465.8,5,38.2,Next-Day,COD,21,Male,City60,1439.322,2.0,1.0,0,2025,8,3
Clothing,886.9,5,16.26,Next-Day,COD,30,Female,City21,3713.4503,2.0,1.0,0,2024,3,5
Toys,441.79,1,21.6,Next-Day,Wallet,39,Male,City77,346.36336000000006,2.0,0.2,0,2024,7,2
Clothing,715.2,3,48.62,Standard,COD,64,Female,City65,1102.4092800000003,1.0,0.6000000000000001,0,2024,12,4
Clothing,1334.25,5,17.76,Standard,COD,33,Female,City84,5486.436,1.0,1.0,0,2022,8,4
Books,1922.32,3,37.63,Next-Day,Wallet,44,Female,City74,3596.852952,2.0,0.6000000000000001,1,2023,3,3
Clothing,1808.51,3,23.48,Next-Day,Debit Card,64,Male,City48,4151.615556,2.0,0.6000000000000001,0,2025,3,3
Home Appliances,1113.45,5,47.76,Next-Day,Debit Card,40,Female,City91,2908.3314,2.0,1.0,1,2023,4,5
Toys,1257.54,1,19.63,Express,Debit Card,37,Female,City59,1010.684898,1.5,0.2,0,2022,6,6
Clothing,1502.42,4,4.2,Standard,COD,45,Female,City3,5757.27344,1.0,0.8,0,2022,8,1
Electronics,281.05,2,45.7,Next-Day,COD,43,Female,City89,305.22029999999995,2.0,0.4,0,2024,2,1
Electronics,623.4,1,28.81,Standard,COD,28,Female,City18,443.79846,1.0,0.2,0,2024,6,4
Clothing,449.59,3,45.2,Next-Day,COD,56,Male,City16,739.1259600000001,2.0,0.6000000000000001,0,2023,9,1
Home Appliances,499.95,4,45.06,Standard,COD,63,Female,City4,1098.69012,1.0,0.8,0,2025,4,3
Home Appliances,945.6,1,0.25,Next-Day,Wallet,51,Male,City40,943.236,2.0,0.2,0,2024,8,3
Clothing,698.91,2,2.29,Next-Day,Wallet,24,Female,City94,1365.809922,2.0,0.4,0,2022,10,3
Electronics,1956.8,1,23.38,Next-Day,COD,63,Female,City71,1499.30016,2.0,0.2,0,2024,10,0
Clothing,341.67,3,31.29,Express,Debit Card,43,Female,City35,704.2843710000001,1.5,0.6000000000000001,0,2025,7,2
Clothing,293.4,3,13.75,Express,Wallet,32,Female,City20,759.1725,1.5,0.6000000000000001,0,2024,7,1
Home Appliances,1773.91,5,39.22,Standard,Debit Card,25,Male,City8,5390.912490000001,1.0,1.0,0,2025,7,5
Toys,502.51,3,42.17,Express,Wallet,27,Female,City20,871.804599,1.5,0.6000000000000001,1,2024,6,6
Clothing,272.66,3,22.47,Next-Day,Credit Card,27,Female,City89,634.179894,2.0,0.6000000000000001,0,2024,11,1
Books,122.58,4,7.9,Standard,Debit Card,32,Female,City90,451.58472,1.0,0.8,0,2024,7,0
Toys,1320.31,3,33.95,Standard,COD,53,Female,City88,2616.194265,1.0,0.6000000000000001,0,2024,1,1
Clothing,500.91,2,36.68,Express,COD,38,Female,City51,634.352424,1.5,0.4,1,2022,1,3
Clothing,338.69,4,4.46,Express,Wallet,46,Female,City86,1294.337704,1.5,0.8,0,2023,6,5
Toys,1915.64,3,4.64,Express,COD,39,Male,City69,5480.262912,1.5,0.6000000000000001,0,2024,10,0
Electronics,1309.35,4,7.07,Standard,COD,41,Female,City100,4867.11582,1.0,0.8,0,2023,9,3
Books,1132.58,1,2.68,Standard,Wallet,55,Male,City43,1102.2268559999998,1.0,0.2,0,2023,11,1
Clothing,1531.75,2,47.87,Express,Debit Card,26,Female,City80,1597.0025500000004,1.5,0.4,0,2025,6,4
Toys,764.58,2,5.06,Standard,Debit Card,64,Female,City67,1451.7845040000002,1.0,0.4,0,2023,11,3
Clothing,397.36,4,15.54,Express,Wallet,56,Female,City40,1342.441024,1.5,0.8,0,2024,10,3
Clothing,487.22,5,19.15,Next-Day,Debit Card,36,Female,City81,1969.5868500000004,2.0,1.0,0,2023,10,3
Clothing,1073.11,5,0.09,Express,Wallet,60,Female,City63,5360.721004999999,1.5,1.0,1,2025,3,3
Books,574.82,5,34.45,Standard,Debit Card,65,Female,City38,1883.97255,1.0,1.0,0,2023,12,1
Clothing,1701.33,4,37.68,Next-Day,Credit Card,25,Female,City46,4241.075424,2.0,0.8,1,2023,9,5
Toys,119.0,5,45.04,Standard,Debit Card,59,Female,City62,327.01200000000006,1.0,1.0,1,2022,2,6
Toys,739.76,4,36.94,Express,Credit Card,46,Female,City7,1865.970624,1.5,0.8,1,2022,11,2
Electronics,1851.32,4,1.26,Next-Day,Credit Card,24,Female,City91,7311.973472000001,2.0,0.8,0,2025,7,2
Home Appliances,762.5,1,22.35,Next-Day,Credit Card,37,Male,City35,592.08125,2.0,0.2,0,2022,2,6
Toys,236.0,1,27.81,Express,COD,49,Female,City3,170.3684,1.5,0.2,0,2022,1,5
Toys,392.42,5,5.68,Standard,Debit Card,55,Male,City98,1850.6527200000005,1.0,1.0,0,2022,10,0
Electronics,413.61,3,46.12,Next-Day,Debit Card,53,Male,City57,668.5592039999999,2.0,0.6000000000000001,0,2023,11,6
Home Appliances,512.39,2,11.14,Standard,Credit Card,19,Male,City39,910.619508,1.0,0.4,1,2024,9,3
Toys,1443.0,5,44.91,Express,COD,49,Male,City93,3974.743500000001,1.5,1.0,0,2025,4,1
Home Appliances,1225.49,5,20.05,Next-Day,Credit Card,34,Male,City34,4898.896275,2.0,1.0,0,2024,2,6
Electronics,112.08,4,27.94,Standard,Debit Card,63,Female,City74,323.05939199999995,1.0,0.8,0,2022,5,1
Toys,707.99,3,41.5,Next-Day,Debit Card,31,Male,City17,1242.5224500000002,2.0,0.6000000000000001,0,2023,8,4
Toys,1744.96,1,45.4,Express,COD,20,Male,City83,952.74816,1.5,0.2,0,2024,11,5
Electronics,270.23,3,0.24,Standard,Wallet,58,Male,City75,808.7443440000001,1.0,0.6000000000000001,1,2023,3,2
Electronics,1047.44,1,26.91,Express,Credit Card,43,Male,City50,765.573896,1.5,0.2,0,2025,3,1
Clothing,404.69,5,5.26,Next-Day,Wallet,18,Male,City22,1917.01653,2.0,1.0,0,2023,10,1
Toys,1669.44,1,34.87,Express,Debit Card,41,Male,City100,1087.306272,1.5,0.2,0,2024,7,0
Clothing,816.33,2,4.79,Next-Day,Debit Card,31,Male,City9,1554.455586,2.0,0.4,0,2023,1,6
Home Appliances,835.35,3,48.08,Next-Day,Debit Card,23,Female,City79,1301.14116,2.0,0.6000000000000001,0,2023,12,5
Books,1132.53,1,24.22,Express,COD,61,Female,City85,858.231234,1.5,0.2,0,2023,7,0
Clothing,1445.67,4,39.25,Express,COD,64,Female,City84,3512.9781,1.5,0.8,1,2023,11,2
Home Appliances,1200.88,2,44.53,Standard,Debit Card,30,Male,City76,1332.256272,1.0,0.4,0,2022,8,4
Electronics,1274.64,2,0.58,Next-Day,Debit Card,64,Male,City10,2534.494176,2.0,0.4,0,2022,2,4
Clothing,688.79,3,32.05,Standard,Wallet,35,Female,City61,1404.098415,1.0,0.6000000000000001,1,2024,7,3
Electronics,534.48,1,21.44,Express,COD,58,Female,City62,419.887488,1.5,0.2,0,2022,4,1
Toys,1437.26,3,9.45,Express,Wallet,23,Male,City86,3904.31679,1.5,0.6000000000000001,0,2025,6,5
Electronics,996.72,4,33.6,Express,Credit Card,36,Male,City29,2647.28832,1.5,0.8,1,2024,6,0
Toys,1814.08,4,8.94,Express,Credit Card,22,Female,City58,6607.604992,1.5,0.8,0,2022,8,1
Books,1970.52,3,19.56,Next-Day,COD,62,Female,City4,4755.258863999999,2.0,0.6000000000000001,0,2023,9,6
Toys,1529.84,2,48.71,Next-Day,Credit Card,25,Male,City57,1569.3098719999996,2.0,0.4,0,2025,1,1
Electronics,420.41,5,19.99,Express,Credit Card,22,Male,City76,1681.8502050000002,1.5,1.0,0,2024,8,4
Electronics,412.46,1,8.85,Standard,Credit Card,51,Female,City65,375.95729,1.0,0.2,0,2022,5,2
Clothing,237.34,3,48.21,Standard,Credit Card,31,Female,City3,368.755158,1.0,0.6000000000000001,1,2022,12,0
Books,235.49,1,19.22,Express,COD,48,Female,City64,190.22882200000004,1.5,0.2,0,2024,11,6
Clothing,1558.42,4,20.24,Express,COD,37,Female,City25,4971.983168,1.5,0.8,0,2024,4,6
Toys,1139.77,3,34.3,Express,Credit Card,42,Female,City90,2246.48667,1.5,0.6000000000000001,0,2025,2,0
Books,1481.87,2,32.41,Next-Day,Debit Card,43,Male,City73,2003.191866,2.0,0.4,0,2024,9,5
Electronics,232.01,4,19.18,Standard,COD,37,Female,City14,750.041928,1.0,0.8,0,2025,4,6
Electronics,936.93,5,4.07,Express,Wallet,57,Female,City46,4493.984745,1.5,1.0,1,2025,4,1
Toys,347.28,2,1.89,Next-Day,Wallet,32,Female,City24,681.4328159999999,2.0,0.4,0,2024,8,3
Electronics,277.58,2,11.86,Next-Day,Wallet,34,Male,City16,489.3180239999999,2.0,0.4,0,2023,1,6
Toys,1196.62,1,32.04,Next-Day,COD,23,Male,City59,813.2229519999999,2.0,0.2,1,2023,8,1
Electronics,144.79,2,23.75,Next-Day,Wallet,57,Male,City69,220.80475,2.0,0.4,1,2022,6,4
Books,199.99,4,5.8,Express,Debit Card,49,Female,City66,753.56232,1.5,0.8,0,2025,8,3
Clothing,1639.91,5,36.72,Standard,Debit Card,23,Female,City47,5188.6752400000005,1.0,1.0,0,2024,7,0
Books,429.68,4,48.01,Next-Day,Credit Card,29,Female,City8,893.562528,2.0,0.8,1,2023,9,2
Electronics,428.0,1,47.56,Next-Day,COD,63,Female,City75,224.4432,2.0,0.2,0,2022,12,6
Toys,1076.06,3,30.46,Standard,Credit Card,22,Male,City36,2244.876372,1.0,0.6000000000000001,0,2025,5,0
Clothing,337.22,3,11.41,Express,Credit Card,21,Male,City48,896.2295940000001,1.5,0.6000000000000001,0,2024,5,2
Clothing,1302.5,2,4.59,Standard,Credit Card,27,Male,City81,2485.4305,1.0,0.4,1,2023,12,5
Clothing,1297.78,2,11.03,Standard,Wallet,42,Male,City35,2309.269732,1.0,0.4,1,2022,10,4
Toys,1582.6,4,18.06,Standard,Debit Card,25,Male,City12,5187.12976,1.0,0.8,1,2023,5,1
Books,731.74,2,10.65,Express,Wallet,60,Male,City24,1307.61938,1.5,0.4,0,2024,2,3
Electronics,488.76,2,47.67,Express,Credit Card,47,Female,City88,511.536216,1.5,0.4,0,2025,1,1
Books,1338.47,2,36.93,Express,Wallet,49,Female,City97,1688.346058,1.5,0.4,1,2025,3,4
Books,1645.28,2,47.84,Next-Day,Credit Card,59,Female,City9,1716.3560959999998,2.0,0.4,0,2024,4,6
Toys,1177.36,5,39.56,Next-Day,COD,21,Male,City4,3557.98192,2.0,1.0,0,2023,8,3
Clothing,509.96,2,39.0,Standard,COD,22,Male,City52,622.1512,1.0,0.4,0,2023,12,4
Clothing,226.38,4,44.17,Standard,Credit Card,57,Male,City60,505.551816,1.0,0.8,1,2022,11,5
Clothing,815.15,5,24.88,Next-Day,Credit Card,43,Male,City62,3061.7034,2.0,1.0,1,2025,6,2
Books,101.63,1,19.97,Express,Credit Card,31,Female,City49,81.33448899999999,1.5,0.2,0,2022,11,0
Clothing,1525.05,4,13.77,Standard,COD,18,Male,City51,5260.20246,1.0,0.8,0,2023,1,2
Electronics,1462.8,2,44.92,Standard,Credit Card,18,Male,City78,1611.4204799999998,1.0,0.4,0,2024,2,1
Electronics,1200.24,3,13.66,Next-Day,Wallet,47,Male,City55,3108.861648,2.0,0.6000000000000001,1,2023,7,3
Electronics,311.51,3,37.74,Next-Day,Credit Card,33,Male,City26,581.838378,2.0,0.6000000000000001,1,2022,4,4
Clothing,867.27,4,25.34,Standard,COD,55,Female,City40,2590.0151279999995,1.0,0.8,1,2023,9,5
Books,1861.03,2,38.68,Next-Day,Wallet,20,Male,City88,2282.367192,2.0,0.4,0,2023,5,3
Toys,711.24,3,43.18,Next-Day,COD,29,Female,City69,1212.3797040000002,2.0,0.6000000000000001,0,2024,10,3
Home Appliances,1386.09,4,40.75,Express,COD,45,Female,City21,3285.0333,1.5,0.8,1,2023,3,4
Electronics,1456.21,3,11.83,Next-Day,Wallet,20,Female,City51,3851.821071,2.0,0.6000000000000001,0,2023,12,2
Clothing,183.67,4,44.14,Standard,Debit Card,46,Female,City70,410.392248,1.0,0.8,1,2022,5,4
Clothing,1815.28,5,27.85,Standard,COD,25,Female,City22,6548.6226,1.0,1.0,0,2023,7,1
Home Appliances,1031.19,4,6.85,Next-Day,Debit Card,40,Male,City31,3842.21394,2.0,0.8,0,2024,10,1
Electronics,1606.21,3,1.96,Express,Debit Card,65,Female,City69,4724.184852,1.5,0.6000000000000001,1,2024,9,0
Home Appliances,1513.55,2,31.66,Standard,Debit Card,48,Male,City83,2068.72014,1.0,0.4,1,2023,8,2
Clothing,1618.94,5,28.72,Express,Wallet,53,Female,City17,5769.902160000001,1.5,1.0,1,2024,2,5
Toys,548.88,2,15.99,Standard,COD,25,Male,City100,922.228176,1.0,0.4,0,2024,11,0
Toys,939.6,5,4.58,Next-Day,Debit Card,37,Female,City2,4482.8316,2.0,1.0,0,2022,7,5
Electronics,1803.66,4,15.53,Standard,Debit Card,52,Male,City49,6094.206408,1.0,0.8,0,2022,11,4
Clothing,267.24,1,1.59,Next-Day,Wallet,63,Male,City79,262.990884,2.0,0.2,0,2022,9,0
Clothing,797.64,3,40.85,Next-Day,Credit Card,59,Male,City77,1415.4121799999998,2.0,0.6000000000000001,1,2024,4,5
Electronics,919.97,4,26.12,Express,COD,60,Female,City52,2718.695344,1.5,0.8,0,2023,7,5
Clothing,514.68,2,32.27,Express,Wallet,29,Female,City13,697.185528,1.5,0.4,1,2022,2,1
Home Appliances,1830.82,5,41.3,Standard,Credit Card,44,Female,City9,5373.4567,1.0,1.0,1,2024,3,5
Electronics,643.79,3,43.5,Standard,Wallet,56,Female,City51,1091.2240499999998,1.0,0.6000000000000001,0,2023,11,3
Toys,1551.03,1,43.67,Next-Day,Credit Card,31,Male,City56,873.6951989999999,2.0,0.2,0,2024,3,3
Clothing,1642.7,4,5.99,Next-Day,COD,37,Male,City51,6177.2090800000005,2.0,0.8,0,2023,7,3
Electronics,1582.64,3,1.07,Express,COD,34,Male,City11,4697.117256,1.5,0.6000000000000001,0,2025,4,2
Electronics,1229.93,3,8.1,Express,Credit Card,49,Female,City27,3390.91701,1.5,0.6000000000000001,0,2025,9,1
Home Appliances,1928.08,5,22.65,Express,COD,30,Male,City14,7456.8494,1.5,1.0,0,2023,12,2
Clothing,965.02,3,12.14,Express,Credit Card,49,Female,City10,2543.599716,1.5,0.6000000000000001,1,2024,2,5
Clothing,1742.22,4,32.14,Standard,Debit Card,20,Female,City89,4729.081968,1.0,0.8,1,2025,3,0
Electronics,1414.19,3,35.75,Express,Debit Card,45,Male,City19,2725.8512250000003,1.5,0.6000000000000001,0,2025,7,1
Clothing,1355.12,5,4.55,Standard,Debit Card,44,Male,City71,6467.3102,1.0,1.0,0,2022,3,1
Clothing,1328.25,4,11.36,Express,Credit Card,58,Female,City51,4709.4432,1.5,0.8,0,2024,3,5
Books,1685.24,4,26.6,Standard,Wallet,35,Female,City67,4947.86464,1.0,0.8,0,2023,9,5
Electronics,1866.11,4,16.27,Express,Wallet,45,Female,City37,6249.975612,1.5,0.8,0,2023,5,3
Toys,246.02,3,1.92,Standard,Wallet,59,Female,City89,723.8892480000001,1.0,0.6000000000000001,0,2022,11,3
Electronics,1444.92,1,32.18,Express,COD,18,Female,City94,979.944744,1.5,0.2,0,2025,2,1
Electronics,1493.25,1,7.11,Express,Wallet,19,Male,City27,1387.079925,1.5,0.2,1,2024,11,1
Toys,1688.56,4,20.19,Next-Day,Credit Card,38,Female,City55,5390.558944,2.0,0.8,0,2024,11,4
Toys,151.66,1,16.93,Express,Wallet,33,Female,City87,125.983962,1.5,0.2,1,2025,7,1
Electronics,752.93,1,36.64,Standard,COD,41,Female,City79,477.05644799999993,1.0,0.2,0,2024,9,4
Clothing,840.31,5,34.25,Next-Day,COD,40,Female,City16,2762.519125,2.0,1.0,1,2022,1,3
Clothing,985.47,4,9.36,Next-Day,COD,23,Male,City67,3572.920032,2.0,0.8,0,2025,8,6
Home Appliances,1563.68,2,0.38,Express,Debit Card,56,Male,City99,3115.476032,1.5,0.4,0,2025,2,1
Electronics,1681.48,4,8.87,Standard,Wallet,64,Female,City81,6129.330896,1.0,0.8,0,2022,8,0
Clothing,575.04,5,17.56,Standard,Credit Card,19,Female,City1,2370.31488,1.0,1.0,0,2023,5,0
Electronics,1141.89,5,34.36,Express,COD,26,Male,City26,3747.682980000001,1.5,1.0,1,2024,2,1
Clothing,1264.99,2,16.78,Standard,COD,41,Female,City16,2105.449356,1.0,0.4,0,2023,9,5
Clothing,666.4,2,1.77,Express,Wallet,63,Male,City54,1309.20944,1.5,0.4,0,2024,4,0
Clothing,1571.11,5,27.11,Standard,Wallet,62,Male,City76,5725.910394999999,1.0,1.0,0,2023,9,4
Toys,1377.72,5,32.96,Standard,COD,40,Male,City77,4618.11744,1.0,1.0,1,2022,10,0
Books,1454.31,1,23.99,Express,COD,20,Male,City59,1105.421031,1.5,0.2,0,2025,7,3
Toys,1255.51,2,39.53,Express,Credit Card,42,Female,City45,1518.413794,1.5,0.4,0,2025,1,6
Clothing,1339.37,2,13.37,Standard,Debit Card,38,Female,City49,2320.592462,1.0,0.4,0,2023,12,3
Clothing,1867.02,2,49.08,Next-Day,Credit Card,54,Male,City33,1901.3731680000003,2.0,0.4,0,2022,12,5
Electronics,1886.41,3,29.48,Standard,COD,25,Male,City58,3990.8889960000006,1.0,0.6000000000000001,1,2025,8,4
Clothing,883.51,4,17.1,Express,Debit Card,57,Male,City51,2929.71916,1.5,0.8,0,2025,7,3
Clothing,1841.36,1,24.01,Standard,Debit Card,28,Female,City56,1399.249464,1.0,0.2,0,2022,12,0
Books,1791.26,1,36.39,Standard,Wallet,57,Male,City25,1139.420486,1.0,0.2,1,2023,6,4
Toys,1775.78,3,22.13,Next-Day,Credit Card,31,Female,City84,4148.399658,2.0,0.6000000000000001,0,2025,8,6
Clothing,1564.08,1,20.79,Next-Day,COD,28,Male,City5,1238.907768,2.0,0.2,0,2024,6,2
Home Appliances,764.42,1,10.05,Standard,COD,21,Female,City25,687.59579,1.0,0.2,0,2022,11,0
Toys,193.91,3,12.68,Next-Day,COD,21,Male,City11,507.966636,2.0,0.6000000000000001,0,2024,8,6
Toys,1595.51,3,13.07,Standard,Debit Card,31,Male,City54,4160.930528999999,1.0,0.6000000000000001,0,2022,2,4
Home Appliances,1928.24,4,35.21,Express,COD,27,Male,City3,4997.226784,1.5,0.8,0,2022,10,5
Toys,811.87,1,27.46,Express,Credit Card,34,Male,City86,588.9304980000001,1.5,0.2,1,2023,11,5
Books,1556.37,1,19.24,Next-Day,COD,59,Female,City54,1256.9244119999998,2.0,0.2,0,2023,5,6
Clothing,457.84,4,2.39,Standard,Credit Card,38,Male,City7,1787.5904959999998,1.0,0.8,1,2023,8,1
Books,789.69,4,20.45,Express,Debit Card,54,Male,City100,2512.79358,1.5,0.8,0,2022,9,3
Electronics,1341.09,1,31.84,Standard,Wallet,25,Male,City27,914.086944,1.0,0.2,1,2022,6,4
Clothing,691.32,2,45.5,Standard,COD,31,Male,City70,753.5387999999999,1.0,0.4,1,2025,7,5
Clothing,610.02,4,40.64,Standard,Credit Card,65,Male,City57,1448.431488,1.0,0.8,0,2024,11,3
Clothing,634.83,3,38.8,Standard,COD,60,Male,City55,1165.5478800000003,1.0,0.6000000000000001,0,2025,7,0
Home Appliances,1810.22,2,29.6,Standard,Debit Card,54,Male,City98,2548.78976,1.0,0.4,0,2022,6,2
Clothing,950.96,5,14.33,Standard,COD,49,Female,City13,4073.43716,1.0,1.0,1,2022,7,3
Clothing,159.87,2,2.05,Express,COD,40,Male,City75,313.18533,1.5,0.4,0,2023,3,4
Clothing,234.62,3,2.18,Standard,Credit Card,19,Female,City92,688.515852,1.0,0.6000000000000001,0,2022,11,5
Toys,1138.99,5,44.12,Express,COD,55,Female,City27,3182.33806,1.5,1.0,0,2024,12,5
Books,827.26,1,0.22,Next-Day,COD,63,Female,City71,825.440028,2.0,0.2,0,2022,2,0
Books,1515.79,3,39.18,Standard,Credit Card,52,Male,City37,2765.710434,1.0,0.6000000000000001,0,2023,11,2
Toys,922.82,3,26.32,Next-Day,Credit Card,30,Male,City97,2039.801328,2.0,0.6000000000000001,1,2023,2,4
Toys,801.3,4,19.28,Standard,Credit Card,57,Female,City33,2587.23744,1.0,0.8,0,2022,9,6
Toys,949.4,4,34.01,Next-Day,Debit Card,59,Female,City72,2506.03624,2.0,0.8,0,2023,4,3
Electronics,629.09,3,43.92,Next-Day,COD,40,Female,City95,1058.3810159999998,2.0,0.6000000000000001,1,2023,2,5
Home Appliances,557.7,3,48.73,Standard,Debit Card,24,Female,City30,857.7983700000001,1.0,0.6000000000000001,1,2022,3,4
Books,547.42,4,46.91,Standard,COD,18,Male,City6,1162.501112,1.0,0.8,0,2024,8,0
Electronics,1020.81,2,14.43,Standard,COD,25,Female,City55,1747.014234,1.0,0.4,1,2022,7,5
Home Appliances,955.34,3,10.52,Standard,COD,30,Female,City11,2564.514696,1.0,0.6000000000000001,0,2023,8,3
Clothing,482.99,4,17.67,Standard,Credit Card,51,Male,City86,1590.5826679999998,1.0,0.8,0,2022,3,1
Clothing,1195.88,4,24.03,Next-Day,COD,47,Male,City28,3634.040144000001,2.0,0.8,0,2022,6,4
Clothing,1234.85,2,22.52,Next-Day,COD,22,Female,City43,1913.52356,2.0,0.4,1,2022,4,0
Books,343.52,4,30.63,Next-Day,Wallet,21,Female,City89,953.199296,2.0,0.8,1,2022,7,1
Clothing,888.75,4,38.54,Express,Wallet,31,Male,City95,2184.903,1.5,0.8,0,2022,6,0
Electronics,914.87,5,19.71,Express,Debit Card,25,Male,City21,3672.745615,1.5,1.0,0,2024,10,6
Books,1716.2,3,6.43,Standard,Credit Card,28,Male,City18,4817.5450200000005,1.0,0.6000000000000001,0,2025,4,2
Home Appliances,1222.74,5,45.12,Express,Wallet,34,Female,City83,3355.19856,1.5,1.0,0,2024,12,2
Clothing,710.38,2,39.45,Next-Day,COD,35,Male,City48,860.2701799999999,2.0,0.4,0,2024,3,5
Clothing,518.92,2,34.78,Express,Credit Card,22,Male,City13,676.879248,1.5,0.4,0,2025,5,3
Clothing,755.57,1,29.64,Next-Day,Debit Card,57,Male,City61,531.619052,2.0,0.2,0,2023,12,2
Clothing,1270.64,5,47.48,Standard,Credit Card,46,Female,City44,3336.700640000001,1.0,1.0,1,2024,10,1
Clothing,107.23,3,9.78,Express,Debit Card,34,Female,City80,290.228718,1.5,0.6000000000000001,0,2025,2,1
Clothing,821.03,5,21.73,Standard,COD,26,Male,City86,3213.100905,1.0,1.0,1,2023,4,5
Electronics,1231.07,3,17.12,Next-Day,Credit Card,48,Male,City81,3060.932448,2.0,0.6000000000000001,0,2023,4,4
Clothing,667.95,3,33.18,Next-Day,Credit Card,65,Female,City82,1338.97257,2.0,0.6000000000000001,1,2025,3,2
Clothing,461.88,4,21.88,Standard,COD,58,Male,City4,1443.282624,1.0,0.8,0,2025,5,6
Clothing,552.93,4,20.29,Next-Day,Wallet,29,Male,City13,1762.962012,2.0,0.8,1,2023,9,6
Toys,217.93,2,16.69,Express,Wallet,47,Female,City30,363.114966,1.5,0.4,0,2025,1,4
Books,1127.93,3,20.4,Express,Debit Card,20,Male,City41,2693.49684,1.5,0.6000000000000001,0,2024,6,5
Electronics,1217.26,5,26.8,Express,Debit Card,63,Female,City24,4455.1716,1.5,1.0,0,2023,11,3
Toys,993.64,5,45.03,Next-Day,Wallet,32,Male,City50,2731.01954,2.0,1.0,0,2022,12,4
Electronics,871.93,2,34.63,Standard,COD,45,Female,City25,1139.9612819999998,1.0,0.4,1,2025,4,4
Books,1200.33,1,6.39,Express,COD,56,Female,City31,1123.628913,1.5,0.2,0,2025,7,0
Books,1155.82,5,13.22,Express,Debit Card,41,Female,City7,5015.10298,1.5,1.0,0,2023,2,3
Clothing,321.36,3,32.36,Express,COD,61,Female,City89,652.103712,1.5,0.6000000000000001,0,2023,9,1
Electronics,799.34,2,49.14,Express,Credit Card,33,Male,City83,813.0886479999999,1.5,0.4,0,2023,3,2
Clothing,894.54,3,1.09,Standard,Wallet,64,Male,City31,2654.368542,1.0,0.6000000000000001,0,2022,4,0
Clothing,955.93,1,13.92,Next-Day,Debit Card,62,Male,City84,822.8645439999999,2.0,0.2,0,2024,4,0
Electronics,1019.55,2,15.28,Express,Debit Card,32,Male,City44,1727.52552,1.5,0.4,0,2022,3,5
Home Appliances,1559.93,1,19.58,Next-Day,Wallet,49,Female,City80,1254.4957060000002,2.0,0.2,0,2023,1,3
Books,607.7,4,14.39,Next-Day,Debit Card,58,Male,City19,2081.00788,2.0,0.8,0,2022,4,0
Clothing,1312.79,1,5.89,Express,COD,60,Female,City91,1235.466669,1.5,0.2,0,2023,2,3
Electronics,1329.71,5,47.71,Standard,Debit Card,21,Female,City50,3476.526795,1.0,1.0,0,2025,2,4
Toys,367.42,4,1.36,Standard,Wallet,33,Male,City67,1449.692352,1.0,0.8,0,2025,8,1
Clothing,1541.97,4,15.22,Standard,Credit Card,27,Female,City71,5229.128664,1.0,0.8,1,2023,3,3
Toys,699.47,5,17.87,Express,Debit Card,43,Female,City53,2872.3735550000006,1.5,1.0,0,2023,7,6
Electronics,1312.54,2,38.11,Standard,Wallet,18,Male,City87,1624.662012,1.0,0.4,1,2022,6,3
Electronics,1830.41,2,11.57,Standard,Credit Card,18,Male,City21,3237.263126,1.0,0.4,0,2023,7,6
Electronics,1447.95,3,15.25,Next-Day,Credit Card,29,Male,City28,3681.412875,2.0,0.6000000000000001,0,2023,11,3
Books,897.29,5,3.59,Express,Wallet,63,Female,City54,4325.386444999999,1.5,1.0,0,2022,8,5
Clothing,446.27,2,20.25,Next-Day,Credit Card,40,Male,City22,711.8006499999999,2.0,0.4,0,2022,6,5
Clothing,929.46,3,46.07,Express,COD,30,Female,City78,1503.773334,1.5,0.6000000000000001,1,2023,6,2
Clothing,833.95,2,27.96,Standard,Wallet,62,Female,City72,1201.55516,1.0,0.4,0,2024,11,4
Electronics,854.65,3,31.94,Next-Day,Debit Card,28,Male,City31,1745.02437,2.0,0.6000000000000001,0,2022,2,3
Clothing,1962.14,3,28.35,Next-Day,Wallet,35,Female,City46,4217.61993,2.0,0.6000000000000001,1,2024,2,2
Clothing,1131.25,4,4.33,Express,Debit Card,18,Female,City22,4329.0675,1.5,0.8,0,2024,9,4
Home Appliances,950.22,1,23.61,Next-Day,COD,58,Female,City40,725.873058,2.0,0.2,1,2023,11,4
Electronics,236.65,2,25.78,Express,Credit Card,34,Male,City41,351.28326,1.5,0.4,0,2022,5,2
Clothing,1890.28,2,17.99,Next-Day,Credit Card,55,Male,City24,3100.437256,2.0,0.4,0,2025,1,0
Home Appliances,270.4,2,14.35,Express,Credit Card,50,Female,City72,463.1952,1.5,0.4,0,2024,7,4
Books,1274.55,4,44.8,Express,Credit Card,58,Female,City15,2814.2064,1.5,0.8,0,2023,5,6
Books,922.78,3,42.39,Standard,Debit Card,34,Female,City22,1594.8406740000005,1.0,0.6000000000000001,0,2025,6,5
Clothing,1934.46,1,48.03,Express,Debit Card,27,Female,City20,1005.338862,1.5,0.2,0,2023,1,3
Home Appliances,1830.12,1,36.38,Express,Debit Card,49,Male,City76,1164.322344,1.5,0.2,1,2022,12,1
Home Appliances,1837.48,5,4.34,Standard,Debit Card,46,Male,City49,8788.66684,1.0,1.0,0,2024,2,3
Toys,984.51,5,4.92,Next-Day,Wallet,60,Female,City60,4680.36054,2.0,1.0,0,2024,1,3
Clothing,965.8,2,11.78,Standard,Credit Card,21,Male,City15,1704.0575199999998,1.0,0.4,1,2024,8,2
Toys,757.35,2,17.71,Next-Day,Credit Card,64,Male,City28,1246.44663,2.0,0.4,1,2023,11,4
Toys,1301.65,4,49.96,Next-Day,Debit Card,19,Female,City91,2605.38264,2.0,0.8,0,2023,2,6
Electronics,1528.3,2,16.85,Express,Debit Card,50,Male,City78,2541.5629,1.5,0.4,0,2024,7,3
Clothing,1164.22,2,19.9,Next-Day,COD,46,Female,City53,1865.08044,2.0,0.4,1,2025,5,5
Books,1852.88,5,26.69,Standard,Debit Card,46,Female,City20,6791.731640000001,1.0,1.0,1,2024,11,5
Clothing,1739.68,2,4.89,Standard,Wallet,26,Male,City100,3309.219296,1.0,0.4,1,2022,10,6
Toys,857.41,3,45.91,Standard,Wallet,21,Female,City26,1391.3192070000002,1.0,0.6000000000000001,0,2025,3,3
Clothing,882.19,3,28.21,Express,Debit Card,64,Female,City95,1899.972603,1.5,0.6000000000000001,1,2024,6,6
Books,1526.66,2,30.69,Express,COD,36,Male,City48,2116.256092,1.5,0.4,0,2023,11,1
Electronics,110.61,3,42.56,Standard,Credit Card,50,Female,City92,190.603152,1.0,0.6000000000000001,0,2023,5,2
Home Appliances,695.1,3,39.44,Standard,Wallet,62,Male,City45,1262.85768,1.0,0.6000000000000001,1,2024,8,4
Electronics,1867.23,1,19.55,Standard,COD,34,Male,City43,1502.186535,1.0,0.2,0,2024,6,5
Electronics,526.78,4,34.8,Standard,COD,35,Male,City79,1373.84224,1.0,0.8,0,2025,5,1
Home Appliances,537.16,4,20.45,Next-Day,Credit Card,22,Male,City15,1709.24312,2.0,0.8,0,2024,10,2
Toys,648.83,4,0.75,Standard,Wallet,35,Female,City87,2575.8551,1.0,0.8,0,2022,11,0
Electronics,1080.97,5,35.53,Standard,COD,52,Male,City26,3484.5067950000007,1.0,1.0,0,2024,12,4
Clothing,968.02,1,31.47,Standard,Wallet,52,Female,City15,663.384106,1.0,0.2,0,2025,2,1
Toys,1093.76,2,13.71,Express,COD,47,Male,City41,1887.611008,1.5,0.4,0,2025,2,2
Clothing,1399.33,1,33.02,Next-Day,Debit Card,36,Male,City97,937.271234,2.0,0.2,1,2024,7,4
Clothing,1991.97,4,7.67,Standard,Debit Card,31,Female,City31,7356.743604,1.0,0.8,0,2022,12,3
Electronics,1826.36,4,21.78,Standard,COD,52,Female,City12,5714.315168,1.0,0.8,0,2023,6,6
Books,1268.15,2,7.87,Express,Credit Card,22,Female,City39,2336.6931900000004,1.5,0.4,0,2023,10,2
Toys,1390.7,4,9.95,Next-Day,Credit Card,45,Female,City7,5009.3014,2.0,0.8,1,2024,2,3
Electronics,505.92,1,48.12,Standard,COD,50,Female,City37,262.47129600000005,1.0,0.2,0,2024,3,6
Books,210.57,1,2.47,Next-Day,COD,34,Female,City75,205.368921,2.0,0.2,0,2023,3,5
Electronics,1968.26,2,33.46,Express,Credit Card,38,Male,City17,2619.360408,1.5,0.4,0,2024,7,3
Books,423.35,5,8.45,Express,Wallet,41,Female,City54,1937.884625,1.5,1.0,0,2024,10,3
Electronics,1161.46,5,19.48,Next-Day,COD,61,Female,City18,4676.037960000001,2.0,1.0,1,2025,8,1
Clothing,1631.34,2,47.94,Standard,Credit Card,58,Male,City60,1698.551208,1.0,0.4,1,2022,6,0
Clothing,1765.53,5,10.37,Standard,Wallet,62,Female,City79,7912.222694999999,1.0,1.0,1,2024,7,4
Electronics,117.93,2,35.97,Next-Day,Wallet,53,Female,City37,151.02115800000004,2.0,0.4,0,2025,3,3
Books,1380.19,5,11.88,Standard,Wallet,49,Male,City21,6081.11714,1.0,1.0,0,2022,3,0
Clothing,1901.48,2,42.99,Standard,Credit Card,30,Female,City24,2168.067496,1.0,0.4,0,2024,11,3
Books,937.73,1,25.09,Next-Day,Wallet,48,Female,City1,702.453543,2.0,0.2,0,2025,1,0
Electronics,1951.97,3,17.19,Next-Day,Wallet,24,Female,City17,4849.279071,2.0,0.6000000000000001,1,2023,6,0
Clothing,1468.24,3,15.65,Next-Day,Credit Card,41,Male,City79,3715.38132,2.0,0.6000000000000001,0,2022,8,5
Clothing,1777.25,1,4.26,Express,COD,58,Male,City92,1701.53915,1.5,0.2,1,2025,6,4
Clothing,838.74,3,16.58,Next-Day,Wallet,22,Female,City25,2099.030724,2.0,0.6000000000000001,1,2025,3,5
Home Appliances,981.06,4,42.45,Standard,Debit Card,49,Female,City64,2258.40012,1.0,0.8,0,2022,6,3
Clothing,1126.33,1,44.14,Standard,COD,39,Male,City72,629.1679379999999,1.0,0.2,1,2024,10,3
Clothing,837.96,4,6.53,Standard,COD,30,Male,City96,3132.964848,1.0,0.8,1,2024,9,2
Toys,589.03,2,40.16,Standard,Wallet,62,Male,City20,704.951104,1.0,0.4,0,2025,7,3
Clothing,995.38,2,17.57,Next-Day,Credit Card,56,Male,City24,1640.983468,2.0,0.4,0,2023,5,2
Home Appliances,235.42,2,1.9,Standard,COD,54,Female,City16,461.89404,1.0,0.4,0,2023,5,6
Electronics,983.74,4,22.06,Next-Day,COD,33,Female,City63,3066.907824,2.0,0.8,0,2023,10,1
Home Appliances,1682.45,3,39.12,Standard,Wallet,52,Male,City96,3072.82668,1.0,0.6000000000000001,1,2024,10,3
Clothing,361.02,1,15.03,Standard,Wallet,20,Female,City17,306.758694,1.0,0.2,1,2024,5,5
Books,1840.83,2,6.8,Next-Day,Wallet,56,Female,City66,3431.3071199999995,2.0,0.4,0,2023,6,5
Toys,1699.77,4,12.89,Standard,Wallet,36,Female,City45,5922.678588,1.0,0.8,0,2022,5,2
Home Appliances,781.65,4,28.82,Next-Day,COD,61,Male,City70,2225.51388,2.0,0.8,0,2025,8,1
Electronics,1906.26,2,12.39,Express,Debit Card,50,Female,City35,3340.148772,1.5,0.4,0,2024,1,3
Toys,283.67,3,47.53,Next-Day,Wallet,31,Male,City38,446.524947,2.0,0.6000000000000001,0,2023,1,5
Clothing,1997.1,3,2.22,Express,Credit Card,28,Male,City70,5858.293139999999,1.5,0.6000000000000001,0,2023,9,4
Electronics,307.16,3,9.89,Standard,Debit Card,34,Female,City55,830.345628,1.0,0.6000000000000001,0,2024,12,5
Books,1351.77,3,34.08,Standard,Wallet,51,Female,City70,2673.260352,1.0,0.6000000000000001,1,2023,9,6
Electronics,1603.51,4,20.51,Express,Credit Card,53,Female,City49,5098.520396,1.5,0.8,0,2023,10,2
Toys,238.99,4,4.37,Next-Day,Credit Card,58,Female,City84,914.184548,2.0,0.8,0,2022,8,6
Clothing,151.09,1,0.77,Express,Debit Card,47,Female,City45,149.926607,1.5,0.2,0,2022,11,5
Home Appliances,1470.51,3,2.04,Standard,Wallet,63,Female,City25,4321.534788,1.0,0.6000000000000001,0,2022,2,3
Electronics,870.79,1,17.07,Next-Day,Credit Card,28,Female,City62,722.146147,2.0,0.2,1,2022,8,4
Home Appliances,404.69,5,41.75,Next-Day,Credit Card,48,Male,City1,1178.659625,2.0,1.0,1,2023,7,2
Toys,1793.81,3,26.73,Express,Credit Card,60,Female,City48,3942.973761,1.5,0.6000000000000001,0,2023,3,0
Clothing,1572.18,5,0.46,Standard,COD,60,Male,City69,7824.739860000001,1.0,1.0,0,2022,2,3
Electronics,1317.81,5,22.69,Next-Day,Debit Card,50,Male,City6,5093.994554999999,2.0,1.0,0,2023,11,1
Clothing,452.38,3,8.18,Next-Day,Wallet,42,Male,City73,1246.125948,2.0,0.6000000000000001,0,2023,6,3
Electronics,1773.6,1,9.57,Standard,Debit Card,31,Male,City20,1603.86648,1.0,0.2,1,2024,1,1
Clothing,941.68,5,3.07,Next-Day,Credit Card,58,Female,City96,4563.85212,2.0,1.0,1,2024,2,6
Books,396.88,2,0.3,Standard,Debit Card,32,Female,City86,791.37872,1.0,0.4,0,2025,5,4
Clothing,1510.43,5,38.99,Express,Debit Card,30,Male,City68,4607.566715,1.5,1.0,0,2022,8,0
Clothing,1323.43,1,45.5,Next-Day,COD,24,Male,City14,721.2693499999999,2.0,0.2,0,2025,4,3
Electronics,1439.25,2,37.62,Next-Day,Debit Card,18,Male,City97,1795.6083,2.0,0.4,1,2025,7,4
Toys,1716.36,5,8.81,Next-Day,Debit Card,32,Male,City57,7825.743419999999,2.0,1.0,1,2024,12,6
Clothing,829.13,3,39.93,Express,COD,63,Male,City92,1494.175173,1.5,0.6000000000000001,1,2025,6,1
Books,945.66,2,4.83,Next-Day,COD,40,Male,City70,1799.969244,2.0,0.4,0,2022,11,2
Home Appliances,565.54,4,32.59,Express,Debit Card,27,Female,City5,1524.9220559999997,1.5,0.8,0,2022,12,6
Home Appliances,1855.58,2,40.84,Next-Day,COD,38,Female,City86,2195.522256,2.0,0.4,1,2022,1,1
Electronics,864.27,3,23.01,Standard,Wallet,20,Male,City91,1996.204419,1.0,0.6000000000000001,0,2023,5,3
Clothing,561.07,2,0.63,Express,COD,63,Male,City81,1115.0705180000002,1.5,0.4,0,2024,5,5
Toys,1866.93,5,20.62,Next-Day,COD,19,Female,City4,7409.84517,2.0,1.0,0,2025,6,5
Clothing,1778.17,5,30.1,Express,COD,65,Female,City94,6214.7041500000005,1.5,1.0,0,2023,1,4
Clothing,229.82,2,49.6,Standard,Wallet,50,Female,City58,231.65856,1.0,0.4,0,2025,6,1
Clothing,1531.3,4,4.24,Standard,COD,51,Female,City14,5865.49152,1.0,0.8,0,2023,4,0
Electronics,1114.15,4,41.23,Next-Day,Credit Card,30,Male,City75,2619.1438200000007,2.0,0.8,1,2025,1,2
Clothing,1506.44,2,48.91,Express,Wallet,42,Female,City64,1539.280392,1.5,0.4,1,2024,6,5
Electronics,781.74,4,34.42,Next-Day,COD,18,Female,City64,2050.660368,2.0,0.8,0,2025,8,4
Electronics,1484.72,5,6.0,Next-Day,COD,40,Male,City15,6978.184,2.0,1.0,0,2024,6,3
Home Appliances,985.8,2,24.9,Express,Wallet,50,Male,City74,1480.6716,1.5,0.4,0,2022,8,6
Clothing,1813.22,2,35.2,Next-Day,Credit Card,52,Female,City12,2349.93312,2.0,0.4,0,2022,10,6
Home Appliances,1159.81,2,28.46,Express,Debit Card,47,Male,City69,1659.456148,1.5,0.4,0,2022,2,2
Toys,946.68,2,31.13,Next-Day,Debit Card,29,Female,City99,1303.957032,2.0,0.4,0,2025,6,0
Clothing,1126.6,2,41.66,Next-Day,Wallet,23,Male,City16,1314.51688,2.0,0.4,0,2023,12,2
Books,251.85,3,14.61,Next-Day,Credit Card,21,Female,City32,645.164145,2.0,0.6000000000000001,0,2025,4,2
Books,909.37,4,35.16,Next-Day,Wallet,52,Female,City15,2358.5420320000003,2.0,0.8,0,2023,1,3
Clothing,787.24,1,42.32,Express,Wallet,26,Male,City100,454.080032,1.5,0.2,0,2022,3,0
Home Appliances,1261.78,2,31.09,Standard,Debit Card,22,Male,City32,1738.985196,1.0,0.4,1,2022,2,6
Toys,1615.19,4,48.05,Standard,COD,28,Female,City96,3356.3648200000007,1.0,0.8,0,2024,11,2
Clothing,1971.61,2,9.74,Standard,COD,26,Female,City21,3559.150372,1.0,0.4,1,2023,11,2
Books,1618.74,3,29.87,Express,COD,64,Female,City1,3405.6670860000004,1.5,0.6000000000000001,0,2024,5,2
Clothing,298.44,4,4.95,Express,Wallet,56,Male,City5,1134.66888,1.5,0.8,1,2025,7,2
Clothing,1156.81,1,0.0,Express,Credit Card,21,Male,City51,1156.81,1.5,0.2,0,2024,9,1
Clothing,1708.28,3,4.27,Standard,Credit Card,39,Male,City26,4906.0093320000005,1.0,0.6000000000000001,0,2023,1,0
Clothing,1006.31,1,7.75,Express,Credit Card,48,Female,City91,928.320975,1.5,0.2,0,2023,2,1
Electronics,606.91,4,7.06,Express,Debit Card,31,Male,City6,2256.248616,1.5,0.8,0,2022,5,2
Electronics,1101.42,4,22.78,Next-Day,Credit Card,53,Female,City97,3402.066096,2.0,0.8,0,2023,12,1
Toys,1858.38,4,43.56,Standard,COD,49,Female,City91,4195.478688,1.0,0.8,0,2022,5,0
Books,711.09,3,17.59,Next-Day,Credit Card,37,Female,City76,1758.0278070000002,2.0,0.6000000000000001,1,2025,7,0
Clothing,1099.74,5,15.95,Next-Day,Credit Card,56,Male,City78,4621.65735,2.0,1.0,0,2025,8,4
Clothing,1011.74,2,43.81,Express,Wallet,31,Female,City98,1136.9934119999998,1.5,0.4,1,2022,4,5
Clothing,1546.17,1,49.81,Next-Day,Debit Card,46,Female,City73,776.022723,2.0,0.2,1,2024,3,0
Electronics,1948.07,1,17.78,Express,Credit Card,46,Female,City67,1601.703154,1.5,0.2,0,2022,12,4
Clothing,1777.18,3,30.76,Standard,COD,23,Male,City74,3691.5582959999992,1.0,0.6000000000000001,0,2024,11,0
Books,668.33,5,11.48,Express,Debit Card,40,Male,City73,2958.02858,1.5,1.0,0,2023,3,2
Clothing,1992.67,4,39.61,Next-Day,Debit Card,40,Male,City61,4813.493652,2.0,0.8,0,2022,9,6
Electronics,1919.22,3,42.31,Next-Day,Credit Card,38,Female,City73,3321.594054,2.0,0.6000000000000001,0,2025,4,4
Electronics,820.18,3,4.13,Next-Day,Credit Card,35,Female,City78,2358.919698,2.0,0.6000000000000001,0,2024,2,3
Clothing,1367.63,1,4.18,Next-Day,Credit Card,38,Male,City32,1310.4630660000005,2.0,0.2,0,2023,12,4
Clothing,1213.0,4,21.74,Next-Day,Credit Card,46,Female,City55,3797.1752,2.0,0.8,0,2022,5,4
Clothing,1134.53,2,40.16,Standard,Wallet,65,Female,City20,1357.8055040000002,1.0,0.4,0,2023,5,2
Books,292.67,3,0.54,Express,Credit Card,45,Male,City78,873.2687460000001,1.5,0.6000000000000001,1,2022,5,1
Electronics,351.0,2,49.09,Next-Day,Wallet,35,Female,City38,357.3881999999999,2.0,0.4,0,2025,3,5
Electronics,1522.06,3,1.06,Next-Day,Wallet,19,Male,City4,4517.778492,2.0,0.6000000000000001,0,2025,4,4
Clothing,107.42,3,4.34,Standard,Credit Card,46,Male,City30,308.273916,1.0,0.6000000000000001,0,2023,8,0
Toys,1317.51,5,44.5,Express,Credit Card,32,Male,City58,3656.09025,1.5,1.0,1,2022,4,2
Books,645.4,2,29.25,Standard,Debit Card,38,Female,City14,913.241,1.0,0.4,0,2023,5,0
Electronics,1414.88,4,12.03,Next-Day,Wallet,21,Male,City32,4978.679744000001,2.0,0.8,0,2022,1,3
Electronics,784.56,4,46.68,Express,COD,55,Female,City41,1673.309568,1.5,0.8,0,2024,3,4
Electronics,210.56,2,2.69,Next-Day,Wallet,31,Female,City79,409.791872,2.0,0.4,0,2023,10,5
Electronics,1365.49,4,41.83,Express,Wallet,36,Female,City23,3177.222132,1.5,0.8,0,2022,1,5
Electronics,897.39,4,0.64,Express,COD,47,Male,City41,3566.586816,1.5,0.8,0,2022,6,2
Clothing,756.59,1,49.48,Standard,COD,22,Male,City95,382.2292680000001,1.0,0.2,0,2022,5,4
Clothing,1750.44,3,43.75,Standard,COD,29,Female,City25,2953.8675,1.0,0.6000000000000001,0,2023,2,1
Electronics,1004.32,1,9.53,Express,COD,27,Female,City13,908.608304,1.5,0.2,0,2023,2,2
Clothing,1174.77,4,6.56,Next-Day,Credit Card,40,Male,City17,4390.820352,2.0,0.8,1,2024,5,5
Clothing,809.74,4,30.7,Next-Day,Credit Card,53,Male,City19,2244.5992800000004,2.0,0.8,1,2024,12,6
Clothing,1661.59,1,40.27,Express,Credit Card,29,Male,City53,992.467707,1.5,0.2,0,2025,5,1
Clothing,660.4,1,1.49,Next-Day,Credit Card,62,Female,City67,650.56004,2.0,0.2,0,2022,10,5
Clothing,711.27,1,23.22,Standard,Wallet,58,Female,City23,546.113106,1.0,0.2,1,2023,6,0
Clothing,1176.78,4,25.12,Express,Credit Card,42,Male,City10,3524.691456,1.5,0.8,0,2023,1,3
Clothing,206.35,1,26.47,Next-Day,COD,30,Male,City47,151.72915500000002,2.0,0.2,0,2022,8,1
Toys,1603.24,1,18.12,Next-Day,Credit Card,47,Male,City3,1312.732912,2.0,0.2,0,2023,5,5
Toys,189.2,3,31.65,Standard,Wallet,61,Female,City61,387.9545999999999,1.0,0.6000000000000001,1,2022,8,4
Electronics,668.9,3,7.62,Standard,Debit Card,38,Male,City36,1853.78946,1.0,0.6000000000000001,0,2024,8,5
Electronics,1634.61,3,43.48,Standard,Debit Card,62,Male,City7,2771.644716,1.0,0.6000000000000001,0,2024,12,2
Books,269.46,5,31.09,Express,Debit Card,53,Male,City71,928.42443,1.5,1.0,1,2024,10,2
Toys,556.59,5,44.97,Next-Day,Debit Card,30,Male,City2,1531.4573850000002,2.0,1.0,1,2025,3,5
Electronics,276.35,3,12.92,Express,Debit Card,39,Male,City54,721.9367400000001,1.5,0.6000000000000001,1,2023,3,0
Books,756.56,2,43.74,Next-Day,Debit Card,44,Male,City4,851.281312,2.0,0.4,0,2022,6,6
Electronics,1813.87,4,40.31,Next-Day,Debit Card,61,Male,City56,4330.796012,2.0,0.8,1,2022,12,6
Books,272.45,3,33.25,Next-Day,Credit Card,40,Female,City16,545.5811249999999,2.0,0.6000000000000001,0,2022,4,1
Electronics,1896.18,3,26.37,Next-Day,Debit Card,63,Male,City47,4188.472002,2.0,0.6000000000000001,0,2025,5,1
Electronics,529.65,5,29.15,Standard,Credit Card,35,Female,City90,1876.285125,1.0,1.0,1,2025,3,1
Clothing,1091.02,5,18.03,Standard,Wallet,59,Male,City2,4471.54547,1.0,1.0,1,2022,7,1
Electronics,1216.87,4,12.31,Next-Day,COD,19,Female,City37,4268.293212,2.0,0.8,0,2025,2,4
Toys,1984.15,1,21.88,Next-Day,Wallet,37,Female,City69,1550.01798,2.0,0.2,1,2023,3,5
Home Appliances,1679.34,5,1.06,Express,COD,32,Male,City35,8307.694979999998,1.5,1.0,1,2024,6,3
Clothing,1625.97,1,32.82,Express,Credit Card,19,Female,City23,1092.326646,1.5,0.2,1,2022,8,6
Electronics,1467.98,3,16.41,Next-Day,Debit Card,38,Male,City34,3681.253446,2.0,0.6000000000000001,0,2023,8,5
Books,275.19,1,26.82,Next-Day,Debit Card,60,Male,City100,201.384042,2.0,0.2,1,2025,8,2
Electronics,1445.84,2,37.05,Next-Day,Credit Card,58,Male,City33,1820.31256,2.0,0.4,0,2024,12,1
Clothing,429.27,1,3.56,Standard,Wallet,58,Male,City35,413.987988,1.0,0.2,0,2024,3,1
Toys,1870.29,3,10.09,Standard,Debit Card,35,Male,City70,5044.733217,1.0,0.6000000000000001,1,2025,2,1
Clothing,619.01,3,16.48,Next-Day,COD,49,Female,City73,1550.991456,2.0,0.6000000000000001,1,2024,10,6
Books,1454.18,4,16.65,Standard,COD,21,Female,City95,4848.2361200000005,1.0,0.8,0,2023,5,1
Clothing,501.66,5,4.41,Standard,Credit Card,40,Female,City3,2397.68397,1.0,1.0,0,2024,12,3
Electronics,191.25,3,1.87,Standard,Wallet,33,Female,City55,563.0208749999999,1.0,0.6000000000000001,0,2022,1,6
Clothing,826.22,5,40.84,Next-Day,COD,31,Male,City85,2443.95876,2.0,1.0,0,2023,1,5
Electronics,647.45,4,46.46,Next-Day,Debit Card,50,Female,City51,1386.5789200000002,2.0,0.8,0,2025,6,6
Toys,753.81,4,49.91,Next-Day,Credit Card,37,Female,City58,1510.333716,2.0,0.8,0,2023,9,2
Toys,1713.4,3,2.0,Express,Credit Card,25,Female,City70,5037.396000000001,1.5,0.6000000000000001,0,2022,2,4
Home Appliances,180.32,5,21.72,Standard,Wallet,37,Male,City79,705.77248,1.0,1.0,1,2024,11,1
Toys,382.65,5,19.44,Express,Credit Card,52,Male,City23,1541.3142,1.5,1.0,0,2022,12,1
Electronics,134.99,3,47.91,Next-Day,Debit Card,18,Male,City74,210.948873,2.0,0.6000000000000001,1,2022,9,5
Electronics,150.33,1,18.53,Standard,Credit Card,60,Male,City95,122.473851,1.0,0.2,0,2024,2,5
Home Appliances,1747.57,2,25.19,Next-Day,Debit Card,64,Female,City34,2614.714234,2.0,0.4,0,2025,7,4
Home Appliances,805.66,5,13.81,Standard,Wallet,32,Male,City87,3471.99177,1.0,1.0,0,2022,4,2
Electronics,716.29,4,5.35,Next-Day,Debit Card,22,Male,City66,2711.87394,2.0,0.8,0,2022,10,2
Clothing,1391.61,5,27.36,Next-Day,Wallet,22,Male,City86,5054.327519999999,2.0,1.0,0,2022,4,5
Electronics,1139.71,3,41.36,Standard,COD,42,Female,City14,2004.9778320000005,1.0,0.6000000000000001,1,2024,2,5
Books,382.24,5,21.96,Standard,COD,36,Female,City72,1491.50048,1.0,1.0,1,2022,3,1
Books,1780.73,4,42.13,Standard,Wallet,65,Female,City68,4122.033804,1.0,0.8,1,2024,12,6
Clothing,1676.83,2,30.85,Standard,COD,51,Female,City11,2319.05589,1.0,0.4,1,2022,9,5
Books,169.87,1,10.99,Express,Wallet,32,Male,City7,151.201287,1.5,0.2,0,2025,6,3
Home Appliances,323.77,5,10.28,Next-Day,Credit Card,54,Male,City93,1452.43222,2.0,1.0,0,2023,6,0
Toys,992.77,1,38.37,Next-Day,Wallet,65,Female,City41,611.844151,2.0,0.2,0,2022,12,0
Toys,840.65,5,45.4,Express,Wallet,45,Male,City92,2294.9745000000003,1.5,1.0,0,2023,1,5
Electronics,987.76,5,7.56,Standard,Debit Card,41,Male,City26,4565.42672,1.0,1.0,0,2023,8,2
Home Appliances,687.08,5,22.39,Express,Wallet,65,Female,City99,2666.21394,1.5,1.0,0,2024,3,6
Home Appliances,1269.75,2,21.72,Standard,COD,32,Female,City76,1987.9206,1.0,0.4,1,2022,10,2
Electronics,265.8,2,29.56,Express,Wallet,46,Male,City69,374.45904,1.5,0.4,0,2025,5,2
Electronics,304.05,3,31.75,Express,Credit Card,48,Female,City41,622.5423750000001,1.5,0.6000000000000001,1,2022,11,4
Clothing,250.22,2,42.56,Standard,Wallet,28,Female,City37,287.452736,1.0,0.4,1,2023,1,4
Electronics,349.17,4,13.67,Next-Day,Debit Card,54,Female,City63,1205.753844,2.0,0.8,0,2023,12,0
Electronics,462.42,4,29.13,Express,Wallet,20,Female,City27,1310.868216,1.5,0.8,0,2022,9,4
Books,1784.65,5,24.52,Express,COD,23,Male,City26,6735.2691,1.5,1.0,1,2025,2,6
Electronics,1863.4,1,10.89,Express,Wallet,53,Male,City16,1660.47574,1.5,0.2,0,2025,1,0
Clothing,724.51,2,22.19,Express,Credit Card,46,Female,City97,1127.482462,1.5,0.4,0,2024,3,1
Home Appliances,1456.82,3,36.42,Express,Credit Card,19,Female,City42,2778.738468,1.5,0.6000000000000001,1,2023,10,3
Toys,1354.82,3,26.3,Next-Day,Credit Card,21,Female,City90,2995.50702,2.0,0.6000000000000001,0,2025,8,1
Clothing,413.53,1,23.01,Standard,COD,47,Female,City24,318.376747,1.0,0.2,0,2022,9,4
Electronics,754.82,4,16.01,Express,Credit Card,52,Female,City95,2535.8932720000003,1.5,0.8,1,2024,8,2
Books,1172.84,1,10.48,Express,Wallet,39,Female,City13,1049.926368,1.5,0.2,0,2023,7,5
Electronics,382.59,4,24.94,Standard,Credit Card,44,Male,City69,1148.6882159999998,1.0,0.8,1,2023,6,4
Toys,1842.53,5,39.03,Standard,COD,28,Male,City1,5616.952704999999,1.0,1.0,0,2025,5,1
Electronics,488.47,4,43.49,Next-Day,COD,47,Female,City75,1104.1375879999998,2.0,0.8,1,2024,10,2
Clothing,1257.75,3,39.31,Standard,Debit Card,48,Female,City35,2289.985425,1.0,0.6000000000000001,1,2025,3,1
Clothing,1979.25,4,46.65,Next-Day,Wallet,20,Female,City35,4223.719500000001,2.0,0.8,1,2024,8,0
Electronics,1807.66,2,15.14,Standard,Wallet,20,Female,City13,3067.960552,1.0,0.4,0,2025,4,0
Clothing,1223.98,2,16.25,Express,Debit Card,56,Male,City70,2050.1665000000003,1.5,0.4,0,2022,9,6
Books,305.52,5,19.79,Express,Wallet,53,Female,City93,1225.28796,1.5,1.0,0,2025,6,0
Clothing,1910.92,4,47.58,Next-Day,Wallet,62,Female,City24,4006.817056,2.0,0.8,1,2023,2,3
Clothing,1148.56,4,33.27,Standard,Debit Card,61,Female,City44,3065.736352,1.0,0.8,1,2023,7,6
Clothing,1182.45,1,28.64,Express,COD,20,Female,City8,843.79632,1.5,0.2,1,2025,6,6
Clothing,1694.47,3,25.81,Express,Debit Card,42,Female,City95,3771.381879,1.5,0.6000000000000001,1,2025,4,1
Books,168.44,5,25.5,Standard,Debit Card,36,Female,City91,627.4390000000001,1.0,1.0,1,2023,4,6
Toys,1133.33,5,46.75,Standard,Debit Card,32,Male,City78,3017.491125,1.0,1.0,0,2023,5,6
Books,769.11,3,15.54,Standard,Credit Card,50,Female,City88,1948.770918,1.0,0.6000000000000001,0,2025,2,2
Clothing,1855.71,4,20.39,Express,COD,64,Female,City90,5909.322924,1.5,0.8,0,2022,10,4
Toys,1760.2,2,40.47,Next-Day,COD,19,Female,City92,2095.69412,2.0,0.4,1,2022,5,4
Toys,1551.45,2,22.03,Express,Credit Card,50,Female,City49,2419.33113,1.5,0.4,1,2025,3,4
Home Appliances,1971.15,3,48.87,Next-Day,Credit Card,52,Female,City67,3023.546985000001,2.0,0.6000000000000001,0,2022,7,3
Electronics,199.25,5,40.33,Standard,Credit Card,44,Male,City12,594.462375,1.0,1.0,0,2022,2,1
Clothing,490.03,5,13.28,Standard,Wallet,55,Male,City69,2124.77008,1.0,1.0,0,2022,12,0
Books,289.65,4,36.19,Next-Day,Debit Card,28,Female,City93,739.30266,2.0,0.8,0,2022,6,5
Clothing,789.11,4,14.32,Next-Day,Wallet,21,Female,City20,2704.437792,2.0,0.8,1,2024,2,2
Home Appliances,101.08,5,7.78,Express,Debit Card,37,Male,City58,466.07988,1.5,1.0,0,2024,12,0
Electronics,641.49,2,49.33,Next-Day,COD,47,Female,City87,650.0859660000001,2.0,0.4,0,2022,3,4
Clothing,316.39,5,36.37,Next-Day,Wallet,28,Female,City70,1006.594785,2.0,1.0,0,2024,10,2
Electronics,298.33,2,4.47,Standard,Wallet,36,Male,City76,569.989298,1.0,0.4,0,2023,8,2
Clothing,1235.18,3,21.36,Express,Credit Card,22,Male,City52,2914.036656,1.5,0.6000000000000001,0,2023,8,2
Electronics,1171.11,3,0.96,Next-Day,Debit Card,64,Male,City6,3479.602032,2.0,0.6000000000000001,0,2023,11,5
Clothing,259.19,2,49.01,Standard,Credit Card,20,Male,City34,264.321962,1.0,0.4,0,2023,3,0
Clothing,1918.32,2,42.12,Express,Wallet,40,Male,City8,2220.647232,1.5,0.4,1,2024,3,4
Home Appliances,486.44,1,26.1,Next-Day,Credit Card,27,Female,City82,359.47916,2.0,0.2,0,2023,9,2
Clothing,235.08,3,21.31,Express,Wallet,44,Female,City54,554.953356,1.5,0.6000000000000001,1,2024,7,6
Clothing,1052.89,5,39.74,Express,COD,45,Female,City12,3172.3575700000006,1.5,1.0,0,2022,4,1
Books,1821.51,5,18.61,Next-Day,Wallet,35,Female,City2,7412.634945,2.0,1.0,0,2025,1,3
Electronics,305.68,3,29.76,Standard,Debit Card,18,Female,City68,644.1288959999999,1.0,0.6000000000000001,0,2022,11,3
Electronics,1556.9,3,4.47,Express,Credit Card,27,Male,City27,4461.919710000001,1.5,0.6000000000000001,0,2024,11,5
Books,909.57,1,43.8,Express,Wallet,19,Male,City69,511.1783400000001,1.5,0.2,0,2024,1,1
Clothing,1625.61,5,43.36,Express,Wallet,24,Female,City67,4603.72752,1.5,1.0,1,2024,10,5
Clothing,972.51,3,13.87,Express,Wallet,57,Male,City93,2512.868589,1.5,0.6000000000000001,1,2022,11,1
Clothing,1964.38,5,32.67,Standard,Credit Card,19,Female,City22,6613.085270000001,1.0,1.0,1,2023,2,3
Electronics,319.37,4,46.17,Express,Debit Card,31,Female,City71,687.6674840000001,1.5,0.8,0,2023,5,0
Home Appliances,1240.89,4,18.29,Express,Credit Card,30,Female,City66,4055.7248760000007,1.5,0.8,0,2024,3,6
Electronics,1629.72,2,34.19,Standard,Credit Card,34,Female,City18,2145.037464,1.0,0.4,0,2022,2,2
Clothing,312.37,1,47.55,Next-Day,Wallet,33,Male,City25,163.838065,2.0,0.2,0,2023,9,4
Electronics,598.3,1,10.82,Next-Day,Wallet,43,Male,City32,533.56394,2.0,0.2,0,2022,10,6
Electronics,1612.86,1,38.46,Next-Day,Debit Card,21,Female,City72,992.554044,2.0,0.2,0,2022,3,2
Electronics,818.26,1,33.05,Express,Debit Card,63,Female,City14,547.82507,1.5,0.2,0,2022,12,0
Books,1364.19,5,43.52,Next-Day,COD,46,Female,City60,3852.47256,2.0,1.0,0,2022,5,1
Toys,1606.88,2,8.56,Standard,Debit Card,34,Male,City89,2938.6621440000004,1.0,0.4,1,2023,4,6
Home Appliances,657.23,4,32.02,Next-Day,COD,19,Female,City48,1787.139816,2.0,0.8,1,2023,4,6
Clothing,129.7,3,40.9,Next-Day,Debit Card,38,Female,City9,229.9581,2.0,0.6000000000000001,0,2022,1,0
Home Appliances,1405.48,2,12.64,Standard,Debit Card,34,Female,City57,2455.654656,1.0,0.4,1,2024,7,5
Home Appliances,998.76,5,7.69,Next-Day,Debit Card,32,Male,City58,4609.77678,2.0,1.0,0,2022,2,0
Clothing,1420.98,2,24.59,Next-Day,Wallet,54,Female,City63,2143.122036,2.0,0.4,0,2022,2,4
Clothing,928.57,2,5.74,Express,Debit Card,59,Female,City77,1750.540164,1.5,0.4,1,2024,8,1
Electronics,1155.39,2,44.0,Next-Day,COD,22,Male,City27,1294.0368000000003,2.0,0.4,0,2024,11,3
Electronics,826.48,4,46.33,Next-Day,Credit Card,22,Male,City58,1774.2872639999998,2.0,0.8,1,2025,8,2
Clothing,1328.71,5,42.93,Standard,Credit Card,54,Female,City66,3791.473985,1.0,1.0,0,2022,11,6
Clothing,1189.37,1,17.92,Next-Day,Credit Card,31,Female,City24,976.234896,2.0,0.2,0,2022,5,5
Clothing,1088.45,2,10.04,Express,Debit Card,27,Female,City2,1958.33924,1.5,0.4,1,2023,3,4
Electronics,951.22,3,28.99,Standard,Debit Card,34,Male,City12,2026.383966,1.0,0.6000000000000001,0,2023,9,4
Toys,363.71,3,5.15,Express,Credit Card,61,Male,City32,1034.9368049999998,1.5,0.6000000000000001,0,2025,5,5
Clothing,1511.52,2,37.37,Standard,COD,62,Male,City65,1893.3299520000005,1.0,0.4,0,2023,2,1
Clothing,1067.52,3,36.96,Next-Day,Debit Card,18,Male,City85,2018.893824,2.0,0.6000000000000001,1,2023,3,3
Clothing,146.83,1,40.07,Next-Day,Debit Card,40,Female,City28,87.995219,2.0,0.2,0,2025,2,4
Books,1678.2,2,2.75,Standard,Wallet,65,Male,City25,3264.099,1.0,0.4,0,2024,10,5
Clothing,1613.46,5,43.07,Standard,Wallet,52,Female,City92,4592.713889999999,1.0,1.0,1,2025,1,4
Books,1420.06,3,40.77,Standard,COD,34,Male,City6,2523.3046140000006,1.0,0.6000000000000001,0,2023,5,0
Electronics,1374.17,1,13.74,Next-Day,Credit Card,26,Female,City5,1185.359042,2.0,0.2,0,2025,3,5
Home Appliances,1602.17,1,14.17,Express,Credit Card,35,Male,City46,1375.1425110000002,1.5,0.2,0,2024,12,0
Clothing,1919.16,1,24.85,Next-Day,Debit Card,26,Male,City17,1442.24874,2.0,0.2,0,2022,8,4
Electronics,1505.32,4,37.25,Express,Debit Card,20,Female,City92,3778.3532,1.5,0.8,0,2023,4,3
Electronics,1528.93,5,26.86,Express,Debit Card,54,Female,City99,5591.297010000001,1.5,1.0,0,2022,12,5
Electronics,205.57,1,9.08,Standard,Credit Card,41,Female,City91,186.904244,1.0,0.2,0,2023,3,2
Home Appliances,870.67,1,8.89,Standard,COD,38,Female,City36,793.267437,1.0,0.2,0,2024,9,4
Electronics,431.41,4,49.08,Express,COD,42,Female,City95,878.6958880000002,1.5,0.8,0,2024,6,5
Clothing,265.26,2,4.11,Express,Debit Card,62,Female,City83,508.715628,1.5,0.4,0,2024,12,0
Toys,754.02,1,35.83,Standard,COD,20,Female,City31,483.8546339999999,1.0,0.2,1,2023,10,2
Books,1504.12,5,45.36,Standard,Debit Card,41,Female,City55,4109.25584,1.0,1.0,1,2024,12,2
Books,1770.73,3,12.7,Express,Wallet,60,Male,City59,4637.54187,1.5,0.6000000000000001,0,2023,10,6
Toys,556.19,3,29.26,Next-Day,COD,59,Female,City33,1180.346418,2.0,0.6000000000000001,0,2022,1,6
Home Appliances,1827.63,2,46.47,Standard,Wallet,55,Male,City25,1956.660678,1.0,0.4,1,2022,9,6
Toys,1783.04,3,45.46,Standard,Wallet,29,Female,City55,2917.410048,1.0,0.6000000000000001,1,2022,9,3
Clothing,884.51,1,41.23,Express,Credit Card,21,Female,City52,519.826527,1.5,0.2,1,2024,2,5
Electronics,877.8,3,31.02,Express,COD,23,Female,City53,1816.51932,1.5,0.6000000000000001,1,2023,10,5
Toys,1729.08,4,27.27,Standard,COD,26,Female,City20,5030.239536,1.0,0.8,0,2023,6,2
Toys,566.55,5,40.18,Standard,COD,63,Male,City86,1694.5510500000005,1.0,1.0,0,2024,3,4
Toys,1024.05,2,17.06,Next-Day,Debit Card,31,Female,City59,1698.69414,2.0,0.4,0,2022,4,4
Clothing,1258.73,4,6.87,Next-Day,Wallet,30,Male,City80,4689.020996,2.0,0.8,1,2022,9,6
Electronics,1272.63,3,39.4,Next-Day,Wallet,22,Female,City93,2313.6413400000006,2.0,0.6000000000000001,0,2024,10,3
Clothing,146.17,2,29.01,Next-Day,Wallet,50,Female,City61,207.532166,2.0,0.4,0,2022,6,6
Electronics,542.15,1,11.75,Next-Day,Wallet,54,Female,City13,478.447375,2.0,0.2,1,2024,1,2
Clothing,292.33,1,5.83,Express,Debit Card,38,Male,City72,275.287161,1.5,0.2,0,2024,4,3
Toys,1362.53,5,3.47,Next-Day,Wallet,57,Female,City17,6576.251045,2.0,1.0,0,2022,7,1
Clothing,414.76,5,33.25,Next-Day,Debit Card,58,Male,City68,1384.2615,2.0,1.0,1,2023,3,1
Clothing,1280.17,2,42.95,Express,Wallet,30,Male,City85,1460.67397,1.5,0.4,1,2022,12,3
Clothing,637.32,2,37.51,Standard,COD,43,Male,City69,796.5225360000001,1.0,0.4,0,2025,9,2
Toys,130.06,3,28.44,Standard,Credit Card,32,Female,City50,279.212808,1.0,0.6000000000000001,0,2022,3,3
Clothing,153.29,5,5.37,Standard,Debit Card,46,Male,City82,725.2916349999999,1.0,1.0,1,2023,11,4
Clothing,1650.9,2,21.44,Standard,Wallet,55,Male,City85,2593.89408,1.0,0.4,0,2024,4,6
Toys,1874.33,3,4.46,Express,Wallet,35,Male,City90,5372.204646,1.5,0.6000000000000001,0,2024,4,0
Books,683.14,2,36.44,Next-Day,Debit Card,56,Male,City47,868.4075679999999,2.0,0.4,0,2024,8,6
Electronics,1825.84,3,31.12,Express,Wallet,26,Male,City66,3772.915776,1.5,0.6000000000000001,0,2023,4,4
Toys,1978.82,3,6.65,Next-Day,Debit Card,53,Female,City96,5541.68541,2.0,0.6000000000000001,0,2022,4,3
Books,612.52,1,44.39,Standard,Debit Card,36,Female,City36,340.62237200000004,1.0,0.2,0,2025,5,5
Electronics,223.75,1,0.37,Next-Day,Wallet,25,Male,City75,222.922125,2.0,0.2,0,2024,8,3
Clothing,933.77,2,26.58,Standard,COD,29,Male,City23,1371.147868,1.0,0.4,0,2022,5,2
Books,1122.98,4,32.83,Standard,Wallet,30,Male,City87,3017.222664,1.0,0.8,1,2022,8,5
Home Appliances,1810.71,1,40.31,Express,Credit Card,35,Female,City2,1080.812799,1.5,0.2,0,2024,3,2
Clothing,1821.51,1,37.52,Next-Day,Wallet,28,Female,City38,1138.079448,2.0,0.2,1,2023,11,1
Clothing,1732.03,1,20.17,Express,Debit Card,37,Male,City7,1382.679549,1.5,0.2,0,2022,9,6
Clothing,172.96,2,47.33,Express,Debit Card,48,Female,City57,182.196064,1.5,0.4,0,2025,5,0
Electronics,1547.64,4,49.46,Express,COD,28,Female,City99,3128.7090240000007,1.5,0.8,0,2023,8,5
Clothing,325.88,5,21.61,Standard,Debit Card,58,Female,City76,1277.2866600000002,1.0,1.0,0,2023,5,2
Electronics,1425.79,4,2.73,Next-Day,COD,55,Female,City79,5547.463732,2.0,0.8,0,2023,11,3
Electronics,223.39,4,40.51,Express,Wallet,39,Male,City63,531.578844,1.5,0.8,1,2023,2,3
Books,826.14,1,16.37,Standard,COD,18,Female,City73,690.900882,1.0,0.2,0,2022,3,2
Clothing,491.25,4,5.26,Next-Day,Debit Card,27,Female,City95,1861.641,2.0,0.8,0,2025,8,3
Electronics,537.51,3,3.02,Next-Day,COD,39,Female,City77,1563.831594,2.0,0.6000000000000001,0,2024,11,5
Clothing,874.65,2,42.56,Express,Credit Card,41,Male,City28,1004.79792,1.5,0.4,1,2024,12,1
Toys,272.69,4,13.31,Standard,Wallet,37,Female,City48,945.579844,1.0,0.8,0,2025,1,6
Clothing,171.98,3,31.24,Express,Wallet,31,Female,City31,354.760344,1.5,0.6000000000000001,0,2022,7,1
Electronics,1095.59,4,13.92,Next-Day,Debit Card,19,Female,City82,3772.335488,2.0,0.8,0,2024,12,4
Clothing,402.07,5,39.85,Standard,COD,24,Female,City1,1209.2255249999998,1.0,1.0,0,2025,7,2
Home Appliances,1194.13,2,29.41,Express,Wallet,31,Female,City7,1685.872734,1.5,0.4,0,2022,11,2
Clothing,1706.32,4,1.47,Express,Wallet,29,Male,City86,6724.948383999999,1.5,0.8,0,2023,10,0
Books,473.02,5,28.7,Next-Day,Credit Card,49,Female,City24,1686.3163000000002,2.0,1.0,0,2023,7,1
Clothing,384.53,1,5.64,Standard,Debit Card,58,Female,City84,362.842508,1.0,0.2,0,2024,8,5
Clothing,1742.31,3,9.98,Express,Credit Card,54,Female,City39,4705.282386,1.5,0.6000000000000001,1,2023,10,2
Clothing,846.87,4,31.47,Next-Day,Credit Card,31,Female,City47,2321.440044,2.0,0.8,0,2025,1,2
Home Appliances,877.85,4,22.55,Next-Day,COD,20,Female,City1,2719.5793,2.0,0.8,1,2023,11,3
Toys,382.92,2,3.37,Next-Day,Credit Card,41,Female,City42,740.031192,2.0,0.4,0,2023,6,5
Clothing,669.86,2,36.11,Express,Debit Card,45,Female,City65,855.9471080000001,1.5,0.4,0,2025,8,4
Clothing,272.45,3,44.83,Express,COD,33,Female,City30,450.931995,1.5,0.6000000000000001,0,2025,6,2
Clothing,902.57,4,26.93,Express,Credit Card,24,Male,City67,2638.0315960000003,1.5,0.8,1,2024,4,4
Books,462.43,3,3.43,Express,COD,37,Female,City51,1339.705953,1.5,0.6000000000000001,0,2022,5,6
Clothing,1485.14,1,33.16,Standard,Wallet,53,Male,City34,992.6675760000002,1.0,0.2,0,2023,9,0
Electronics,1571.63,1,18.32,Standard,Credit Card,33,Male,City98,1283.707384,1.0,0.2,0,2023,3,2
Clothing,680.24,2,32.8,Express,Debit Card,21,Female,City63,914.24256,1.5,0.4,1,2022,4,5
Electronics,1652.15,1,48.44,Next-Day,Debit Card,34,Female,City5,851.8485400000002,2.0,0.2,1,2025,2,1
Toys,1828.77,4,3.69,Next-Day,COD,22,Male,City79,7045.153547999999,2.0,0.8,0,2024,6,0
Electronics,472.24,5,30.16,Standard,Wallet,59,Female,City92,1649.06208,1.0,1.0,0,2022,6,4
Toys,968.12,2,46.61,Next-Day,Debit Card,42,Female,City100,1033.758536,2.0,0.4,0,2023,12,2
Electronics,1424.91,3,14.17,Standard,Debit Card,54,Female,City25,3669.000759000001,1.0,0.6000000000000001,0,2022,8,1
Home Appliances,915.57,4,35.95,Express,Credit Card,51,Male,City65,2345.69034,1.5,0.8,0,2025,4,5
Toys,348.84,5,29.0,Standard,Credit Card,46,Female,City35,1238.3819999999998,1.0,1.0,0,2022,4,6
Electronics,1589.1,1,28.23,Next-Day,Wallet,65,Female,City59,1140.49707,2.0,0.2,0,2023,3,0
Electronics,1628.25,4,46.14,Express,Debit Card,25,Male,City8,3507.9018,1.5,0.8,1,2023,5,3
Electronics,645.93,3,1.12,Express,Debit Card,34,Female,City75,1916.086752,1.5,0.6000000000000001,0,2025,4,3
Clothing,1832.11,3,37.52,Standard,Credit Card,48,Female,City11,3434.106984,1.0,0.6000000000000001,0,2024,12,1
Home Appliances,730.62,2,12.96,Express,COD,49,Female,City33,1271.863296,1.5,0.4,0,2024,5,0
Clothing,1499.2,4,46.7,Next-Day,COD,58,Male,City39,3196.2944,2.0,0.8,0,2022,9,2
Clothing,1279.29,3,24.25,Express,Debit Card,24,Female,City80,2907.186525,1.5,0.6000000000000001,1,2022,12,0
Books,193.98,1,31.9,Standard,Credit Card,29,Female,City81,132.10038,1.0,0.2,1,2024,8,4
Electronics,1116.38,3,21.47,Standard,Debit Card,35,Male,City18,2630.079642,1.0,0.6000000000000001,0,2022,9,1
Toys,1067.55,1,12.83,Standard,Credit Card,27,Male,City35,930.583335,1.0,0.2,0,2023,8,2
Home Appliances,1132.19,2,19.21,Express,Wallet,24,Female,City1,1829.392602,1.5,0.4,0,2022,12,4
Electronics,1980.49,4,26.14,Express,Credit Card,52,Male,City50,5851.159656,1.5,0.8,0,2023,10,1
Electronics,975.8,4,18.16,Express,Debit Card,33,Male,City42,3194.37888,1.5,0.8,0,2024,5,1
Toys,1168.22,3,0.65,Standard,Debit Card,59,Female,City38,3481.87971,1.0,0.6000000000000001,1,2023,12,3
Books,1629.67,4,28.98,Express,COD,36,Female,City24,4629.566536,1.5,0.8,0,2023,12,6
Clothing,718.69,2,40.74,Express,Credit Card,27,Male,City84,851.7913880000001,1.5,0.4,0,2024,1,1
Electronics,687.08,5,39.18,Standard,Wallet,44,Female,City67,2089.4102800000005,1.0,1.0,0,2025,5,4
Home Appliances,886.85,2,21.29,Express,COD,42,Female,City15,1396.0792700000002,1.5,0.4,0,2025,6,5
Electronics,258.48,5,44.56,Express,Wallet,24,Male,City72,716.50656,1.5,1.0,0,2023,9,4
Electronics,1282.63,4,13.48,Next-Day,COD,56,Female,City98,4438.925904000001,2.0,0.8,1,2025,2,5
Toys,1368.1,3,1.71,Standard,Debit Card,42,Female,City86,4034.11647,1.0,0.6000000000000001,0,2024,12,2
Toys,997.93,5,21.33,Express,Wallet,41,Female,City92,3925.3576549999993,1.5,1.0,0,2023,7,0
Home Appliances,342.73,5,13.86,Standard,Credit Card,60,Female,City13,1476.13811,1.0,1.0,0,2022,8,2
Toys,1938.35,5,3.95,Next-Day,Credit Card,43,Male,City51,9308.925875,2.0,1.0,0,2022,4,4
Electronics,170.33,4,14.0,Next-Day,COD,62,Male,City35,585.9352,2.0,0.8,1,2023,3,4
Electronics,333.19,4,22.51,Express,COD,26,Male,City28,1032.755724,1.5,0.8,0,2022,1,4
Electronics,837.65,3,16.05,Express,COD,24,Male,City3,2109.621525,1.5,0.6000000000000001,0,2025,1,3
Clothing,1830.04,2,22.21,Express,Credit Card,28,Female,City71,2847.1762320000003,1.5,0.4,0,2022,9,4
Toys,655.2,4,16.42,Express,COD,63,Male,City70,2190.46464,1.5,0.8,1,2022,4,2
Toys,602.64,2,38.21,Express,Wallet,38,Female,City15,744.742512,1.5,0.4,0,2024,4,3
Clothing,1076.91,1,3.45,Standard,Wallet,39,Female,City87,1039.756605,1.0,0.2,0,2024,2,3
Books,1322.74,2,17.18,Express,Debit Card,47,Female,City26,2190.9865360000003,1.5,0.4,1,2023,9,4
Clothing,1761.9,3,43.7,Next-Day,Wallet,36,Male,City87,2975.8491,2.0,0.6000000000000001,1,2023,8,3
Toys,1237.97,4,5.85,Next-Day,COD,39,Female,City54,4662.19502,2.0,0.8,0,2022,3,2
Books,1815.61,1,24.16,Next-Day,Wallet,37,Female,City9,1376.958624,2.0,0.2,0,2022,6,2
Toys,1135.76,4,32.99,Standard,Wallet,55,Female,City83,3044.2911039999995,1.0,0.8,0,2023,12,0
Clothing,344.65,4,7.87,Express,Wallet,55,Female,City97,1270.1041799999998,1.5,0.8,1,2022,6,1
Toys,342.42,4,36.38,Next-Day,Credit Card,31,Female,City57,871.3904160000001,2.0,0.8,0,2024,6,0
Electronics,552.85,3,34.01,Express,COD,65,Female,City78,1094.4771450000003,1.5,0.6000000000000001,0,2023,2,6
Electronics,1230.39,3,49.21,Next-Day,Credit Card,35,Male,City96,1874.745243,2.0,0.6000000000000001,0,2023,11,2
Clothing,214.31,1,27.65,Next-Day,Credit Card,36,Female,City25,155.05328500000002,2.0,0.2,0,2022,3,1
Books,1426.46,1,21.23,Next-Day,Debit Card,45,Male,City6,1123.622542,2.0,0.2,0,2025,8,5
Books,586.13,3,8.49,Next-Day,Debit Card,53,Female,City42,1609.1026889999998,2.0,0.6000000000000001,0,2024,8,4
Electronics,934.89,4,9.58,Standard,Wallet,58,Male,City21,3381.310152,1.0,0.8,0,2025,8,5
Electronics,1152.89,2,20.86,Standard,Debit Card,63,Male,City35,1824.794292,1.0,0.4,1,2023,9,2
Home Appliances,1719.63,2,6.2,Express,COD,58,Male,City56,3226.02588,1.5,0.4,0,2023,2,4
Books,101.47,1,48.59,Standard,Wallet,63,Male,City76,52.165727,1.0,0.2,1,2024,12,2
Electronics,1061.7,1,45.04,Next-Day,COD,40,Female,City94,583.5103200000001,2.0,0.2,0,2025,5,1
Electronics,694.43,1,19.13,Express,COD,42,Female,City68,561.5855409999999,1.5,0.2,0,2025,1,2
Clothing,1771.04,2,39.25,Next-Day,Debit Card,35,Female,City19,2151.8135999999995,2.0,0.4,1,2022,3,2
Electronics,1895.78,3,32.17,Next-Day,COD,37,Male,City65,3857.722722,2.0,0.6000000000000001,1,2024,2,3
Books,246.93,2,26.87,Express,COD,36,Female,City89,361.159818,1.5,0.4,0,2024,6,5
Electronics,920.46,1,3.56,Express,Wallet,40,Male,City31,887.691624,1.5,0.2,0,2023,9,6
Clothing,654.01,2,6.18,Standard,COD,61,Male,City53,1227.184364,1.0,0.4,0,2022,10,1
Clothing,138.07,3,41.92,Express,COD,30,Male,City89,240.573168,1.5,0.6000000000000001,0,2022,4,4
Toys,110.69,2,47.23,Express,Debit Card,47,Female,City52,116.822226,1.5,0.4,0,2023,11,5
Clothing,669.61,5,9.52,Next-Day,COD,64,Male,City50,3029.3156400000003,2.0,1.0,0,2025,7,2
Electronics,1972.6,3,42.49,Standard,Credit Card,57,Male,City69,3403.3267799999994,1.0,0.6000000000000001,0,2023,7,5
Clothing,1790.15,4,5.47,Standard,COD,60,Female,City20,6768.915180000001,1.0,0.8,1,2022,4,6
Electronics,732.89,1,28.9,Express,COD,60,Male,City18,521.08479,1.5,0.2,0,2024,2,1
Clothing,374.06,1,43.2,Next-Day,COD,62,Female,City52,212.46608,2.0,0.2,1,2022,10,2
Home Appliances,1308.61,2,41.03,Next-Day,Wallet,57,Male,City65,1543.3746339999998,2.0,0.4,1,2023,12,4
Clothing,835.32,4,24.56,Next-Day,COD,56,Male,City73,2520.661632,2.0,0.8,0,2022,9,4
Clothing,755.73,3,24.21,Express,Wallet,26,Male,City4,1718.303301,1.5,0.6000000000000001,0,2024,5,2
Clothing,596.67,5,27.86,Express,COD,21,Female,City72,2152.18869,1.5,1.0,0,2022,12,6
Books,939.77,5,22.76,Express,Credit Card,35,Male,City17,3629.39174,1.5,1.0,0,2023,3,1
Clothing,1563.52,1,8.75,Standard,Wallet,59,Male,City27,1426.712,1.0,0.2,1,2023,11,0
Electronics,1017.97,3,6.88,Next-Day,Debit Card,24,Male,City51,2843.800992,2.0,0.6000000000000001,0,2022,10,1
Electronics,900.61,5,37.8,Express,Debit Card,38,Male,City100,2800.8971000000006,1.5,1.0,0,2024,12,3
Clothing,941.5,2,43.0,Standard,COD,50,Female,City78,1073.3100000000002,1.0,0.4,1,2025,2,2
Electronics,1892.57,1,29.54,Next-Day,Debit Card,55,Female,City60,1333.504822,2.0,0.2,0,2024,3,1
Clothing,360.28,1,36.33,Express,COD,19,Female,City87,229.390276,1.5,0.2,1,2024,2,0
Clothing,1851.65,5,33.46,Standard,COD,33,Male,City7,6160.43955,1.0,1.0,0,2025,6,0
Clothing,733.87,1,43.47,Express,Debit Card,45,Male,City91,414.856711,1.5,0.2,1,2024,1,1
Clothing,1409.23,1,11.7,Express,Credit Card,54,Male,City15,1244.35009,1.5,0.2,1,2024,5,1
Clothing,1611.73,5,31.84,Next-Day,Wallet,26,Female,City58,5492.775839999999,2.0,1.0,1,2025,2,3
Books,1013.48,1,38.1,Express,Credit Card,43,Female,City48,627.34412,1.5,0.2,0,2024,12,6
Toys,908.48,3,16.87,Next-Day,Wallet,49,Female,City81,2265.658272,2.0,0.6000000000000001,0,2023,4,4
Electronics,1238.74,3,19.54,Standard,COD,49,Male,City99,2990.070612,1.0,0.6000000000000001,0,2023,8,2
Home Appliances,1370.91,1,43.97,Next-Day,Wallet,45,Male,City41,768.1208730000001,2.0,0.2,0,2023,3,6
Clothing,834.62,4,39.96,Standard,Debit Card,27,Female,City6,2004.423392,1.0,0.8,1,2024,5,5
Toys,355.69,2,1.56,Express,Debit Card,63,Male,City16,700.282472,1.5,0.4,0,2022,3,4
Clothing,753.97,3,15.84,Next-Day,COD,22,Male,City100,1903.623456,2.0,0.6000000000000001,0,2025,4,6
Electronics,611.34,3,25.17,Express,Debit Card,55,Male,City30,1372.397166,1.5,0.6000000000000001,0,2022,7,4
Electronics,1699.53,4,27.67,Next-Day,Debit Card,58,Male,City66,4917.080196,2.0,0.8,1,2023,12,0
Electronics,670.42,4,22.61,Express,Wallet,64,Female,City81,2075.352152,1.5,0.8,0,2025,4,0
Clothing,1889.76,3,36.75,Next-Day,Credit Card,51,Male,City90,3585.8196000000003,2.0,0.6000000000000001,0,2025,7,6
Clothing,838.93,2,32.29,Express,Wallet,33,Female,City26,1136.079006,1.5,0.4,0,2024,9,6
Electronics,106.93,2,41.44,Express,COD,27,Female,City1,125.236416,1.5,0.4,1,2022,6,0
Electronics,1346.37,1,29.96,Next-Day,Wallet,27,Male,City27,942.9975479999998,2.0,0.2,1,2025,3,0
Books,1188.96,3,26.0,Express,COD,40,Female,City94,2639.4912,1.5,0.6000000000000001,0,2023,3,0
Home Appliances,1166.81,5,38.27,Standard,Credit Card,61,Female,City53,3601.359064999999,1.0,1.0,0,2022,7,3
Books,1560.38,1,20.08,Next-Day,Wallet,62,Female,City37,1247.055696,2.0,0.2,0,2024,7,1
Clothing,275.64,3,46.82,Express,COD,20,Female,City10,439.756056,1.5,0.6000000000000001,1,2024,1,2
Clothing,118.64,4,6.85,Standard,Credit Card,21,Female,City13,442.05264,1.0,0.8,0,2024,7,2
Electronics,1026.17,4,41.02,Express,Debit Card,33,Male,City71,2420.9402640000003,1.5,0.8,1,2022,8,6
Clothing,760.53,5,24.51,Next-Day,Debit Card,18,Male,City93,2870.620485,2.0,1.0,0,2022,7,5
Home Appliances,1400.97,2,17.88,Express,Debit Card,29,Female,City42,2300.953128,1.5,0.4,0,2023,10,2
Clothing,470.9,1,3.78,Next-Day,Wallet,43,Female,City33,453.09998,2.0,0.2,0,2024,9,1
Toys,671.51,2,4.49,Next-Day,Credit Card,55,Male,City79,1282.718402,2.0,0.4,0,2023,1,6
Toys,1584.71,3,25.0,Next-Day,Credit Card,53,Male,City96,3565.5975,2.0,0.6000000000000001,0,2022,2,2
Books,1314.66,2,46.9,Express,Debit Card,46,Female,City74,1396.16892,1.5,0.4,0,2025,5,0
Clothing,609.74,5,2.88,Express,Credit Card,55,Female,City43,2960.89744,1.5,1.0,0,2024,12,3
Clothing,1326.07,5,35.83,Express,Credit Card,33,Male,City70,4254.695594999999,1.5,1.0,0,2022,3,0
Toys,1785.29,3,14.59,Standard,Debit Card,42,Female,City32,4574.448567,1.0,0.6000000000000001,1,2022,8,6
Clothing,904.94,1,6.37,Next-Day,Wallet,31,Female,City79,847.295322,2.0,0.2,0,2023,5,6
Clothing,1895.14,4,49.8,Standard,Credit Card,43,Male,City98,3805.44112,1.0,0.8,0,2022,9,0
Clothing,1679.4,3,33.71,Next-Day,Credit Card,47,Male,City38,3339.822780000001,2.0,0.6000000000000001,1,2024,6,3
Electronics,1762.7,3,32.66,Standard,Credit Card,26,Female,City52,3561.0065400000003,1.0,0.6000000000000001,0,2022,9,4
Toys,1063.71,1,47.11,Standard,COD,43,Male,City29,562.5962189999999,1.0,0.2,1,2024,5,5
Clothing,1188.78,3,31.79,Standard,Credit Card,45,Female,City42,2432.600514,1.0,0.6000000000000001,0,2023,5,0
Clothing,365.72,4,40.83,Next-Day,Wallet,54,Female,City41,865.5860960000001,2.0,0.8,1,2022,5,6
Toys,1622.2,3,33.31,Next-Day,Wallet,19,Female,City41,3245.5355400000003,2.0,0.6000000000000001,0,2024,8,5
Clothing,1554.66,4,9.25,Next-Day,Wallet,36,Male,City85,5643.4158,2.0,0.8,1,2024,7,6
Books,703.34,2,14.73,Standard,Wallet,27,Male,City68,1199.476036,1.0,0.4,0,2025,5,3
Toys,1162.68,5,17.29,Next-Day,Debit Card,63,Female,City22,4808.26314,2.0,1.0,1,2022,1,6
Toys,635.09,4,33.93,Standard,Wallet,31,Female,City67,1678.4158520000003,1.0,0.8,0,2024,7,4
Electronics,1950.63,5,13.67,Express,COD,22,Female,City32,8419.894395000001,1.5,1.0,0,2024,8,4
Electronics,1644.86,3,47.72,Next-Day,COD,37,Male,City64,2579.798424,2.0,0.6000000000000001,0,2023,5,6
Toys,435.95,1,4.0,Standard,Wallet,53,Female,City32,418.512,1.0,0.2,1,2024,3,1
Clothing,1783.36,1,15.55,Express,Credit Card,35,Male,City90,1506.04752,1.5,0.2,0,2024,6,1
Clothing,483.87,4,21.69,Next-Day,Wallet,41,Female,City27,1515.674388,2.0,0.8,0,2024,3,2
Electronics,194.43,4,43.76,Standard,Credit Card,36,Male,City42,437.3897280000001,1.0,0.8,0,2025,7,3
Books,1506.04,1,16.89,Express,Wallet,64,Male,City26,1251.6698439999998,1.5,0.2,1,2024,6,6
Toys,866.69,2,40.06,Standard,COD,25,Female,City63,1038.987972,1.0,0.4,1,2025,7,2
Toys,1255.33,3,41.4,Standard,Debit Card,32,Male,City47,2206.87014,1.0,0.6000000000000001,1,2023,11,0
Clothing,917.82,1,35.64,Standard,COD,26,Male,City90,590.708952,1.0,0.2,0,2022,6,4
Books,1583.61,2,10.35,Next-Day,Credit Card,43,Male,City78,2839.41273,2.0,0.4,0,2022,9,3
Electronics,1255.39,5,32.47,Next-Day,COD,18,Male,City71,4238.824335,2.0,1.0,0,2023,6,1
Electronics,1568.08,1,6.41,Next-Day,Credit Card,36,Female,City8,1467.5660719999998,2.0,0.2,1,2022,7,2
Clothing,229.63,2,32.66,Next-Day,Wallet,47,Male,City96,309.265684,2.0,0.4,1,2023,2,1
Clothing,397.55,2,48.03,Express,Wallet,48,Female,City81,413.21347,1.5,0.4,1,2022,7,2
Home Appliances,1679.94,2,27.51,Standard,Credit Card,36,Male,City98,2435.577012,1.0,0.4,0,2025,5,5
Clothing,1292.36,4,7.99,Standard,Debit Card,21,Male,City66,4756.401744,1.0,0.8,0,2023,4,2
Clothing,282.31,4,30.07,Next-Day,Wallet,35,Male,City16,789.677532,2.0,0.8,1,2023,11,1
Clothing,137.33,3,33.57,Standard,Credit Card,34,Male,City1,273.684957,1.0,0.6000000000000001,0,2024,5,4
Toys,339.32,2,27.29,Standard,Debit Card,34,Male,City72,493.43914400000006,1.0,0.4,0,2025,3,6
Books,1039.49,5,3.86,Standard,Wallet,21,Male,City47,4996.82843,1.0,1.0,1,2023,12,4
Clothing,1488.06,2,16.85,Express,Debit Card,42,Female,City39,2474.64378,1.5,0.4,0,2022,2,1
Clothing,1527.8,3,0.59,Standard,Credit Card,60,Female,City41,4556.35794,1.0,0.6000000000000001,0,2025,6,6
Books,741.05,1,35.44,Express,Credit Card,30,Male,City8,478.42187999999993,1.5,0.2,0,2022,2,3
Home Appliances,1769.42,5,42.97,Standard,Debit Card,27,Male,City62,5045.501130000001,1.0,1.0,1,2025,7,4
Books,1919.84,4,19.15,Express,COD,42,Male,City11,6208.76256,1.5,0.8,0,2022,12,6
Books,699.73,5,2.95,Standard,COD,18,Male,City82,3395.4398250000004,1.0,1.0,0,2023,7,0
Books,1700.64,4,48.05,Standard,Credit Card,46,Female,City50,3533.9299200000005,1.0,0.8,0,2023,11,5
Toys,1894.35,3,17.81,Express,Credit Card,39,Male,City58,4670.898795,1.5,0.6000000000000001,0,2023,11,5
Electronics,1843.93,3,37.3,Express,COD,34,Female,City51,3468.43233,1.5,0.6000000000000001,1,2025,7,5
Electronics,1736.32,1,43.35,Express,Credit Card,45,Male,City100,983.62528,1.5,0.2,1,2025,4,2
Clothing,1399.1,3,12.5,Standard,Wallet,39,Male,City14,3672.6375,1.0,0.6000000000000001,1,2024,7,2
Clothing,1500.68,2,20.47,Express,Credit Card,40,Male,City35,2386.981608,1.5,0.4,0,2025,6,1
Home Appliances,1048.57,5,26.31,Express,Debit Card,23,Female,City15,3863.456165,1.5,1.0,0,2023,10,2
Home Appliances,1513.55,5,37.29,Express,COD,52,Male,City61,4745.736025,1.5,1.0,0,2024,8,6
Electronics,768.33,3,18.16,Express,COD,60,Male,City71,1886.403816,1.5,0.6000000000000001,0,2022,10,1
Home Appliances,909.22,5,49.18,Next-Day,Credit Card,35,Male,City82,2310.32802,2.0,1.0,0,2023,1,6
Clothing,935.85,5,6.38,Express,COD,61,Female,City97,4380.71385,1.5,1.0,0,2023,7,6
Books,1017.97,1,40.25,Express,Credit Card,28,Male,City17,608.2370749999999,1.5,0.2,0,2024,1,4
Toys,1775.58,2,39.91,Standard,COD,24,Male,City2,2133.892044,1.0,0.4,0,2022,7,1
Clothing,242.59,5,13.51,Standard,Credit Card,43,Male,City65,1049.080455,1.0,1.0,0,2023,8,6
Books,953.05,5,19.64,Standard,COD,18,Female,City49,3829.3549,1.0,1.0,0,2023,2,3
Books,323.21,3,32.17,Express,Wallet,24,Female,City66,657.7000289999999,1.5,0.6000000000000001,0,2024,7,0
Electronics,474.14,2,32.74,Express,COD,31,Female,City37,637.813128,1.5,0.4,0,2023,12,0
Electronics,1632.06,5,22.62,Next-Day,COD,19,Male,City72,6314.44014,2.0,1.0,0,2025,1,6
Clothing,1709.68,1,33.75,Standard,Credit Card,63,Female,City91,1132.663,1.0,0.2,0,2022,11,0
Home Appliances,978.97,5,19.06,Next-Day,COD,32,Male,City50,3961.89159,2.0,1.0,0,2025,3,1
Toys,1394.98,5,42.45,Standard,Credit Card,56,Female,City2,4014.0549499999993,1.0,1.0,1,2024,1,2
Toys,918.62,5,24.15,Next-Day,Debit Card,25,Male,City49,3483.86635,2.0,1.0,0,2022,2,1
Electronics,1993.04,1,4.68,Standard,Wallet,22,Female,City70,1899.765728,1.0,0.2,0,2024,3,5
Clothing,759.73,4,44.71,Express,Wallet,38,Male,City43,1680.218868,1.5,0.8,0,2023,6,3
Home Appliances,1736.08,1,17.68,Standard,Wallet,32,Male,City60,1429.141056,1.0,0.2,0,2022,3,1
Electronics,289.84,3,49.86,Express,Credit Card,33,Female,City6,435.97732800000006,1.5,0.6000000000000001,0,2024,8,6
Clothing,1658.26,5,6.69,Next-Day,Debit Card,28,Female,City20,7736.612029999999,2.0,1.0,1,2022,1,3
Home Appliances,1106.36,4,18.73,Next-Day,COD,29,Male,City59,3596.555088,2.0,0.8,0,2022,9,5
Clothing,1047.94,5,25.75,Express,Wallet,45,Male,City37,3890.47725,1.5,1.0,1,2022,1,1
Clothing,1642.72,5,7.44,Express,Debit Card,43,Female,City81,7602.50816,1.5,1.0,0,2022,10,2
Books,1103.46,1,35.88,Standard,COD,57,Female,City2,707.538552,1.0,0.2,1,2022,7,5
Clothing,576.21,4,39.37,Next-Day,COD,33,Female,City73,1397.4244920000003,2.0,0.8,0,2023,3,4
Clothing,419.71,4,7.09,Express,Wallet,57,Female,City29,1559.810244,1.5,0.8,0,2023,5,0
Clothing,1872.59,5,3.88,Express,Wallet,26,Male,City29,8999.667539999999,1.5,1.0,0,2025,2,3
Electronics,934.97,1,48.08,Standard,Wallet,21,Male,City73,485.436424,1.0,0.2,0,2022,11,1
Clothing,1242.16,5,31.82,Standard,Credit Card,51,Male,City69,4234.52344,1.0,1.0,0,2023,5,6
Toys,607.96,1,38.8,Standard,Debit Card,65,Female,City65,372.0715200000001,1.0,0.2,0,2023,11,6
Home Appliances,102.31,2,42.14,Next-Day,Credit Card,65,Female,City12,118.393132,2.0,0.4,1,2023,6,6
Clothing,926.29,3,31.49,Next-Day,COD,18,Female,City18,1903.803837,2.0,0.6000000000000001,1,2022,10,6
Clothing,1511.33,3,34.62,Next-Day,Credit Card,56,Male,City36,2964.322662,2.0,0.6000000000000001,1,2023,4,1
Toys,1360.25,3,33.31,Next-Day,Debit Card,52,Female,City89,2721.4521750000004,2.0,0.6000000000000001,0,2025,5,4
Clothing,738.75,5,43.79,Next-Day,Debit Card,30,Female,City14,2076.256875,2.0,1.0,1,2022,5,6
Clothing,1777.46,3,13.99,Express,Debit Card,22,Male,City78,4586.380038,1.5,0.6000000000000001,1,2022,6,1
Electronics,848.42,3,29.76,Standard,Wallet,35,Female,City38,1787.7906239999995,1.0,0.6000000000000001,0,2023,5,5
Toys,938.89,5,17.8,Standard,Wallet,39,Male,City86,3858.8379,1.0,1.0,0,2023,10,1
Electronics,150.6,4,5.1,Next-Day,COD,18,Male,City61,571.6776,2.0,0.8,0,2022,10,0
Clothing,1653.46,4,15.27,Next-Day,COD,64,Female,City8,5603.906632,2.0,0.8,1,2025,5,5
Toys,1799.24,1,5.0,Next-Day,Wallet,60,Male,City38,1709.278,2.0,0.2,0,2022,9,2
Clothing,1195.53,4,21.03,Next-Day,COD,43,Male,City57,3776.440164,2.0,0.8,0,2025,6,5
Toys,535.85,5,26.79,Express,COD,40,Male,City93,1961.478925,1.5,1.0,1,2025,4,4
Toys,696.71,1,21.13,Standard,Wallet,58,Female,City53,549.495177,1.0,0.2,0,2023,8,3
Electronics,825.32,3,11.04,Standard,Wallet,27,Female,City34,2202.614016,1.0,0.6000000000000001,0,2023,1,0
Electronics,404.21,1,16.99,Standard,Credit Card,54,Female,City51,335.534721,1.0,0.2,1,2023,8,6
Electronics,199.65,4,21.21,Next-Day,Credit Card,44,Female,City31,629.21694,2.0,0.8,1,2023,9,3
Books,365.93,2,12.82,Standard,Wallet,56,Male,City1,638.0355480000001,1.0,0.4,0,2025,8,6
Toys,494.8,5,13.58,Next-Day,Credit Card,56,Male,City21,2138.0308,2.0,1.0,0,2024,8,3
Clothing,1916.38,1,46.1,Express,COD,41,Female,City65,1032.92882,1.5,0.2,1,2025,4,3
Clothing,1149.42,4,42.57,Express,Debit Card,41,Male,City69,2640.4476240000004,1.5,0.8,1,2023,7,0
Clothing,1923.54,2,10.62,Express,Credit Card,63,Male,City37,3438.520104,1.5,0.4,0,2023,1,3
Clothing,1393.25,5,24.97,Standard,Credit Card,27,Male,City20,5226.777375,1.0,1.0,1,2025,7,5
Electronics,1289.61,1,45.4,Standard,COD,41,Male,City3,704.12706,1.0,0.2,0,2023,11,3
Clothing,319.32,2,17.73,Standard,Wallet,58,Female,City80,525.409128,1.0,0.4,0,2023,5,0
Electronics,891.11,1,30.39,Standard,Credit Card,38,Male,City93,620.3016709999999,1.0,0.2,0,2022,8,0
Clothing,1528.01,3,20.9,Next-Day,COD,19,Female,City18,3625.96773,2.0,0.6000000000000001,0,2022,9,0
Electronics,1538.38,2,27.77,Standard,Debit Card,47,Male,City35,2222.343748,1.0,0.4,0,2024,2,4
Home Appliances,1937.02,4,47.26,Standard,Wallet,60,Female,City4,4086.337392000001,1.0,0.8,0,2023,4,6
Electronics,1969.24,5,25.15,Standard,Credit Card,21,Female,City65,7369.8807,1.0,1.0,0,2023,12,0
Electronics,1607.87,5,42.1,Standard,COD,29,Female,City84,4654.783649999999,1.0,1.0,1,2025,7,5
Books,1712.66,1,4.59,Express,Debit Card,53,Female,City96,1634.048906,1.5,0.2,1,2024,3,0
Clothing,1643.14,3,5.66,Next-Day,Debit Card,52,Male,City11,4650.414828,2.0,0.6000000000000001,0,2023,10,2
Clothing,915.19,3,4.42,Standard,Credit Card,18,Male,City89,2624.215806,1.0,0.6000000000000001,1,2023,4,5
Toys,1169.32,2,11.57,Next-Day,Wallet,38,Female,City92,2068.059352,2.0,0.4,0,2022,12,5
Electronics,576.93,3,43.63,Express,Credit Card,59,Female,City75,975.646323,1.5,0.6000000000000001,1,2023,7,1
Toys,378.94,4,7.03,Standard,Credit Card,42,Female,City26,1409.202072,1.0,0.8,0,2025,8,6
Electronics,1755.15,3,32.52,Standard,Wallet,48,Female,City3,3553.12566,1.0,0.6000000000000001,1,2023,6,1
Books,1886.84,3,16.24,Standard,COD,55,Male,City76,4741.251552,1.0,0.6000000000000001,0,2022,6,3
Toys,1885.25,4,36.09,Express,Credit Card,33,Female,City9,4819.4531,1.5,0.8,0,2023,8,2
Clothing,1393.81,1,6.99,Next-Day,Debit Card,48,Male,City3,1296.382681,2.0,0.2,0,2022,7,0
Toys,1857.68,5,11.13,Standard,Wallet,42,Male,City89,8254.60108,1.0,1.0,0,2022,9,4
Books,873.06,5,24.35,Next-Day,Debit Card,60,Female,City46,3302.3494499999997,2.0,1.0,0,2025,5,3
Home Appliances,1147.32,1,12.16,Express,Wallet,25,Female,City76,1007.805888,1.5,0.2,0,2024,8,5
Clothing,1443.63,3,6.94,Standard,COD,62,Male,City11,4030.326234,1.0,0.6000000000000001,0,2025,1,1
Clothing,247.4,5,36.11,Standard,Debit Card,62,Male,City11,790.3193,1.0,1.0,1,2023,3,5
Clothing,1814.96,3,48.16,Next-Day,Wallet,53,Male,City48,2822.625792,2.0,0.6000000000000001,1,2025,1,5
Clothing,1269.26,2,26.77,Next-Day,Wallet,36,Male,City9,1858.958196,2.0,0.4,0,2022,10,4
Electronics,556.99,3,36.76,Standard,Debit Card,43,Male,City95,1056.721428,1.0,0.6000000000000001,1,2025,1,5
Toys,883.95,4,28.35,Standard,COD,58,Female,City38,2533.4007,1.0,0.8,0,2024,7,4
Electronics,1635.56,4,45.44,Next-Day,Credit Card,59,Female,City47,3569.4461440000005,2.0,0.8,1,2025,2,3
Toys,539.94,5,9.73,Next-Day,Debit Card,29,Female,City94,2437.0191900000004,2.0,1.0,0,2023,3,1
Books,1339.45,4,15.84,Next-Day,Credit Card,63,Female,City100,4509.12448,2.0,0.8,0,2022,1,5
Electronics,836.72,5,35.41,Express,Debit Card,32,Female,City54,2702.18724,1.5,1.0,0,2024,4,3
Electronics,1531.55,3,33.36,Express,Debit Card,20,Male,City28,3061.87476,1.5,0.6000000000000001,0,2024,11,6
Books,1948.04,1,38.89,Express,Wallet,52,Male,City85,1190.447244,1.5,0.2,1,2025,5,4
Electronics,1573.02,4,31.3,Next-Day,Wallet,63,Male,City92,4322.658960000001,2.0,0.8,0,2022,11,4
Clothing,264.27,4,32.9,Express,Debit Card,33,Female,City34,709.3006799999999,1.5,0.8,0,2025,6,4
Home Appliances,345.38,3,19.23,Next-Day,Debit Card,30,Male,City56,836.8902779999999,2.0,0.6000000000000001,1,2022,7,0
Clothing,226.44,1,49.49,Standard,Credit Card,18,Male,City57,114.374844,1.0,0.2,1,2023,2,4
Books,463.56,5,10.61,Standard,Debit Card,26,Female,City17,2071.88142,1.0,1.0,0,2024,8,3
Electronics,340.84,2,22.54,Standard,COD,44,Female,City11,528.029328,1.0,0.4,0,2022,4,4
Clothing,595.63,2,6.74,Express,COD,60,Male,City69,1110.969076,1.5,0.4,1,2023,3,5
Electronics,234.38,2,48.91,Next-Day,Credit Card,52,Male,City43,239.489484,2.0,0.4,0,2022,1,0
Home Appliances,202.36,4,19.31,Next-Day,COD,62,Male,City25,653.137136,2.0,0.8,0,2025,8,3
Books,281.86,1,28.99,Standard,COD,49,Female,City29,200.148786,1.0,0.2,0,2024,1,0
Electronics,1907.37,1,37.75,Standard,Wallet,35,Female,City97,1187.337825,1.0,0.2,0,2025,4,2
Home Appliances,813.28,2,29.81,Next-Day,Wallet,38,Male,City33,1141.682464,2.0,0.4,0,2025,1,6
Clothing,845.05,4,39.66,Express,COD,19,Male,City57,2039.61268,1.5,0.8,0,2023,1,3
Electronics,510.69,4,19.47,Standard,Debit Card,34,Female,City27,1645.034628,1.0,0.8,1,2023,3,3
Home Appliances,1836.5,3,3.64,Express,Wallet,57,Male,City63,5308.9542,1.5,0.6000000000000001,0,2022,9,1
Toys,958.4,4,5.58,Next-Day,Debit Card,52,Female,City38,3619.68512,2.0,0.8,0,2024,3,2
Electronics,963.1,5,13.44,Standard,Wallet,40,Male,City1,4168.2968,1.0,1.0,0,2025,5,0
Toys,1053.27,3,33.52,Next-Day,Wallet,33,Male,City60,2100.641688,2.0,0.6000000000000001,1,2022,4,4
Clothing,980.11,1,26.07,Express,Credit Card,46,Male,City81,724.5953230000001,1.5,0.2,0,2022,7,3
Electronics,599.61,1,42.18,Express,COD,60,Female,City72,346.69450200000006,1.5,0.2,0,2024,12,1
Clothing,1465.21,4,29.21,Next-Day,Debit Card,61,Male,City3,4148.888636,2.0,0.8,0,2022,2,0
Electronics,1193.66,3,22.65,Standard,COD,24,Male,City63,2769.8880300000005,1.0,0.6000000000000001,0,2025,8,1
Electronics,1203.52,1,32.45,Next-Day,Debit Card,43,Male,City44,812.97776,2.0,0.2,1,2022,5,0
Books,1473.33,2,41.99,Standard,Credit Card,40,Female,City55,1709.3574660000002,1.0,0.4,0,2023,8,6
Clothing,678.05,3,17.95,Next-Day,Wallet,55,Male,City79,1669.020075,2.0,0.6000000000000001,0,2023,11,2
Clothing,1258.95,3,26.74,Express,Wallet,31,Male,City84,2766.9203100000004,1.5,0.6000000000000001,1,2023,4,3
Clothing,1518.58,2,3.42,Standard,Credit Card,63,Female,City42,2933.289128,1.0,0.4,1,2024,7,4
Clothing,567.97,4,43.09,Express,COD,19,Female,City86,1292.926908,1.5,0.8,0,2024,8,0
Toys,348.71,1,42.08,Standard,COD,21,Female,City38,201.97283199999995,1.0,0.2,1,2022,10,1
Electronics,1626.85,2,37.29,Next-Day,Credit Card,44,Female,City36,2040.39527,2.0,0.4,0,2022,2,5
Toys,228.81,1,10.52,Standard,Credit Card,33,Male,City7,204.739188,1.0,0.2,0,2022,11,5
Clothing,1276.8,1,45.4,Standard,Debit Card,39,Female,City24,697.1328,1.0,0.2,0,2022,4,4
Clothing,1916.44,2,3.63,Express,Credit Card,45,Male,City74,3693.746456,1.5,0.4,0,2023,8,3
Clothing,1388.63,5,1.61,Standard,COD,61,Male,City30,6831.365285000001,1.0,1.0,1,2023,1,2
Home Appliances,543.87,3,7.11,Express,Credit Card,60,Male,City33,1515.6025290000002,1.5,0.6000000000000001,0,2025,5,2
Books,1860.12,4,24.27,Express,Debit Card,44,Male,City59,5634.675504,1.5,0.8,0,2024,5,1
Books,834.8,5,45.95,Standard,Debit Card,18,Male,City81,2256.047,1.0,1.0,1,2025,4,0
Books,1129.24,2,6.19,Express,Wallet,41,Female,City8,2118.680088,1.5,0.4,0,2024,3,4
Clothing,1587.71,1,48.23,Standard,COD,34,Female,City82,821.9574670000001,1.0,0.2,1,2025,5,5
Clothing,298.4,3,30.3,Standard,COD,46,Female,City37,623.9544,1.0,0.6000000000000001,0,2024,12,6
Clothing,1596.12,1,30.37,Next-Day,Wallet,24,Male,City73,1111.3783559999997,2.0,0.2,0,2024,5,2
Clothing,471.02,5,1.39,Next-Day,Debit Card,18,Female,City84,2322.36411,2.0,1.0,0,2022,6,0
Toys,307.02,2,45.29,Next-Day,COD,46,Male,City46,335.941284,2.0,0.4,0,2023,3,2
Electronics,1974.85,4,34.19,Next-Day,Credit Card,54,Male,City24,5198.59514,2.0,0.8,0,2022,5,4
Clothing,1774.67,4,40.01,Next-Day,Debit Card,57,Female,City39,4258.498132000001,2.0,0.8,0,2025,6,3
Books,824.49,2,47.18,Next-Day,Debit Card,57,Male,City11,870.991236,2.0,0.4,0,2022,5,2
Clothing,1247.97,4,6.07,Express,Debit Card,21,Female,City43,4688.872884,1.5,0.8,1,2022,4,5
Clothing,1953.81,2,41.67,Express,Credit Card,27,Female,City6,2279.314746,1.5,0.4,0,2022,4,1
Clothing,406.26,4,22.87,Express,Credit Card,53,Male,City4,1253.393352,1.5,0.8,0,2022,10,3
Electronics,197.52,3,33.14,Next-Day,Credit Card,43,Female,City42,396.185616,2.0,0.6000000000000001,1,2022,1,2
Clothing,424.25,3,40.67,Standard,Debit Card,63,Female,City68,755.1225749999999,1.0,0.6000000000000001,1,2025,5,1
Toys,1737.98,5,23.68,Express,Debit Card,19,Male,City72,6632.13168,1.5,1.0,0,2022,5,0
Electronics,1041.66,2,37.41,Next-Day,Wallet,53,Male,City87,1303.949988,2.0,0.4,1,2024,5,4
Books,1217.76,3,8.11,Next-Day,Credit Card,24,Female,City76,3356.998992,2.0,0.6000000000000001,0,2023,11,6
Electronics,830.08,2,9.26,Standard,COD,38,Male,City83,1506.429184,1.0,0.4,0,2024,10,3
Electronics,1531.78,5,2.78,Standard,COD,42,Female,City3,7445.982579999999,1.0,1.0,1,2024,11,4
Clothing,1274.32,1,36.2,Standard,Wallet,41,Female,City11,813.0161599999998,1.0,0.2,1,2024,12,3
Clothing,1881.82,1,3.86,Next-Day,Wallet,35,Male,City52,1809.181748,2.0,0.2,0,2023,7,1
Books,564.88,5,42.08,Standard,Debit Card,36,Female,City31,1635.89248,1.0,1.0,0,2024,4,1
Clothing,227.8,5,36.81,Express,COD,64,Female,City72,719.7340999999999,1.5,1.0,1,2024,6,2
Home Appliances,1386.35,1,34.96,Express,COD,35,Male,City89,901.68204,1.5,0.2,0,2024,9,1
Clothing,129.77,4,36.38,Standard,COD,57,Female,City81,330.238696,1.0,0.8,1,2023,4,3
Home Appliances,997.86,1,18.15,Next-Day,Debit Card,50,Female,City24,816.74841,2.0,0.2,0,2023,7,1
Clothing,175.27,3,10.48,Next-Day,Wallet,54,Male,City73,470.705112,2.0,0.6000000000000001,1,2024,10,5
Toys,1763.73,5,1.93,Express,COD,40,Female,City36,8648.450055,1.5,1.0,1,2024,1,2
Clothing,694.07,3,24.19,Standard,Credit Card,27,Male,City69,1578.523401,1.0,0.6000000000000001,0,2023,3,5
Electronics,508.44,4,29.01,Standard,COD,44,Female,City68,1443.766224,1.0,0.8,0,2024,5,4
Books,976.64,2,49.81,Express,Debit Card,33,Male,City46,980.351232,1.5,0.4,0,2023,10,1
Clothing,1302.13,1,5.86,Standard,Debit Card,55,Female,City66,1225.825182,1.0,0.2,0,2023,7,0
Books,1485.7,5,20.66,Next-Day,Credit Card,42,Female,City38,5893.7719,2.0,1.0,0,2025,7,1
Clothing,284.29,2,1.47,Standard,Debit Card,50,Male,City94,560.2218740000001,1.0,0.4,0,2022,2,2
Books,1948.69,5,41.34,Standard,Wallet,39,Male,City74,5715.50777,1.0,1.0,0,2023,11,4
Toys,1485.97,4,31.9,Express,COD,36,Female,City57,4047.78228,1.5,0.8,1,2024,12,3
Clothing,1291.37,2,23.12,Standard,Credit Card,34,Male,City35,1985.610512,1.0,0.4,0,2022,1,5
Toys,1193.16,1,15.31,Standard,Wallet,42,Female,City91,1010.487204,1.0,0.2,1,2023,12,5
Electronics,1208.84,5,28.18,Express,COD,45,Female,City11,4340.944439999999,1.5,1.0,1,2022,7,4
Books,1631.84,2,2.01,Standard,COD,49,Male,City67,3198.080032,1.0,0.4,0,2023,8,2
Clothing,1438.87,2,29.29,Standard,COD,20,Female,City20,2034.849954,1.0,0.4,1,2024,9,0
Electronics,766.54,1,15.35,Next-Day,COD,34,Female,City35,648.87611,2.0,0.2,0,2025,7,5
Clothing,445.79,2,34.77,Next-Day,Credit Card,25,Female,City45,581.577634,2.0,0.4,1,2022,5,1
Toys,1191.77,5,44.55,Express,Wallet,61,Male,City73,3304.182325,1.5,1.0,0,2023,8,2
Clothing,872.97,1,48.39,Express,Credit Card,59,Female,City49,450.539817,1.5,0.2,1,2022,2,6
Clothing,881.03,3,1.78,Next-Day,Debit Card,58,Female,City68,2596.042998,2.0,0.6000000000000001,1,2025,8,3
Clothing,1312.73,2,36.03,Express,Wallet,51,Female,City100,1679.5067619999998,1.5,0.4,0,2023,7,3
Clothing,888.03,1,30.97,Standard,Wallet,61,Male,City23,613.007109,1.0,0.2,1,2022,12,6
Home Appliances,1186.47,5,48.94,Express,Credit Card,21,Female,City36,3029.05791,1.5,1.0,0,2024,10,3
Electronics,1341.93,1,24.97,Standard,Credit Card,20,Female,City46,1006.850079,1.0,0.2,0,2023,12,3
Clothing,1148.38,3,5.78,Next-Day,Credit Card,60,Male,City29,3246.0109080000007,2.0,0.6000000000000001,0,2023,10,1
Toys,253.61,4,28.28,Next-Day,Credit Card,30,Male,City41,727.5563680000001,2.0,0.8,0,2025,3,2
Electronics,1884.47,3,34.21,Next-Day,COD,38,Male,City41,3719.378439,2.0,0.6000000000000001,0,2022,1,6
Electronics,1078.45,3,33.29,Next-Day,COD,40,Female,City14,2158.3019850000005,2.0,0.6000000000000001,1,2025,1,5
Electronics,235.66,2,3.63,Express,Debit Card,48,Female,City41,454.211084,1.5,0.4,1,2024,10,5
Clothing,267.04,4,3.51,Standard,Credit Card,60,Male,City79,1030.667584,1.0,0.8,0,2024,3,3
Toys,650.84,3,27.39,Standard,Debit Card,58,Female,City39,1417.724772,1.0,0.6000000000000001,0,2023,6,3
Electronics,1110.32,5,10.14,Standard,COD,20,Male,City39,4988.667759999999,1.0,1.0,0,2025,6,6
Home Appliances,321.65,3,4.39,Express,Debit Card,55,Female,City2,922.588695,1.5,0.6000000000000001,0,2022,10,5
Clothing,1917.35,3,34.05,Express,COD,38,Male,City1,3793.476975,1.5,0.6000000000000001,0,2025,2,2
Toys,1143.68,3,4.81,Next-Day,Wallet,61,Female,City26,3266.006976,2.0,0.6000000000000001,0,2023,4,0
Toys,1103.19,4,25.9,Standard,COD,65,Female,City26,3269.85516,1.0,0.8,0,2022,8,2
Electronics,411.51,5,31.92,Standard,Wallet,59,Female,City40,1400.78004,1.0,1.0,1,2024,9,6
Books,1208.62,2,43.59,Next-Day,Debit Card,55,Male,City93,1363.565084,2.0,0.4,1,2022,6,0
Home Appliances,730.02,5,33.31,Next-Day,Wallet,60,Male,City58,2434.25169,2.0,1.0,0,2025,5,5
Clothing,812.31,3,16.94,Express,COD,21,Male,City41,2024.114058,1.5,0.6000000000000001,1,2024,5,3
Clothing,729.9,1,30.4,Express,Wallet,30,Male,City11,508.0104,1.5,0.2,0,2023,2,5
Clothing,263.61,2,31.32,Next-Day,Wallet,62,Male,City62,362.09469600000006,2.0,0.4,1,2022,5,5
Toys,798.82,5,27.1,Standard,Credit Card,20,Female,City74,2911.6989000000003,1.0,1.0,1,2022,1,0
Clothing,840.81,4,32.01,Standard,Wallet,57,Female,City69,2286.666876,1.0,0.8,0,2022,4,1
Electronics,495.43,1,24.66,Standard,COD,38,Male,City99,373.256962,1.0,0.2,0,2023,10,1
Home Appliances,589.22,1,37.39,Express,Wallet,23,Female,City54,368.910642,1.5,0.2,1,2023,8,5
Toys,364.28,2,38.22,Express,COD,48,Male,City81,450.104368,1.5,0.4,0,2023,6,5
Clothing,455.59,3,41.34,Standard,Credit Card,39,Male,City69,801.747282,1.0,0.6000000000000001,0,2022,8,0
Books,1430.92,3,47.25,Standard,Wallet,48,Male,City21,2264.4309000000003,1.0,0.6000000000000001,1,2022,10,2
Toys,1017.71,4,28.61,Express,Wallet,55,Female,City90,2906.172676,1.5,0.8,0,2024,4,2
Home Appliances,366.78,4,38.29,Next-Day,COD,65,Male,City86,905.359752,2.0,0.8,0,2024,6,5
Electronics,1567.78,4,34.04,Standard,Wallet,24,Female,City43,4136.430751999999,1.0,0.8,0,2024,10,2
Electronics,596.63,4,26.02,Next-Day,Wallet,27,Female,City25,1765.547496,2.0,0.8,0,2024,5,5
Books,550.92,5,35.42,Express,Credit Card,22,Male,City23,1778.9206799999995,1.5,1.0,0,2023,4,1
Books,747.22,4,44.9,Standard,Wallet,39,Male,City9,1646.87288,1.0,0.8,1,2023,7,2
Clothing,702.59,3,38.12,Next-Day,Credit Card,28,Male,City99,1304.288076,2.0,0.6000000000000001,1,2025,8,2
Electronics,597.85,5,23.53,Express,Wallet,40,Female,City23,2285.879475,1.5,1.0,0,2022,4,0
Books,909.62,2,24.27,Next-Day,Credit Card,64,Male,City76,1377.710452,2.0,0.4,0,2022,4,0
Electronics,1037.05,1,42.35,Standard,Credit Card,41,Male,City72,597.859325,1.0,0.2,0,2023,6,0
Electronics,308.28,3,6.29,Express,COD,58,Female,City48,866.667564,1.5,0.6000000000000001,0,2024,4,4
Clothing,1326.33,2,45.14,Next-Day,COD,64,Female,City43,1455.2492759999998,2.0,0.4,0,2022,6,0
Toys,1205.37,4,49.94,Next-Day,COD,45,Female,City83,2413.632888,2.0,0.8,0,2023,11,1
Books,124.4,3,16.29,Standard,Wallet,50,Female,City56,312.40572000000003,1.0,0.6000000000000001,1,2024,9,0
Home Appliances,623.4,2,29.46,Standard,Wallet,63,Female,City52,879.49272,1.0,0.4,0,2025,1,2
Clothing,549.25,4,17.19,Next-Day,Wallet,31,Female,City90,1819.3357,2.0,0.8,1,2024,4,3
Books,1683.86,2,33.53,Standard,Debit Card,32,Male,City9,2238.5234840000003,1.0,0.4,0,2023,8,1
Electronics,738.29,5,15.43,Standard,Debit Card,43,Female,City15,3121.859265,1.0,1.0,0,2024,9,6
Clothing,613.99,2,45.47,Standard,COD,25,Female,City69,669.617494,1.0,0.4,0,2023,10,4
Books,429.63,1,12.01,Next-Day,Wallet,25,Female,City79,378.031437,2.0,0.2,0,2022,5,3
Electronics,109.46,5,20.25,Standard,Wallet,61,Male,City27,436.47174999999993,1.0,1.0,0,2023,3,0
Home Appliances,732.19,5,32.35,Standard,COD,27,Male,City9,2476.6326750000003,1.0,1.0,1,2024,7,2
Clothing,635.43,4,22.29,Next-Day,Wallet,29,Male,City46,1975.170612,2.0,0.8,0,2023,10,2
Books,471.79,2,16.31,Express,Wallet,52,Female,City69,789.682102,1.5,0.4,0,2024,6,4
Clothing,1802.36,4,45.75,Standard,Debit Card,48,Male,City68,3911.1212,1.0,0.8,0,2024,10,3
Books,149.83,4,13.44,Next-Day,Debit Card,58,Female,City1,518.7713920000001,2.0,0.8,1,2022,1,4
Electronics,779.3,1,0.51,Next-Day,Wallet,21,Female,City85,775.32557,2.0,0.2,0,2023,10,0
Clothing,354.58,3,45.87,Next-Day,Credit Card,36,Female,City96,575.802462,2.0,0.6000000000000001,0,2023,5,4
Books,1026.61,2,37.91,Express,COD,25,Male,City38,1274.844298,1.5,0.4,0,2025,4,0
Clothing,262.36,3,3.59,Next-Day,Wallet,21,Male,City84,758.823828,2.0,0.6000000000000001,0,2024,12,3
Clothing,1112.8,2,33.4,Next-Day,Wallet,34,Female,City82,1482.2496,2.0,0.4,0,2022,6,6
Toys,550.72,2,26.68,Standard,Wallet,61,Female,City58,807.5758080000002,1.0,0.4,0,2025,7,2
Clothing,1889.76,3,34.06,Express,Credit Card,65,Female,City3,3738.323232,1.5,0.6000000000000001,0,2024,4,6
Clothing,1616.26,5,25.66,Standard,COD,24,Female,City87,6007.63842,1.0,1.0,1,2024,11,5
Toys,1439.98,5,21.89,Express,Wallet,56,Male,City61,5623.84189,1.5,1.0,0,2023,3,5
Clothing,1206.88,1,44.48,Standard,Debit Card,44,Male,City31,670.059776,1.0,0.2,1,2024,1,2
Electronics,938.74,4,25.52,Next-Day,Debit Card,44,Female,City10,2796.694208,2.0,0.8,1,2024,6,5
Toys,1345.39,1,18.11,Express,COD,25,Female,City15,1101.739871,1.5,0.2,1,2023,11,6
Books,422.35,4,39.34,Next-Day,Credit Card,25,Male,City95,1024.79004,2.0,0.8,0,2022,3,4
Clothing,1692.46,4,29.09,Next-Day,Credit Card,62,Male,City35,4800.493544000001,2.0,0.8,0,2025,6,1
Clothing,1239.6,2,10.78,Next-Day,Wallet,59,Male,City94,2211.94224,2.0,0.4,0,2024,6,3
Books,1211.33,2,8.83,Standard,Wallet,20,Male,City28,2208.739122,1.0,0.4,0,2022,9,3
Clothing,1298.06,4,1.0,Standard,COD,30,Female,City54,5140.317599999999,1.0,0.8,0,2025,1,6
Clothing,1767.88,2,37.17,Standard,COD,62,Male,City12,2221.518008,1.0,0.4,1,2024,2,5
Books,1435.83,3,22.33,Express,Debit Card,46,Male,City78,3345.627483,1.5,0.6000000000000001,0,2024,3,1
Home Appliances,1780.83,5,20.92,Next-Day,Debit Card,27,Female,City32,7041.401819999999,2.0,1.0,0,2023,6,4
Electronics,1898.16,3,11.03,Express,Wallet,24,Male,City59,5066.378856,1.5,0.6000000000000001,0,2022,10,3
Clothing,1909.65,2,26.93,Next-Day,Credit Card,47,Male,City96,2790.76251,2.0,0.4,0,2022,1,3
Toys,1230.55,2,4.31,Next-Day,Credit Card,39,Male,City12,2355.02659,2.0,0.4,0,2023,11,5
Clothing,1002.53,3,17.12,Next-Day,Credit Card,60,Male,City64,2492.690592,2.0,0.6000000000000001,0,2022,11,4
Toys,480.42,3,49.24,Next-Day,Wallet,25,Female,City79,731.5835760000001,2.0,0.6000000000000001,0,2023,12,6
Books,1249.28,5,38.66,Express,COD,51,Male,City69,3831.54176,1.5,1.0,0,2023,5,1
Home Appliances,784.44,5,9.16,Standard,Credit Card,34,Male,City97,3562.92648,1.0,1.0,0,2025,1,4
Clothing,1025.16,2,39.26,Standard,COD,53,Male,City93,1245.364368,1.0,0.4,0,2025,1,5
Clothing,1734.34,2,42.15,Express,Wallet,31,Female,City65,2006.63138,1.5,0.4,0,2023,4,3
Home Appliances,1530.83,3,24.98,Standard,Wallet,62,Male,City82,3445.285998,1.0,0.6000000000000001,0,2022,12,6
Toys,1671.52,1,24.92,Express,Debit Card,46,Female,City5,1254.977216,1.5,0.2,0,2024,7,2
Clothing,1803.4,3,13.38,Standard,Wallet,48,Male,City86,4686.315240000001,1.0,0.6000000000000001,0,2025,5,5
Books,1228.72,5,42.31,Standard,Credit Card,20,Male,City33,3544.24284,1.0,1.0,0,2025,6,4
Clothing,881.41,1,43.21,Standard,Debit Card,54,Female,City67,500.552739,1.0,0.2,1,2023,11,5
Electronics,1057.91,2,16.59,Next-Day,Credit Card,26,Male,City87,1764.8054620000005,2.0,0.4,0,2024,8,2
Clothing,204.35,3,4.01,Next-Day,COD,33,Male,City65,588.466695,2.0,0.6000000000000001,0,2023,6,1
Clothing,1495.32,1,9.79,Standard,COD,19,Female,City14,1348.928172,1.0,0.2,0,2023,11,5
Toys,1780.27,2,48.92,Standard,Debit Card,38,Male,City50,1818.723832,1.0,0.4,1,2022,4,1
Toys,907.48,4,4.4,Standard,Wallet,40,Male,City91,3470.20352,1.0,0.8,0,2025,1,1
Electronics,438.49,5,40.58,Next-Day,Wallet,41,Male,City13,1302.75379,2.0,1.0,1,2022,7,3
Clothing,1078.9,4,4.08,Express,Debit Card,42,Male,City69,4139.523520000001,1.5,0.8,1,2023,3,1
Clothing,1558.16,1,24.8,Next-Day,Debit Card,59,Female,City20,1171.73632,2.0,0.2,1,2025,5,4
Clothing,499.43,4,49.97,Express,Debit Card,35,Female,City19,999.459316,1.5,0.8,1,2022,4,3
Books,276.56,5,9.74,Next-Day,Wallet,30,Male,City12,1248.11528,2.0,1.0,0,2022,2,0
Electronics,1036.86,5,32.8,Standard,Wallet,65,Female,City59,3483.8496,1.0,1.0,0,2023,9,4
Clothing,1663.22,4,20.28,Express,COD,46,Male,City8,5303.675936000001,1.5,0.8,0,2025,5,6
Electronics,1979.22,3,19.76,Standard,Debit Card,40,Male,City24,4764.378384,1.0,0.6000000000000001,0,2023,11,3
Clothing,403.8,2,47.96,Standard,Debit Card,50,Male,City2,420.27504,1.0,0.4,0,2025,3,0
Toys,1982.5,2,12.63,Standard,Wallet,29,Male,City18,3464.2205,1.0,0.4,1,2024,9,5
Electronics,1665.35,4,35.81,Express,Wallet,42,Female,City83,4275.952659999999,1.5,0.8,0,2023,10,2
Electronics,1319.66,1,22.33,Standard,Debit Card,43,Male,City20,1024.9799220000002,1.0,0.2,1,2022,4,6
Electronics,1187.03,5,10.74,Standard,Credit Card,48,Female,City61,5297.71489,1.0,1.0,0,2023,12,6
Electronics,1948.08,3,28.66,Express,Wallet,63,Female,City87,4169.280816,1.5,0.6000000000000001,0,2025,1,5
Books,1535.84,1,16.68,Express,Credit Card,62,Male,City34,1279.661888,1.5,0.2,0,2025,5,2
Clothing,1431.22,4,20.99,Express,COD,64,Male,City75,4523.227688,1.5,0.8,1,2025,2,0
Books,1186.7,1,11.45,Next-Day,Debit Card,18,Female,City77,1050.82285,2.0,0.2,0,2025,7,3
Clothing,668.67,4,34.88,Next-Day,COD,24,Female,City91,1741.7516159999998,2.0,0.8,0,2024,10,3
Electronics,967.22,5,24.45,Express,Wallet,41,Female,City48,3653.67355,1.5,1.0,0,2022,1,5
Toys,580.27,4,8.93,Express,COD,40,Female,City73,2113.807556,1.5,0.8,0,2025,6,0
Electronics,871.27,2,36.28,Next-Day,Credit Card,19,Female,City34,1110.346488,2.0,0.4,1,2022,1,5
Books,700.4,3,24.39,Express,Debit Card,43,Female,City89,1588.7173199999995,1.5,0.6000000000000001,0,2022,5,5
Clothing,978.13,4,17.81,Standard,Credit Card,45,Male,City16,3215.7001880000003,1.0,0.8,0,2022,8,2
Clothing,1725.07,2,13.77,Next-Day,Wallet,61,Female,City75,2975.055722,2.0,0.4,0,2023,5,1
Electronics,260.11,3,18.5,Standard,Wallet,47,Female,City51,635.96895,1.0,0.6000000000000001,0,2025,4,4
Books,1730.93,3,17.01,Next-Day,Wallet,21,Female,City63,4309.496421,2.0,0.6000000000000001,0,2022,7,6
Books,1721.64,3,44.03,Next-Day,Credit Card,31,Female,City33,2890.805724,2.0,0.6000000000000001,1,2024,3,6
Clothing,1172.23,4,1.69,Standard,COD,24,Male,City68,4609.677252,1.0,0.8,1,2024,5,3
Clothing,1020.19,1,43.54,Express,COD,59,Male,City44,575.999274,1.5,0.2,1,2022,3,6
Toys,1033.99,3,26.95,Express,COD,32,Female,City86,2265.989085,1.5,0.6000000000000001,1,2024,4,2
Electronics,106.98,2,15.13,Next-Day,COD,40,Male,City7,181.587852,2.0,0.4,0,2022,12,2
Books,901.07,1,7.11,Next-Day,COD,19,Male,City93,837.0039230000001,2.0,0.2,0,2025,6,4
Electronics,1376.69,3,26.4,Standard,Credit Card,62,Female,City52,3039.73152,1.0,0.6000000000000001,0,2023,12,0
Clothing,1719.25,2,39.8,Express,Credit Card,27,Female,City41,2069.9770000000003,1.5,0.4,1,2024,1,0
Clothing,1002.36,3,30.71,Express,COD,31,Male,City8,2083.605732,1.5,0.6000000000000001,0,2022,4,0
Toys,1296.78,2,20.58,Standard,Debit Card,32,Female,City35,2059.805352,1.0,0.4,1,2023,10,5
Home Appliances,492.31,3,35.6,Next-Day,Wallet,53,Male,City92,951.14292,2.0,0.6000000000000001,1,2024,3,2
Electronics,1824.12,3,8.95,Next-Day,COD,58,Female,City42,4982.58378,2.0,0.6000000000000001,0,2023,10,6
Electronics,652.14,4,0.73,Standard,COD,31,Male,City38,2589.517512,1.0,0.8,0,2022,6,4
Books,1221.61,3,15.66,Standard,Credit Card,64,Female,City33,3090.917622,1.0,0.6000000000000001,0,2023,6,0
Clothing,434.38,1,19.22,Next-Day,Wallet,48,Male,City41,350.89216400000004,2.0,0.2,0,2023,4,5
Books,458.83,5,31.4,Standard,Credit Card,42,Male,City87,1573.7868999999998,1.0,1.0,1,2025,7,3
Clothing,1097.25,4,39.28,Standard,Credit Card,64,Male,City72,2665.0008,1.0,0.8,0,2024,2,6
Clothing,1366.22,3,4.49,Express,Debit Card,42,Male,City2,3914.630166,1.5,0.6000000000000001,1,2023,5,5
Home Appliances,958.16,2,32.18,Standard,Debit Card,56,Female,City62,1299.648224,1.0,0.4,0,2023,9,4
Clothing,1773.9,4,33.41,Next-Day,Credit Card,60,Female,City85,4724.960040000001,2.0,0.8,1,2023,1,3
Toys,1449.38,5,19.84,Standard,Debit Card,56,Female,City16,5809.115040000001,1.0,1.0,1,2023,8,5
Clothing,641.7,3,25.18,Express,Wallet,51,Female,City98,1440.35982,1.5,0.6000000000000001,0,2023,4,5
Toys,1080.26,1,29.13,Next-Day,COD,45,Female,City87,765.580262,2.0,0.2,0,2023,7,5
Home Appliances,726.96,1,35.99,Next-Day,Debit Card,60,Male,City78,465.327096,2.0,0.2,1,2023,9,6
Electronics,298.84,3,41.66,Next-Day,COD,35,Female,City14,523.029768,2.0,0.6000000000000001,0,2024,12,5
Home Appliances,1867.36,2,44.36,Standard,Credit Card,32,Male,City42,2077.998208,1.0,0.4,1,2022,8,1
Clothing,325.31,1,36.72,Standard,Credit Card,22,Female,City70,205.856168,1.0,0.2,1,2023,12,2
Clothing,141.57,3,27.93,Standard,COD,36,Female,City44,306.088497,1.0,0.6000000000000001,1,2023,7,2
Electronics,1567.77,2,47.45,Standard,Debit Card,20,Male,City76,1647.72627,1.0,0.4,0,2025,7,1
Toys,1733.98,4,5.4,Standard,Wallet,51,Male,City76,6561.380319999999,1.0,0.8,0,2024,10,0
Clothing,949.66,2,25.66,Express,Wallet,64,Male,City5,1411.954488,1.5,0.4,1,2025,6,3
Toys,1816.23,3,34.29,Express,Credit Card,29,Female,City95,3580.3341990000004,1.5,0.6000000000000001,0,2022,2,6
Books,1434.03,3,28.38,Standard,COD,58,Female,City68,3081.156858,1.0,0.6000000000000001,0,2022,12,4
Electronics,1834.94,4,44.81,Express,COD,45,Male,City16,4050.813544000001,1.5,0.8,0,2024,1,5
Toys,435.88,2,44.98,Standard,Wallet,60,Male,City35,479.642352,1.0,0.4,1,2022,6,2
Clothing,1024.28,2,23.7,Express,COD,46,Female,City98,1563.05128,1.5,0.4,0,2022,9,3
Clothing,1301.33,4,3.32,Standard,Wallet,59,Male,City4,5032.503376,1.0,0.8,0,2022,12,6
Electronics,127.43,1,45.59,Next-Day,Credit Card,53,Male,City27,69.334663,2.0,0.2,1,2024,10,2
Clothing,313.3,4,43.57,Next-Day,Credit Card,63,Female,City27,707.1807600000001,2.0,0.8,1,2022,11,1
Electronics,900.17,2,20.19,Next-Day,Debit Card,48,Male,City85,1436.851354,2.0,0.4,1,2025,2,5
Electronics,598.3,2,5.95,Next-Day,Debit Card,30,Female,City91,1125.4023,2.0,0.4,0,2022,9,1
Clothing,1035.01,2,5.08,Next-Day,Wallet,45,Female,City33,1964.862984,2.0,0.4,0,2023,5,5
Toys,1147.98,4,10.29,Standard,Credit Card,48,Male,City51,4119.411432,1.0,0.8,0,2024,4,0
Clothing,585.98,1,35.06,Express,Wallet,25,Male,City83,380.535412,1.5,0.2,0,2022,10,5
Toys,1945.64,2,37.7,Express,COD,31,Male,City34,2424.26744,1.5,0.4,0,2024,10,5
Toys,1161.79,3,25.48,Express,Wallet,23,Male,City27,2597.297724,1.5,0.6000000000000001,1,2025,2,2
Electronics,1872.96,2,25.31,Standard,COD,63,Female,City17,2797.827648,1.0,0.4,1,2025,5,2
Toys,972.8,3,45.6,Next-Day,COD,47,Female,City67,1587.6096,2.0,0.6000000000000001,1,2022,3,0
Electronics,1652.26,4,15.1,Standard,COD,58,Female,City82,5611.07496,1.0,0.8,0,2023,4,0
Books,1905.43,5,49.74,Express,Wallet,26,Female,City37,4788.345589999999,1.5,1.0,0,2023,1,4
Electronics,1154.32,1,6.77,Express,Credit Card,56,Male,City12,1076.172536,1.5,0.2,1,2024,2,5
Clothing,544.0,5,9.9,Express,Credit Card,45,Male,City67,2450.7200000000003,1.5,1.0,0,2024,1,6
Electronics,407.08,4,4.38,Standard,COD,52,Male,City44,1556.999584,1.0,0.8,0,2023,6,1
Home Appliances,1044.66,4,37.68,Standard,Wallet,42,Female,City94,2604.128448,1.0,0.8,0,2023,12,5
Electronics,220.32,3,49.75,Standard,Credit Card,27,Male,City4,332.1324,1.0,0.6000000000000001,0,2025,7,1
Clothing,191.62,3,47.72,Standard,Wallet,54,Male,City54,300.53680799999995,1.0,0.6000000000000001,0,2024,12,3
Clothing,980.81,2,31.4,Next-Day,Credit Card,34,Female,City68,1345.67132,2.0,0.4,0,2023,12,5
Clothing,920.05,5,27.06,Standard,COD,62,Male,City23,3355.4223500000003,1.0,1.0,1,2025,7,4
Clothing,749.88,3,10.25,Standard,Debit Card,24,Male,City22,2019.0519,1.0,0.6000000000000001,1,2025,5,5
Home Appliances,1278.4,5,41.57,Next-Day,Credit Card,24,Male,City37,3734.8456,2.0,1.0,1,2023,2,2
Electronics,1295.33,5,18.38,Next-Day,Wallet,38,Female,City89,5286.24173,2.0,1.0,0,2024,2,1
Clothing,886.54,1,23.22,Standard,Wallet,29,Female,City45,680.685412,1.0,0.2,0,2022,8,1
Clothing,1461.06,2,0.57,Express,Wallet,61,Female,City54,2905.463916,1.5,0.4,0,2025,3,3
Electronics,409.83,2,12.26,Express,Credit Card,49,Female,City59,719.169684,1.5,0.4,1,2024,10,1
Toys,992.58,5,46.97,Next-Day,Wallet,63,Male,City100,2631.82587,2.0,1.0,1,2024,1,5
Clothing,1160.42,5,31.92,Express,Debit Card,43,Male,City45,3950.06968,1.5,1.0,0,2024,6,4
Clothing,683.98,4,43.13,Next-Day,Debit Card,34,Male,City23,1555.917704,2.0,0.8,0,2024,3,6
Clothing,1092.08,2,35.77,Next-Day,Credit Card,37,Female,City69,1402.8859679999998,2.0,0.4,1,2023,1,4
Books,760.74,2,12.09,Standard,Credit Card,30,Male,City19,1337.533068,1.0,0.4,1,2024,4,1
Electronics,1860.9,5,46.91,Standard,Debit Card,18,Female,City34,4939.759050000001,1.0,1.0,0,2025,5,0
Electronics,301.95,5,48.86,Express,Credit Card,34,Male,City53,772.0861500000001,1.5,1.0,1,2025,6,4
Books,1775.83,3,16.8,Express,COD,32,Female,City85,4432.47168,1.5,0.6000000000000001,0,2024,11,3
Books,381.08,3,6.74,Next-Day,Wallet,48,Male,City55,1066.185624,2.0,0.6000000000000001,0,2022,3,4
Electronics,1694.81,5,6.4,Express,Debit Card,31,Female,City24,7931.710799999999,1.5,1.0,0,2023,6,3
Electronics,1214.99,4,18.96,Express,Debit Card,28,Male,City94,3938.511584,1.5,0.8,0,2024,3,6
Clothing,1819.71,2,44.6,Express,COD,64,Male,City80,2016.23868,1.5,0.4,0,2022,1,0
Home Appliances,457.45,4,19.11,Standard,Debit Card,50,Male,City42,1480.12522,1.0,0.8,0,2022,7,1
Clothing,386.6,1,17.14,Express,Wallet,23,Female,City81,320.33676,1.5,0.2,0,2025,1,4
Clothing,156.17,3,17.35,Standard,Credit Card,23,Male,City86,387.223515,1.0,0.6000000000000001,0,2022,3,6
Clothing,490.98,3,14.92,Standard,COD,31,Female,City39,1253.1773520000002,1.0,0.6000000000000001,0,2022,4,5
Clothing,1386.22,1,46.93,Express,Wallet,35,Female,City56,735.6669539999999,1.5,0.2,1,2024,5,1
Home Appliances,1003.25,2,3.08,Express,COD,44,Male,City92,1944.6998,1.5,0.4,1,2023,7,2
Clothing,533.24,1,16.36,Express,Wallet,49,Male,City26,446.001936,1.5,0.2,1,2024,11,2
Toys,1235.61,1,2.54,Standard,COD,29,Male,City48,1204.225506,1.0,0.2,0,2024,9,1
Electronics,1614.27,4,0.5,Next-Day,Wallet,58,Male,City97,6424.7946,2.0,0.8,0,2024,10,6
Electronics,897.98,3,45.34,Standard,Credit Card,42,Male,City30,1472.507604,1.0,0.6000000000000001,0,2024,1,5
Clothing,493.49,1,25.16,Next-Day,Debit Card,62,Female,City88,369.327916,2.0,0.2,0,2023,5,2
Toys,861.25,5,33.48,Express,COD,58,Female,City20,2864.5175,1.5,1.0,0,2023,5,0
Toys,523.8,5,34.92,Standard,Wallet,33,Female,City33,1704.4452,1.0,1.0,0,2023,10,1
Clothing,885.14,5,43.62,Express,Credit Card,55,Male,City6,2495.2096600000004,1.5,1.0,0,2024,9,1
Clothing,521.92,1,31.81,Standard,Debit Card,46,Male,City73,355.89724799999993,1.0,0.2,0,2025,3,0
Books,1478.27,1,19.82,Express,Credit Card,25,Male,City90,1185.276886,1.5,0.2,1,2023,1,5
Clothing,1133.18,3,17.02,Express,COD,31,Male,City37,2820.938292,1.5,0.6000000000000001,0,2022,10,5
Electronics,184.49,5,45.15,Standard,Debit Card,56,Female,City28,505.963825,1.0,1.0,0,2022,6,1
Electronics,352.01,4,23.84,Next-Day,Credit Card,63,Female,City19,1072.363264,2.0,0.8,0,2025,6,6
Toys,1722.44,5,48.17,Express,Credit Card,19,Male,City10,4463.70326,1.5,1.0,0,2025,6,0
Clothing,1045.17,4,1.73,Express,Debit Card,59,Female,City56,4108.354236,1.5,0.8,1,2024,8,2
Electronics,412.83,3,16.56,Standard,Credit Card,52,Male,City87,1033.396056,1.0,0.6000000000000001,1,2023,7,0
Toys,1602.53,4,35.05,Next-Day,COD,40,Female,City90,4163.372939999999,2.0,0.8,0,2025,5,1
Clothing,1190.21,5,31.02,Express,COD,51,Male,City21,4105.03429,1.5,1.0,0,2025,8,6
Toys,1814.27,5,45.66,Express,Credit Card,45,Female,City75,4929.371590000002,1.5,1.0,0,2022,9,5
Home Appliances,807.65,2,11.53,Express,COD,60,Male,City77,1429.05591,1.5,0.4,0,2025,1,1
Books,1905.23,1,23.65,Standard,Debit Card,22,Female,City60,1454.643105,1.0,0.2,0,2022,8,0
Electronics,614.02,4,29.99,Standard,COD,33,Male,City44,1719.5016079999998,1.0,0.8,0,2023,9,5
Clothing,669.98,4,34.41,Standard,Wallet,50,Male,City95,1757.759528,1.0,0.8,0,2022,8,3
Clothing,1064.65,4,20.44,Express,COD,63,Male,City26,3388.1421600000003,1.5,0.8,0,2025,6,2
Clothing,635.35,5,31.05,Standard,Credit Card,63,Male,City77,2190.369125,1.0,1.0,0,2022,6,3
Clothing,1672.95,3,37.19,Next-Day,Debit Card,19,Female,City90,3152.339685000001,2.0,0.6000000000000001,0,2024,12,6
Clothing,1137.24,1,18.16,Next-Day,Wallet,55,Male,City55,930.717216,2.0,0.2,1,2022,7,2
Home Appliances,422.74,3,35.75,Standard,Debit Card,25,Male,City43,814.8313500000002,1.0,0.6000000000000001,0,2022,6,2
Clothing,1774.06,5,2.11,Express,Wallet,57,Male,City35,8683.13667,1.5,1.0,0,2022,12,0
Home Appliances,633.89,2,16.04,Next-Day,COD,38,Female,City20,1064.428088,2.0,0.4,0,2024,8,4
Toys,1435.65,2,39.4,Standard,Debit Card,58,Female,City75,1740.0078000000003,1.0,0.4,0,2023,8,3
Clothing,1033.32,3,3.12,Standard,COD,62,Male,City6,3003.241248,1.0,0.6000000000000001,0,2022,2,5
Electronics,687.97,4,38.51,Next-Day,Wallet,43,Male,City71,1692.131012,2.0,0.8,0,2022,11,4
Electronics,916.45,1,21.91,Standard,COD,54,Female,City57,715.6558050000001,1.0,0.2,0,2025,7,4
Clothing,1713.91,1,1.29,Express,Debit Card,38,Female,City17,1691.800561,1.5,0.2,0,2023,12,2
Clothing,1429.4,2,33.59,Next-Day,Wallet,25,Male,City7,1898.52908,2.0,0.4,1,2023,7,4
Clothing,1671.95,5,23.69,Standard,COD,50,Male,City48,6379.325225,1.0,1.0,0,2025,8,1
Toys,1806.72,3,1.84,Express,Credit Card,63,Male,City35,5320.429056,1.5,0.6000000000000001,1,2025,6,1
Books,183.4,2,40.13,Next-Day,Credit Card,63,Male,City93,219.60316,2.0,0.4,0,2022,11,4
Clothing,1566.14,2,35.67,Standard,Credit Card,44,Male,City99,2014.995724,1.0,0.4,0,2022,1,4
Clothing,1223.34,2,17.75,Next-Day,Wallet,33,Female,City26,2012.3943,2.0,0.4,0,2024,9,3
Clothing,1505.65,1,44.07,Express,Credit Card,45,Male,City83,842.1100450000001,1.5,0.2,1,2024,5,1
Electronics,716.17,4,13.26,Next-Day,Credit Card,39,Male,City64,2484.823432,2.0,0.8,1,2025,7,2
Clothing,916.47,5,16.29,Next-Day,Debit Card,18,Female,City96,3835.885185,2.0,1.0,0,2024,11,1
Clothing,937.71,1,9.86,Express,Wallet,23,Male,City67,845.251794,1.5,0.2,0,2023,10,2
Electronics,1680.43,5,12.74,Express,Debit Card,60,Male,City83,7331.71609,1.5,1.0,0,2025,5,1
Books,380.85,1,32.49,Next-Day,Credit Card,28,Male,City63,257.11183500000004,2.0,0.2,0,2025,7,0
Electronics,160.09,3,49.37,Standard,Wallet,50,Female,City77,243.160701,1.0,0.6000000000000001,0,2023,3,3
Clothing,1952.4,4,38.85,Next-Day,Wallet,21,Female,City43,4775.5704,2.0,0.8,1,2024,7,1
Clothing,165.98,3,44.58,Express,Debit Card,24,Female,City2,275.958348,1.5,0.6000000000000001,0,2022,3,0
Clothing,916.94,2,25.43,Express,Debit Card,42,Male,City11,1367.5243160000002,1.5,0.4,1,2025,6,6
Home Appliances,216.45,5,32.92,Express,Wallet,50,Male,City98,725.9733000000001,1.5,1.0,0,2025,3,2
Books,1392.72,4,5.11,Next-Day,Wallet,50,Female,City55,5286.208032,2.0,0.8,0,2022,1,0
Toys,785.76,4,36.88,Express,Wallet,60,Male,City45,1983.886848,1.5,0.8,0,2022,12,1
Clothing,1662.52,4,16.91,Express,Wallet,56,Female,City25,5525.551472,1.5,0.8,1,2025,1,3
Books,675.87,4,39.1,Next-Day,Credit Card,40,Male,City17,1646.41932,2.0,0.8,0,2023,11,1
Home Appliances,938.11,1,18.78,Standard,Debit Card,46,Male,City66,761.932942,1.0,0.2,1,2023,10,0
Electronics,1612.02,3,3.7,Express,Credit Card,58,Female,City36,4657.125779999999,1.5,0.6000000000000001,0,2024,3,4
Home Appliances,361.86,3,37.44,Standard,Wallet,43,Female,City73,679.138848,1.0,0.6000000000000001,0,2023,5,1
Clothing,847.58,1,49.39,Standard,Wallet,48,Female,City58,428.960238,1.0,0.2,0,2023,9,3
Clothing,1018.78,5,11.84,Standard,Debit Card,52,Male,City3,4490.78224,1.0,1.0,0,2023,6,2
Toys,940.74,1,6.49,Express,Credit Card,56,Female,City14,879.6859740000001,1.5,0.2,0,2024,3,6
Toys,1146.36,3,25.29,Next-Day,Wallet,30,Male,City3,2569.336668,2.0,0.6000000000000001,0,2024,12,2
Electronics,1010.39,3,17.78,Standard,COD,61,Female,City87,2492.2279740000004,1.0,0.6000000000000001,0,2024,11,1
Books,1115.39,1,23.03,Next-Day,Debit Card,43,Male,City86,858.5156830000001,2.0,0.2,0,2023,10,5
Home Appliances,167.96,3,36.24,Standard,Wallet,65,Male,City1,321.27388799999994,1.0,0.6000000000000001,1,2023,8,0
Books,964.61,2,1.16,Next-Day,Wallet,44,Male,City34,1906.841048,2.0,0.4,0,2024,8,4
Clothing,697.11,1,39.5,Standard,Credit Card,25,Female,City45,421.75155,1.0,0.2,1,2025,6,1
Electronics,1120.21,1,7.0,Standard,COD,49,Male,City70,1041.7953,1.0,0.2,0,2025,8,5
Toys,861.56,3,16.12,Express,COD,45,Female,City86,2168.029584,1.5,0.6000000000000001,0,2023,2,1
Clothing,1750.03,2,4.4,Next-Day,Wallet,57,Male,City46,3346.05736,2.0,0.4,1,2022,5,4
Electronics,757.98,4,24.74,Express,COD,45,Female,City23,2281.8229920000003,1.5,0.8,0,2023,7,0
Clothing,1873.74,3,8.94,Standard,Debit Card,58,Female,City29,5118.682932,1.0,0.6000000000000001,0,2022,2,3
Clothing,1119.35,3,4.15,Next-Day,Credit Card,45,Female,City26,3218.690925,2.0,0.6000000000000001,0,2022,3,1
Toys,938.58,4,25.4,Express,Wallet,32,Male,City41,2800.72272,1.5,0.8,0,2023,1,1
Toys,416.74,1,22.71,Express,Wallet,20,Male,City61,322.098346,1.5,0.2,1,2024,9,4
Clothing,1580.21,4,43.81,Express,Debit Card,41,Female,City57,3551.679996,1.5,0.8,0,2024,2,0
Toys,1593.62,2,39.88,Express,Wallet,24,Female,City59,1916.168688,1.5,0.4,0,2024,10,3
Books,1587.23,1,35.2,Express,COD,39,Female,City74,1028.5250399999998,1.5,0.2,1,2024,8,1
Books,1258.66,1,15.6,Express,COD,65,Female,City62,1062.30904,1.5,0.2,1,2022,2,5
Books,1826.62,4,16.95,Next-Day,COD,18,Female,City34,6068.03164,2.0,0.8,1,2022,5,6
Clothing,513.54,5,3.52,Express,Wallet,32,Female,City57,2477.31696,1.5,1.0,1,2022,2,3
Clothing,253.63,3,48.2,Standard,Credit Card,53,Female,City93,394.14102,1.0,0.6000000000000001,0,2024,3,1
Toys,1475.64,1,3.48,Express,Credit Card,25,Male,City16,1424.2877280000002,1.5,0.2,0,2023,4,5
Books,698.62,4,35.14,Next-Day,Wallet,40,Male,City51,1812.499728,2.0,0.8,0,2022,4,0
Electronics,1961.87,1,26.31,Next-Day,Wallet,23,Female,City5,1445.702003,2.0,0.2,0,2022,5,0
Electronics,1100.2,4,11.33,Standard,Credit Card,19,Male,City78,3902.18936,1.0,0.8,0,2023,2,4
Toys,122.52,2,15.41,Next-Day,Debit Card,29,Female,City100,207.279336,2.0,0.4,0,2025,1,5
Books,1336.76,4,32.63,Next-Day,Debit Card,37,Male,City22,3602.300848,2.0,0.8,0,2025,7,6
Clothing,1398.48,2,43.86,Standard,Wallet,28,Female,City25,1570.213344,1.0,0.4,0,2025,6,6
Books,385.35,1,25.17,Next-Day,Debit Card,48,Female,City59,288.357405,2.0,0.2,0,2024,12,1
Electronics,967.89,4,16.96,Standard,Debit Card,34,Male,City16,3214.943424,1.0,0.8,0,2023,12,5
Electronics,1041.56,1,34.55,Next-Day,Debit Card,40,Female,City28,681.7010200000001,2.0,0.2,0,2022,8,3
Electronics,1959.15,5,44.44,Next-Day,Credit Card,31,Female,City57,5442.5187000000005,2.0,1.0,1,2022,6,5
Electronics,383.26,1,44.01,Express,Debit Card,39,Female,City45,214.587274,1.5,0.2,0,2022,9,4
Electronics,1911.84,3,19.12,Express,Credit Card,31,Male,City76,4638.888575999999,1.5,0.6000000000000001,0,2025,6,1
Home Appliances,381.3,3,24.18,Next-Day,Debit Card,32,Male,City92,867.30498,2.0,0.6000000000000001,0,2025,7,5
Clothing,1294.18,4,37.02,Express,Wallet,29,Male,City17,3260.298256,1.5,0.8,0,2022,1,5
Toys,1635.78,5,27.49,Next-Day,Wallet,24,Female,City79,5930.520390000001,2.0,1.0,0,2023,2,5
Books,310.45,1,32.11,Standard,Wallet,44,Male,City58,210.764505,1.0,0.2,0,2025,4,6
Clothing,1675.62,3,20.23,Express,Wallet,28,Male,City90,4009.926222,1.5,0.6000000000000001,1,2022,2,1
Electronics,189.98,5,16.36,Standard,Debit Card,65,Male,City83,794.49636,1.0,1.0,0,2022,12,4
Home Appliances,385.4,4,31.58,Express,COD,57,Male,City85,1054.76272,1.5,0.8,1,2023,9,6
Books,675.49,4,30.49,Standard,Debit Card,45,Female,City33,1878.132396,1.0,0.8,1,2025,1,0
Books,847.14,4,29.24,Express,Debit Card,48,Female,City13,2397.745056,1.5,0.8,0,2023,10,5
Clothing,1439.46,1,9.04,Express,Debit Card,39,Female,City95,1309.332816,1.5,0.2,0,2023,6,3
Home Appliances,1841.92,3,37.09,Express,Wallet,47,Male,City10,3476.255616,1.5,0.6000000000000001,0,2023,9,3
Books,1731.99,5,24.59,Express,Wallet,43,Male,City94,6530.468295000001,1.5,1.0,0,2023,3,1
Clothing,1040.49,5,31.04,Express,COD,58,Female,City67,3587.60952,1.5,1.0,0,2022,5,2
Books,1743.3,5,7.88,Standard,Wallet,41,Male,City63,8029.6398,1.0,1.0,0,2022,6,5
Clothing,615.25,2,40.83,Next-Day,COD,25,Female,City11,728.08685,2.0,0.4,0,2023,10,1
Home Appliances,1929.43,2,23.25,Express,Credit Card,23,Male,City89,2961.67505,1.5,0.4,0,2023,11,4
Books,1592.22,5,50.0,Next-Day,Debit Card,40,Female,City21,3980.55,2.0,1.0,0,2023,9,5
Books,370.23,4,2.14,Express,COD,45,Female,City67,1449.2283120000002,1.5,0.8,0,2024,11,0
Clothing,942.89,3,39.59,Next-Day,Wallet,63,Male,City1,1708.7995469999998,2.0,0.6000000000000001,0,2024,5,2
Clothing,426.39,3,14.78,Standard,Credit Card,54,Female,City28,1090.108674,1.0,0.6000000000000001,0,2025,2,0
Toys,310.65,1,48.53,Express,COD,52,Female,City100,159.89155499999995,1.5,0.2,0,2024,7,1
Electronics,224.69,4,26.04,Standard,Credit Card,22,Male,City39,664.722896,1.0,0.8,0,2022,8,3
Electronics,926.35,2,24.23,Standard,COD,24,Male,City17,1403.79079,1.0,0.4,0,2023,4,4
Toys,576.76,5,0.09,Express,Debit Card,50,Female,City96,2881.20458,1.5,1.0,0,2022,9,1
Clothing,1852.78,3,10.75,Express,Debit Card,56,Male,City46,4960.81845,1.5,0.6000000000000001,0,2023,10,1
Books,185.08,3,15.18,Next-Day,Credit Card,37,Female,City29,470.95456800000005,2.0,0.6000000000000001,0,2022,4,4
Electronics,596.33,1,43.29,Next-Day,COD,35,Female,City84,338.178743,2.0,0.2,0,2025,8,0
Electronics,1408.09,5,13.4,Next-Day,Debit Card,51,Male,City94,6097.0297,2.0,1.0,0,2023,4,4
Electronics,1037.72,4,42.01,Express,Credit Card,46,Female,City46,2407.0953120000004,1.5,0.8,0,2023,1,4
Clothing,1630.22,3,46.13,Standard,Debit Card,24,Male,City40,2634.598542,1.0,0.6000000000000001,0,2023,2,1
Electronics,1296.73,2,39.79,Express,Credit Card,64,Female,City62,1561.5222660000002,1.5,0.4,1,2022,8,4
Electronics,1212.86,2,34.83,Express,Debit Card,18,Male,City69,1580.8417239999997,1.5,0.4,0,2023,5,3
Clothing,203.64,5,28.15,Standard,Wallet,44,Female,City50,731.5767,1.0,1.0,0,2023,4,2
Books,872.67,2,34.82,Standard,Debit Card,37,Male,City22,1137.612612,1.0,0.4,0,2025,4,6
Home Appliances,1870.32,4,1.66,Express,COD,55,Female,City97,7357.090752,1.5,0.8,0,2024,12,3
Toys,204.09,2,10.2,Next-Day,Wallet,40,Female,City94,366.54564,2.0,0.4,0,2023,7,5
Electronics,1700.78,2,31.34,Standard,Wallet,47,Female,City91,2335.511096,1.0,0.4,1,2024,6,5
Books,1463.73,5,7.26,Express,Debit Card,49,Male,City86,6787.31601,1.5,1.0,0,2022,1,1
Clothing,807.98,2,35.0,Next-Day,Wallet,32,Male,City83,1050.374,2.0,0.4,0,2024,6,5
Clothing,189.06,2,4.51,Next-Day,Wallet,19,Female,City38,361.066788,2.0,0.4,0,2023,5,3
Home Appliances,1928.55,4,12.35,Next-Day,Wallet,26,Female,City94,6761.496300000001,2.0,0.8,1,2023,3,1
Clothing,1235.06,3,34.37,Standard,COD,22,Male,City8,2431.7096340000003,1.0,0.6000000000000001,0,2023,6,4
Clothing,771.17,2,12.8,Next-Day,Wallet,24,Female,City52,1344.92048,2.0,0.4,1,2022,11,5
Clothing,1258.16,1,34.16,Next-Day,Debit Card,38,Female,City80,828.3725440000002,2.0,0.2,0,2025,5,2
Books,1335.27,3,9.13,Next-Day,Credit Card,34,Male,City88,3640.079547,2.0,0.6000000000000001,0,2022,2,5
Clothing,1378.16,4,26.15,Next-Day,Credit Card,61,Male,City94,4071.08464,2.0,0.8,0,2025,1,2
Home Appliances,1111.93,3,14.65,Express,Credit Card,40,Male,City38,2847.096765,1.5,0.6000000000000001,0,2022,6,1
Toys,851.41,1,28.26,Express,COD,35,Female,City52,610.8015340000001,1.5,0.2,0,2022,7,0
Books,583.57,4,25.63,Express,COD,41,Male,City25,1736.0040360000005,1.5,0.8,0,2024,6,1
Electronics,1411.99,2,34.7,Standard,Wallet,31,Female,City73,1844.05894,1.0,0.4,1,2023,9,6
Books,1968.84,1,44.5,Next-Day,Debit Card,24,Male,City90,1092.7062,2.0,0.2,1,2022,8,5
Clothing,1812.57,2,6.8,Express,Wallet,48,Male,City96,3378.63048,1.5,0.4,0,2024,1,6
Books,1811.44,3,37.22,Express,Debit Card,24,Female,City41,3411.666096,1.5,0.6000000000000001,0,2023,4,0
Clothing,326.65,1,20.69,Express,Debit Card,30,Male,City25,259.066115,1.5,0.2,0,2024,7,6
Home Appliances,591.29,5,10.04,Standard,COD,56,Male,City21,2659.62242,1.0,1.0,1,2023,8,2
Electronics,1171.87,5,26.98,Standard,Debit Card,41,Male,City68,4278.497369999999,1.0,1.0,1,2024,9,6
Electronics,1173.45,5,25.52,Express,Wallet,32,Female,City35,4369.9278,1.5,1.0,0,2024,6,3
Clothing,995.08,2,18.55,Standard,COD,46,Male,City29,1620.98532,1.0,0.4,1,2022,3,5
Toys,200.58,5,39.43,Next-Day,COD,38,Female,City12,607.45653,2.0,1.0,0,2023,9,1
Toys,1245.9,4,37.28,Express,COD,34,Female,City87,3125.71392,1.5,0.8,0,2022,2,6
Home Appliances,498.54,2,16.65,Standard,Wallet,31,Male,City10,831.06618,1.0,0.4,0,2024,2,0
Electronics,1025.23,2,44.89,Standard,Debit Card,49,Male,City13,1130.008506,1.0,0.4,0,2023,1,5
Clothing,1891.29,4,27.93,Next-Day,COD,60,Male,City86,5452.210812,2.0,0.8,0,2024,5,2
Clothing,1510.83,1,20.51,Next-Day,Credit Card,41,Male,City18,1200.958767,2.0,0.2,0,2024,6,0
Books,510.01,2,16.78,Standard,COD,22,Female,City85,848.8606440000001,1.0,0.4,0,2022,1,3
Clothing,1691.99,5,18.06,Standard,Credit Card,33,Male,City84,6932.083030000001,1.0,1.0,0,2024,6,6
Home Appliances,1926.72,4,25.9,Express,COD,40,Male,City68,5710.79808,1.5,0.8,1,2024,9,2
Clothing,911.89,2,41.3,Standard,Credit Card,44,Male,City100,1070.55886,1.0,0.4,1,2024,3,3
Home Appliances,666.94,3,47.83,Express,Debit Card,29,Female,City69,1043.8277940000005,1.5,0.6000000000000001,0,2023,1,4
Home Appliances,1771.91,5,42.36,Next-Day,Wallet,45,Male,City16,5106.644620000001,2.0,1.0,1,2024,3,3
Electronics,1407.41,1,4.57,Express,Credit Card,40,Male,City79,1343.0913630000002,1.5,0.2,0,2024,12,2
Electronics,767.56,3,8.43,Standard,COD,57,Male,City31,2108.564076,1.0,0.6000000000000001,0,2023,1,4
Toys,1828.96,2,38.26,Standard,Debit Card,29,Male,City82,2258.399808,1.0,0.4,0,2022,6,0
Clothing,1159.98,4,9.86,Express,Wallet,52,Female,City43,4182.423888,1.5,0.8,0,2024,7,2
Clothing,768.1,4,20.58,Standard,Wallet,29,Male,City65,2440.10008,1.0,0.8,1,2025,4,3
Clothing,694.35,4,31.38,Standard,Credit Card,53,Female,City43,1905.85188,1.0,0.8,0,2023,6,1
Clothing,1226.97,2,22.33,Standard,COD,19,Male,City64,1905.975198,1.0,0.4,1,2022,4,4
Home Appliances,932.93,3,42.54,Next-Day,Credit Card,47,Male,City88,1608.184734,2.0,0.6000000000000001,0,2025,7,3
Electronics,961.49,5,0.68,Next-Day,Wallet,35,Female,City85,4774.75934,2.0,1.0,1,2025,3,2
Books,1942.69,1,40.81,Standard,COD,61,Male,City12,1149.878211,1.0,0.2,1,2025,8,3
Clothing,1685.98,1,3.92,Standard,COD,39,Female,City21,1619.889584,1.0,0.2,0,2023,5,1
Clothing,1007.31,5,31.38,Express,COD,57,Female,City100,3456.0806099999995,1.5,1.0,0,2024,7,1
Books,1650.0,2,22.87,Express,Credit Card,39,Female,City6,2545.29,1.5,0.4,1,2023,1,3
Clothing,1927.43,3,40.14,Standard,Debit Card,64,Male,City76,3461.2787940000003,1.0,0.6000000000000001,0,2022,6,5
Clothing,463.56,1,22.52,Standard,Debit Card,52,Female,City35,359.166288,1.0,0.2,0,2024,8,2
Clothing,1945.66,2,27.71,Express,Credit Card,62,Male,City94,2813.035228,1.5,0.4,0,2023,6,2
Clothing,1855.87,4,1.97,Express,COD,32,Female,City4,7277.237443999999,1.5,0.8,0,2024,12,4
Home Appliances,674.51,3,44.83,Standard,COD,56,Male,City49,1116.381501,1.0,0.6000000000000001,0,2025,3,0
Electronics,562.6,1,49.55,Express,Debit Card,31,Female,City61,283.8317,1.5,0.2,0,2025,4,2
Clothing,829.8,3,8.66,Next-Day,COD,37,Female,City53,2273.81796,2.0,0.6000000000000001,0,2024,1,4
Clothing,1902.59,5,35.69,Express,Credit Card,57,Female,City10,6117.778144999999,1.5,1.0,0,2022,11,1
Books,1770.29,5,16.1,Next-Day,Debit Card,33,Male,City95,7426.366550000001,2.0,1.0,0,2025,7,6
Home Appliances,1866.52,1,40.75,Next-Day,COD,44,Male,City13,1105.9131,2.0,0.2,0,2024,4,5
Toys,399.73,1,10.4,Standard,Credit Card,22,Female,City98,358.15808000000004,1.0,0.2,0,2023,4,4
Books,516.94,4,38.73,Next-Day,Credit Card,26,Female,City43,1266.916552,2.0,0.8,1,2023,10,2
Home Appliances,690.19,3,5.98,Express,Credit Card,61,Female,City43,1946.749914,1.5,0.6000000000000001,0,2023,2,6
Clothing,1932.53,4,10.24,Express,Debit Card,51,Male,City95,6938.555711999999,1.5,0.8,0,2024,5,0
Toys,959.82,2,28.96,Next-Day,Wallet,37,Male,City59,1363.712256,2.0,0.4,0,2024,12,3
Books,917.18,4,48.41,Next-Day,COD,46,Male,City28,1892.692648,2.0,0.8,0,2022,12,2
Home Appliances,604.07,4,24.39,Standard,Wallet,49,Male,City98,1826.949308,1.0,0.8,0,2023,1,2
Electronics,326.98,4,28.44,Standard,Debit Card,39,Male,City45,935.947552,1.0,0.8,0,2025,5,3
Electronics,1679.03,2,26.61,Standard,COD,56,Male,City46,2464.480234,1.0,0.4,0,2024,1,5
Books,1859.68,2,19.61,Standard,Wallet,51,Male,City62,2989.9935040000005,1.0,0.4,0,2022,5,5
Books,427.31,4,4.96,Standard,COD,48,Male,City53,1624.461696,1.0,0.8,0,2023,9,5
Clothing,916.26,1,17.97,Express,Wallet,52,Male,City51,751.608078,1.5,0.2,1,2024,8,1
Books,512.71,1,41.16,Express,Credit Card,58,Female,City46,301.67856400000005,1.5,0.2,0,2022,3,6
Clothing,1865.28,5,25.13,Next-Day,Wallet,55,Female,City12,6982.67568,2.0,1.0,1,2024,4,1
Books,326.04,5,23.17,Next-Day,Debit Card,44,Male,City89,1252.48266,2.0,1.0,1,2024,11,1
Books,1221.33,2,22.71,Next-Day,Debit Card,60,Male,City90,1887.931914,2.0,0.4,0,2025,4,2
Clothing,1856.89,4,0.49,Standard,COD,59,Female,City66,7391.164956,1.0,0.8,0,2022,12,3
Home Appliances,1653.34,1,21.49,Express,Debit Card,18,Male,City5,1298.037234,1.5,0.2,0,2023,2,3
Clothing,281.48,1,5.09,Express,Credit Card,19,Male,City74,267.152668,1.5,0.2,0,2022,5,1
Electronics,390.23,4,38.75,Express,Credit Card,18,Female,City74,956.0635,1.5,0.8,0,2025,6,2
Books,868.61,1,8.69,Express,Debit Card,40,Male,City41,793.127791,1.5,0.2,0,2025,4,0
Electronics,757.03,3,16.43,Next-Day,Credit Card,21,Male,City67,1897.949913,2.0,0.6000000000000001,1,2024,11,3
Electronics,1705.32,4,8.09,Standard,COD,58,Female,City73,6269.438448,1.0,0.8,0,2024,11,4
Home Appliances,1002.26,4,14.1,Standard,Debit Card,53,Female,City68,3443.76536,1.0,0.8,0,2025,6,5
Toys,1579.54,5,22.89,Express,COD,20,Female,City96,6089.91647,1.5,1.0,1,2024,8,3
Electronics,1858.99,3,40.29,Standard,Wallet,30,Female,City8,3330.008787,1.0,0.6000000000000001,0,2022,11,5
Toys,952.73,5,37.09,Express,Wallet,44,Male,City93,2996.812215,1.5,1.0,1,2023,6,6
Clothing,1841.4,1,15.86,Express,COD,65,Male,City41,1549.35396,1.5,0.2,1,2023,11,0
Clothing,1746.74,1,19.03,Next-Day,Debit Card,59,Female,City77,1414.335378,2.0,0.2,1,2023,7,1
Electronics,1024.94,1,15.83,Next-Day,Wallet,25,Male,City2,862.691998,2.0,0.2,1,2022,8,2
Toys,1047.59,1,13.18,Next-Day,Debit Card,45,Male,City12,909.517638,2.0,0.2,0,2025,7,2
Clothing,1538.67,2,43.59,Standard,COD,60,Male,City94,1735.9274940000005,1.0,0.4,1,2025,4,5
Clothing,297.35,1,35.7,Next-Day,Credit Card,61,Female,City65,191.19605,2.0,0.2,1,2023,1,1
Toys,323.65,5,17.4,Next-Day,Debit Card,18,Male,City25,1336.6745,2.0,1.0,0,2024,2,5
Electronics,1209.17,4,2.72,Next-Day,Credit Card,28,Female,City89,4705.122304,2.0,0.8,1,2025,7,6
Toys,1616.09,2,4.6,Standard,COD,30,Female,City90,3083.49972,1.0,0.4,1,2022,5,3
Electronics,1326.61,2,38.82,Next-Day,Debit Card,22,Male,City32,1623.2399959999998,2.0,0.4,0,2022,7,2
Electronics,739.64,5,16.35,Standard,Credit Card,25,Male,City29,3093.5443,1.0,1.0,0,2023,4,5
Electronics,218.72,4,4.53,Next-Day,Credit Card,37,Female,City47,835.247936,2.0,0.8,0,2023,2,1
Books,1070.82,4,46.02,Express,COD,49,Female,City45,2312.114544,1.5,0.8,1,2024,5,0
Books,1111.49,4,40.63,Next-Day,Debit Card,45,Male,City29,2639.566452,2.0,0.8,1,2025,5,4
Home Appliances,1689.64,3,42.88,Express,Wallet,38,Male,City60,2895.3671039999995,1.5,0.6000000000000001,1,2025,7,1
Clothing,622.81,4,36.02,Standard,Credit Card,43,Female,City42,1593.8953519999998,1.0,0.8,0,2024,1,0
Home Appliances,1002.26,1,34.3,Standard,Debit Card,53,Female,City61,658.48482,1.0,0.2,0,2022,2,2
Electronics,302.75,4,34.92,Standard,Credit Card,28,Male,City31,788.1188000000001,1.0,0.8,0,2025,3,5
Toys,1997.1,1,0.68,Standard,Credit Card,61,Female,City20,1983.51972,1.0,0.2,0,2025,3,6
Books,453.92,5,46.41,Next-Day,Wallet,21,Male,City23,1216.27864,2.0,1.0,0,2025,4,5
Toys,935.26,5,19.73,Express,Credit Card,44,Female,City58,3753.66601,1.5,1.0,1,2025,5,1
Electronics,1470.57,2,31.96,Next-Day,Wallet,38,Female,City76,2001.151656,2.0,0.4,0,2022,4,3
Clothing,366.84,4,23.64,Standard,COD,63,Female,City90,1120.476096,1.0,0.8,0,2025,8,4
Electronics,855.59,4,47.57,Express,Credit Card,30,Male,City73,1794.343348,1.5,0.8,0,2025,3,5
Electronics,373.76,2,39.11,Express,COD,19,Female,City2,455.164928,1.5,0.4,0,2022,7,3
Electronics,1205.91,2,1.9,Standard,Debit Card,62,Female,City42,2365.99542,1.0,0.4,1,2022,12,2
Toys,709.54,3,37.12,Next-Day,COD,27,Female,City89,1338.476256,2.0,0.6000000000000001,0,2022,10,5
Home Appliances,1521.5,5,22.15,Standard,Wallet,19,Male,City2,5922.438749999999,1.0,1.0,0,2024,12,5
Home Appliances,751.13,1,2.91,Standard,Wallet,38,Male,City46,729.272117,1.0,0.2,0,2024,4,0
Books,1312.16,1,1.77,Express,Credit Card,30,Male,City94,1288.934768,1.5,0.2,0,2024,9,1
Home Appliances,1129.37,3,15.08,Express,Debit Card,56,Male,City27,2877.1830119999995,1.5,0.6000000000000001,0,2025,2,1
Electronics,1274.83,3,37.88,Next-Day,Wallet,18,Male,City17,2375.773188,2.0,0.6000000000000001,0,2023,8,2
Clothing,590.66,3,10.73,Standard,Wallet,63,Male,City82,1581.8465460000002,1.0,0.6000000000000001,1,2025,3,0
Electronics,813.89,3,49.48,Standard,COD,20,Female,City65,1233.5316840000005,1.0,0.6000000000000001,1,2023,10,6
Electronics,1882.67,4,19.16,Express,Credit Card,24,Female,City24,6087.801712,1.5,0.8,0,2023,11,2
Toys,620.23,2,41.21,Express,COD,44,Male,City52,729.266434,1.5,0.4,1,2022,4,0
Books,607.57,2,34.45,Next-Day,Debit Card,44,Male,City9,796.52427,2.0,0.4,0,2023,12,3
Books,999.69,1,26.77,Next-Day,Debit Card,59,Male,City84,732.072987,2.0,0.2,0,2024,9,5
Toys,1362.82,5,20.15,Standard,Debit Card,62,Male,City85,5441.058849999999,1.0,1.0,1,2024,7,2
Books,1970.2,1,22.89,Next-Day,Debit Card,51,Male,City27,1519.22122,2.0,0.2,1,2023,11,3
Home Appliances,1564.63,3,8.16,Next-Day,COD,34,Male,City10,4310.868576,2.0,0.6000000000000001,0,2022,7,0
Electronics,925.63,5,2.98,Standard,Wallet,30,Male,City37,4490.231129999999,1.0,1.0,0,2022,1,5
Electronics,649.77,4,2.36,Express,Wallet,43,Female,City19,2537.741712,1.5,0.8,1,2024,2,5
Clothing,1120.38,3,45.19,Standard,Wallet,44,Female,City68,1842.240834,1.0,0.6000000000000001,0,2024,11,1
Clothing,646.29,4,9.79,Standard,COD,32,Female,City35,2332.072836,1.0,0.8,1,2024,8,3
Electronics,1891.12,2,15.75,Standard,Wallet,49,Male,City51,3186.5372,1.0,0.4,0,2022,7,1
Electronics,1438.66,2,22.67,Next-Day,Wallet,29,Male,City91,2225.031556,2.0,0.4,1,2024,10,5
Toys,444.37,2,21.31,Express,Wallet,45,Male,City33,699.349506,1.5,0.4,1,2022,1,1
Home Appliances,1859.83,2,49.67,Next-Day,Wallet,39,Male,City49,1872.104878,2.0,0.4,0,2023,4,1
Home Appliances,1630.57,3,36.47,Next-Day,COD,63,Male,City91,3107.703363,2.0,0.6000000000000001,1,2024,7,4
Clothing,459.84,2,37.88,Next-Day,Wallet,53,Female,City69,571.305216,2.0,0.4,0,2024,8,3
Clothing,1206.08,1,40.58,Express,Wallet,56,Female,City62,716.652736,1.5,0.2,0,2025,7,0
Books,860.86,4,13.91,Next-Day,Credit Card,36,Male,City91,2964.457496,2.0,0.8,1,2022,9,3
Clothing,1031.59,3,8.43,Standard,COD,21,Male,City22,2833.880889,1.0,0.6000000000000001,1,2024,7,0
Books,1847.84,3,23.78,Express,COD,35,Female,City33,4225.270944,1.5,0.6000000000000001,0,2022,7,0
Books,1274.52,4,2.08,Standard,COD,18,Female,City44,4992.039936,1.0,0.8,0,2022,3,5
Home Appliances,1416.76,1,27.62,Express,Credit Card,61,Female,City91,1025.450888,1.5,0.2,1,2023,10,1
Clothing,732.35,4,0.5,Express,COD,42,Female,City15,2914.753,1.5,0.8,0,2023,12,4
Clothing,1586.84,4,16.96,Express,Debit Card,34,Male,City100,5270.847744,1.5,0.8,1,2024,6,6
Clothing,1203.07,1,42.54,Next-Day,Wallet,25,Male,City49,691.2840219999999,2.0,0.2,0,2022,1,0
Toys,1396.62,2,45.28,Next-Day,COD,19,Male,City12,1528.4609279999995,2.0,0.4,1,2024,3,1
Clothing,373.78,4,39.88,Next-Day,Credit Card,49,Male,City98,898.8661439999998,2.0,0.8,0,2022,9,4
Clothing,747.33,1,29.66,Standard,COD,26,Male,City11,525.671922,1.0,0.2,0,2025,6,6
Clothing,161.51,2,35.67,Express,COD,40,Female,City30,207.798766,1.5,0.4,1,2023,10,0
Clothing,991.12,3,49.39,Express,COD,43,Male,City31,1504.817496,1.5,0.6000000000000001,1,2022,2,5
Books,230.46,3,26.15,Next-Day,COD,23,Male,City46,510.58413,2.0,0.6000000000000001,1,2024,6,1
Clothing,1189.7,3,12.7,Express,Wallet,35,Male,City38,3115.8243,1.5,0.6000000000000001,1,2025,3,2
Electronics,688.81,3,45.24,Standard,Credit Card,56,Male,City8,1131.5770679999998,1.0,0.6000000000000001,1,2024,5,0
Clothing,1133.76,5,34.55,Express,COD,51,Male,City87,3710.2296000000006,1.5,1.0,0,2024,2,5
Clothing,1133.71,2,2.06,Express,COD,37,Female,City30,2220.7111480000003,1.5,0.4,0,2022,11,3
Home Appliances,749.99,3,20.2,Express,Debit Card,36,Female,City50,1795.4760600000002,1.5,0.6000000000000001,0,2023,6,0
Clothing,1854.73,5,41.7,Next-Day,COD,63,Female,City9,5406.537949999999,2.0,1.0,1,2024,10,3
Clothing,1265.8,4,8.4,Express,Debit Card,49,Male,City29,4637.8912,1.5,0.8,1,2022,10,3
Clothing,1987.61,1,24.15,Next-Day,Wallet,64,Female,City46,1507.6021849999995,2.0,0.2,1,2024,6,1
Electronics,1344.8,1,46.01,Next-Day,Credit Card,64,Female,City72,726.0575200000001,2.0,0.2,0,2024,11,3
Clothing,1620.97,3,45.69,Standard,COD,50,Female,City5,2641.046421,1.0,0.6000000000000001,0,2023,5,6
Toys,391.23,5,45.62,Standard,COD,21,Male,City54,1063.75437,1.0,1.0,0,2022,1,4
Clothing,1236.32,4,37.61,Express,Wallet,41,Female,City59,3085.360192,1.5,0.8,1,2022,2,0
Electronics,432.44,4,42.53,Next-Day,Wallet,47,Male,City25,994.093072,2.0,0.8,0,2022,12,3
Home Appliances,1217.33,4,33.46,Standard,Debit Card,51,Male,City92,3240.045528,1.0,0.8,0,2024,12,1
Books,297.22,5,12.09,Express,Wallet,38,Female,City29,1306.43051,1.5,1.0,0,2022,2,4
Clothing,401.77,4,17.75,Next-Day,Credit Card,26,Female,City3,1321.8233,2.0,0.8,1,2023,12,3
Toys,819.96,3,41.53,Next-Day,Debit Card,54,Female,City40,1438.291836,2.0,0.6000000000000001,0,2024,6,0
Clothing,908.3,2,17.84,Standard,COD,39,Female,City22,1492.51856,1.0,0.4,0,2023,1,2
Books,874.89,1,17.84,Standard,Credit Card,47,Male,City23,718.809624,1.0,0.2,0,2023,2,3
Clothing,525.17,1,12.81,Next-Day,Credit Card,26,Female,City49,457.895723,2.0,0.2,1,2024,4,6
Clothing,1399.38,5,0.65,Express,Credit Card,38,Male,City24,6951.420150000001,1.5,1.0,1,2025,2,5
Books,213.07,5,31.85,Express,Debit Card,25,Male,City17,726.0360249999999,1.5,1.0,1,2025,6,3
Electronics,1888.27,2,17.98,Next-Day,Wallet,31,Female,City10,3097.518108,2.0,0.4,0,2022,3,5
Clothing,153.61,4,24.7,Express,Credit Card,50,Male,City9,462.6733200000001,1.5,0.8,0,2025,5,4
Clothing,1551.64,4,36.62,Standard,Debit Card,49,Male,City5,3933.717728000001,1.0,0.8,0,2022,1,5
Books,207.4,3,15.74,Next-Day,Debit Card,51,Female,City52,524.2657200000001,2.0,0.6000000000000001,0,2022,9,2
Clothing,488.91,3,30.44,Next-Day,COD,51,Female,City22,1020.257388,2.0,0.6000000000000001,0,2023,9,0
Clothing,859.49,4,29.39,Express,COD,20,Male,City49,2427.543556,1.5,0.8,0,2023,10,6
Electronics,1125.4,2,25.39,Standard,Debit Card,24,Female,City59,1679.3218800000002,1.0,0.4,0,2024,8,4
Clothing,889.69,3,31.77,Next-Day,Debit Card,43,Female,City17,1821.106461,2.0,0.6000000000000001,0,2024,10,4
Toys,716.14,2,4.96,Express,Credit Card,19,Male,City50,1361.238912,1.5,0.4,0,2023,8,0
Books,1827.39,4,27.29,Next-Day,Credit Card,63,Female,City24,5314.781076000001,2.0,0.8,0,2022,5,6
Clothing,1667.61,5,43.66,Standard,Wallet,48,Female,City22,4697.65737,1.0,1.0,1,2023,9,2
Electronics,433.49,5,13.26,Express,Debit Card,44,Male,City11,1880.04613,1.5,1.0,0,2025,4,3
Clothing,1799.95,2,41.52,Next-Day,Credit Card,27,Female,City36,2105.22152,2.0,0.4,1,2022,9,5
Toys,741.16,2,48.42,Standard,Debit Card,48,Male,City80,764.580656,1.0,0.4,0,2024,12,1
Electronics,1848.64,4,8.46,Standard,Debit Card,52,Female,City38,6768.980224,1.0,0.8,1,2023,1,6
Clothing,521.35,5,48.94,Standard,Debit Card,63,Male,City65,1331.0065499999998,1.0,1.0,0,2025,5,3
Toys,1573.45,4,27.89,Next-Day,Credit Card,48,Female,City64,4538.459180000001,2.0,0.8,0,2024,9,2
Home Appliances,757.13,2,7.97,Express,Debit Card,22,Female,City97,1393.573478,1.5,0.4,0,2022,4,3
Clothing,228.26,2,38.08,Standard,Credit Card,65,Male,City89,282.67718399999995,1.0,0.4,0,2025,5,1
Clothing,195.86,1,11.63,Next-Day,COD,20,Female,City26,173.081482,2.0,0.2,0,2025,3,6
Toys,856.02,5,49.01,Standard,Debit Card,65,Female,City28,2182.4229900000005,1.0,1.0,1,2022,9,3
Clothing,1127.99,2,12.53,Express,Debit Card,29,Female,City62,1973.305706,1.5,0.4,0,2024,12,3
Electronics,1631.68,1,2.37,Standard,Wallet,45,Female,City18,1593.009184,1.0,0.2,0,2023,2,3
Electronics,1897.5,3,25.63,Express,Wallet,25,Male,City38,4233.51225,1.5,0.6000000000000001,1,2023,10,4
Electronics,1612.77,3,18.02,Express,Debit Card,36,Female,City68,3966.4465379999992,1.5,0.6000000000000001,0,2023,12,2
Clothing,1714.23,4,41.64,Next-Day,Wallet,58,Female,City54,4001.698512,2.0,0.8,0,2025,4,5
Clothing,1598.62,1,12.49,Standard,Wallet,42,Female,City46,1398.952362,1.0,0.2,0,2022,9,4
Toys,879.67,3,20.72,Express,COD,29,Male,City85,2092.207128,1.5,0.6000000000000001,0,2024,12,1
Electronics,1062.72,1,41.55,Express,Credit Card,54,Male,City19,621.15984,1.5,0.2,0,2024,4,0
Electronics,751.19,4,34.2,Express,Debit Card,32,Female,City53,1977.13208,1.5,0.8,0,2024,2,6
Clothing,911.79,2,41.21,Express,COD,53,Male,City11,1072.082682,1.5,0.4,1,2024,4,3
Home Appliances,971.04,2,23.72,Express,Wallet,65,Female,City48,1481.418624,1.5,0.4,0,2023,8,2
Books,764.28,2,7.32,Standard,Debit Card,63,Male,City37,1416.669408,1.0,0.4,0,2024,5,0
Electronics,1260.23,1,3.78,Standard,Debit Card,47,Female,City61,1212.593306,1.0,0.2,1,2024,7,3
Clothing,507.75,1,31.3,Standard,Wallet,44,Male,City66,348.82425,1.0,0.2,0,2022,6,5
Electronics,752.11,5,28.01,Standard,Debit Card,23,Female,City98,2707.2199450000003,1.0,1.0,1,2023,6,1
Home Appliances,1055.93,3,34.42,Express,Wallet,42,Male,City14,2077.436682,1.5,0.6000000000000001,0,2023,2,4
Toys,323.75,2,16.46,Standard,Debit Card,37,Male,City69,540.9215,1.0,0.4,1,2022,8,4
Electronics,998.78,1,15.6,Standard,COD,57,Female,City5,842.9703199999999,1.0,0.2,0,2023,4,1
Electronics,1685.31,5,46.66,Express,COD,42,Female,City18,4494.72177,1.5,1.0,0,2024,12,0
Clothing,361.35,4,5.0,Express,COD,52,Male,City73,1373.13,1.5,0.8,0,2022,11,6
Clothing,1062.33,4,43.82,Standard,Debit Card,33,Female,City10,2387.267976,1.0,0.8,1,2022,11,1
Electronics,428.62,5,13.63,Standard,COD,63,Male,City64,1850.99547,1.0,1.0,0,2025,1,3
Home Appliances,273.98,1,29.08,Express,COD,35,Male,City8,194.306616,1.5,0.2,0,2023,5,2
Home Appliances,902.29,2,6.79,Next-Day,Debit Card,36,Male,City78,1682.049018,2.0,0.4,0,2022,3,0
Home Appliances,629.67,3,32.92,Express,Debit Card,29,Male,City78,1267.147908,1.5,0.6000000000000001,0,2024,4,1
Clothing,1401.86,4,29.83,Next-Day,Wallet,46,Female,City64,3934.740648,2.0,0.8,1,2022,5,6
Home Appliances,1731.55,2,41.21,Standard,Credit Card,26,Female,City72,2035.95649,1.0,0.4,1,2022,3,1
Electronics,314.12,1,9.36,Express,Credit Card,50,Female,City36,284.718368,1.5,0.2,0,2025,3,6
Clothing,1572.39,5,16.26,Standard,COD,23,Male,City73,6583.59693,1.0,1.0,0,2024,7,1
Electronics,1268.76,3,46.89,Next-Day,Debit Card,32,Male,City8,2021.515308,2.0,0.6000000000000001,0,2023,9,0
Books,188.04,2,33.46,Standard,Debit Card,54,Female,City76,250.243632,1.0,0.4,1,2025,7,2
Electronics,1546.3,2,34.67,Express,Wallet,46,Female,City31,2020.39558,1.5,0.4,0,2023,6,6
Clothing,1485.67,2,25.33,Standard,Debit Card,23,Female,City67,2218.699578,1.0,0.4,0,2025,9,1
Books,1321.59,2,44.29,Standard,Debit Card,44,Male,City20,1472.5155779999998,1.0,0.4,1,2024,11,2
Books,199.52,3,23.02,Next-Day,Wallet,60,Male,City21,460.7714880000001,2.0,0.6000000000000001,0,2024,5,4
Books,962.38,4,26.65,Standard,Credit Card,51,Male,City16,2823.62292,1.0,0.8,0,2022,8,1
Clothing,365.15,4,23.16,Express,Credit Card,59,Male,City46,1122.32504,1.5,0.8,0,2024,6,6
Clothing,981.06,5,2.09,Standard,Credit Card,60,Female,City70,4802.779229999999,1.0,1.0,0,2024,1,5
Electronics,259.43,1,1.14,Standard,COD,36,Female,City20,256.47249800000003,1.0,0.2,0,2025,7,2
Electronics,751.98,2,13.83,Next-Day,Credit Card,44,Female,City53,1295.962332,2.0,0.4,0,2025,6,4
Clothing,1324.48,2,17.78,Next-Day,Debit Card,53,Female,City70,2177.974912,2.0,0.4,0,2023,2,3
Electronics,762.49,1,26.94,Express,Credit Card,53,Male,City12,557.0751939999999,1.5,0.2,1,2024,12,4
Electronics,1492.68,4,45.6,Express,COD,43,Male,City39,3248.0716800000005,1.5,0.8,0,2022,12,6
Clothing,1467.79,2,10.09,Express,COD,57,Male,City80,2639.379978,1.5,0.4,1,2025,4,3
Electronics,670.46,3,9.69,Next-Day,Debit Card,23,Female,City25,1816.477278,2.0,0.6000000000000001,1,2023,8,1
Toys,917.97,4,12.72,Standard,COD,35,Female,City19,3204.8168640000004,1.0,0.8,0,2022,3,5
Home Appliances,1663.23,4,42.93,Express,COD,54,Female,City49,3796.821444,1.5,0.8,0,2024,2,3
Electronics,1586.15,2,12.53,Next-Day,COD,41,Female,City12,2774.8108100000004,2.0,0.4,1,2024,5,3
Clothing,1802.85,4,23.47,Next-Day,Wallet,20,Male,City90,5518.884419999999,2.0,0.8,1,2024,6,3
Clothing,1842.31,3,34.95,Express,Credit Card,18,Female,City72,3595.267965,1.5,0.6000000000000001,0,2023,4,0
Toys,668.37,5,25.45,Next-Day,COD,26,Female,City23,2491.3491750000003,2.0,1.0,0,2023,11,1
Books,712.95,5,23.19,Next-Day,Credit Card,50,Female,City28,2738.084475,2.0,1.0,0,2022,5,6
Toys,1455.07,5,19.36,Standard,Wallet,37,Female,City10,5866.84224,1.0,1.0,0,2025,5,1
Books,1354.31,4,33.26,Express,COD,40,Male,City25,3615.465976,1.5,0.8,0,2024,2,5
Clothing,1069.87,3,10.5,Express,Debit Card,60,Female,City53,2872.60095,1.5,0.6000000000000001,1,2025,5,5
Books,270.15,2,11.15,Next-Day,Debit Card,55,Male,City10,480.05655,2.0,0.4,0,2023,8,1
Electronics,185.43,5,17.53,Next-Day,Credit Card,28,Male,City35,764.6206050000001,2.0,1.0,0,2022,4,6
Electronics,1590.02,2,0.29,Express,COD,26,Female,City87,3170.817884,1.5,0.4,0,2025,7,1
Electronics,961.98,2,24.39,Standard,Credit Card,23,Male,City64,1454.706156,1.0,0.4,0,2024,1,4
Clothing,738.03,3,23.69,Express,Wallet,49,Male,City21,1689.572079,1.5,0.6000000000000001,0,2022,9,4
Clothing,1174.44,3,5.72,Next-Day,Wallet,18,Female,City17,3321.7860960000003,2.0,0.6000000000000001,0,2023,4,0
Toys,1347.4,5,2.65,Express,Debit Card,38,Male,City43,6558.4695,1.5,1.0,0,2022,8,4
Clothing,1445.22,5,15.11,Next-Day,Credit Card,21,Male,City84,6134.23629,2.0,1.0,0,2024,9,1
Electronics,1778.97,4,49.1,Express,Credit Card,28,Male,City6,3621.98292,1.5,0.8,0,2025,1,4
Electronics,1611.76,2,23.79,Standard,Credit Card,46,Male,City78,2456.644592,1.0,0.4,0,2024,10,6
Clothing,368.89,5,45.99,Express,Credit Card,26,Male,City51,996.187445,1.5,1.0,1,2022,10,5
Clothing,1730.08,5,45.37,Express,COD,24,Male,City24,4725.71352,1.5,1.0,1,2022,9,4
Books,1534.12,2,30.68,Standard,Debit Card,52,Female,City51,2126.903968,1.0,0.4,0,2022,6,3
Books,1200.13,5,21.56,Standard,Credit Card,33,Female,City42,4706.909860000001,1.0,1.0,0,2023,9,4
Books,1955.71,1,49.82,Express,Debit Card,45,Male,City6,981.375278,1.5,0.2,0,2022,1,3
Clothing,638.06,4,23.64,Next-Day,Debit Card,61,Female,City13,1948.890464,2.0,0.8,0,2025,6,1
Clothing,989.55,2,35.98,Express,Debit Card,40,Male,City95,1267.0198200000002,1.5,0.4,0,2023,1,2
Electronics,1115.08,2,49.88,Next-Day,Credit Card,44,Female,City33,1117.7561919999998,2.0,0.4,0,2025,3,2
Books,1780.43,4,11.9,Standard,Wallet,31,Male,City72,6274.235320000001,1.0,0.8,0,2025,5,4
Books,1864.48,2,5.44,Next-Day,Credit Card,55,Male,City10,3526.104576,2.0,0.4,0,2024,4,6
Home Appliances,1638.42,1,11.9,Express,Credit Card,54,Male,City8,1443.44802,1.5,0.2,1,2024,12,1
Home Appliances,1202.24,1,23.81,Express,COD,30,Male,City98,915.986656,1.5,0.2,0,2024,2,2
Electronics,1527.36,1,49.04,Next-Day,COD,29,Male,City27,778.342656,2.0,0.2,0,2025,4,2
Electronics,386.2,2,18.32,Express,Debit Card,35,Female,City75,630.89632,1.5,0.4,1,2025,4,0
Books,992.76,5,32.38,Express,Credit Card,21,Female,City97,3356.52156,1.5,1.0,0,2025,7,3
Electronics,192.93,4,42.08,Standard,Debit Card,34,Female,City84,446.980224,1.0,0.8,0,2022,6,3
Clothing,1010.02,3,28.73,Standard,Debit Card,27,Male,City98,2159.523762,1.0,0.6000000000000001,0,2024,8,5
Home Appliances,122.68,2,46.47,Express,COD,50,Female,City82,131.341208,1.5,0.4,0,2023,5,2
Books,1222.77,3,7.91,Express,Debit Card,43,Male,City23,3378.146679,1.5,0.6000000000000001,0,2023,3,2
Books,1073.43,3,15.69,Standard,Credit Card,46,Male,City95,2715.026499,1.0,0.6000000000000001,0,2023,5,6
Home Appliances,407.58,1,27.41,Express,COD,31,Female,City51,295.862322,1.5,0.2,0,2022,12,5
Clothing,222.74,2,36.22,Next-Day,Wallet,29,Female,City38,284.12714400000004,2.0,0.4,1,2025,4,1
Toys,1697.12,2,26.29,Next-Day,COD,23,Male,City92,2501.894304,2.0,0.4,0,2024,8,3
Clothing,1722.76,3,30.81,Standard,Debit Card,53,Female,City57,3575.932932,1.0,0.6000000000000001,0,2022,5,0
Electronics,1973.92,4,34.46,Standard,Debit Card,29,Male,City6,5174.828672,1.0,0.8,0,2025,4,2
Home Appliances,1736.14,3,30.87,Standard,Debit Card,33,Male,City94,3600.580746,1.0,0.6000000000000001,1,2024,4,5
Electronics,490.83,4,23.64,Next-Day,COD,41,Female,City23,1499.191152,2.0,0.8,1,2022,2,1
Clothing,915.7,1,48.96,Next-Day,Credit Card,32,Female,City41,467.37328,2.0,0.2,0,2024,9,0
Clothing,381.49,1,24.53,Next-Day,Credit Card,45,Female,City29,287.910503,2.0,0.2,0,2022,5,1
Electronics,943.84,3,19.73,Standard,Wallet,54,Female,City82,2272.861104,1.0,0.6000000000000001,0,2023,1,0
Home Appliances,599.77,2,15.92,Express,Wallet,42,Female,City99,1008.573232,1.5,0.4,1,2023,1,0
Clothing,1814.87,1,10.67,Standard,Debit Card,41,Female,City83,1621.2233709999998,1.0,0.2,0,2022,3,0
Clothing,1178.24,5,6.63,Standard,COD,23,Male,City27,5500.61344,1.0,1.0,0,2025,3,3
Clothing,143.95,4,1.98,Standard,Wallet,27,Male,City23,564.3991599999999,1.0,0.8,0,2022,2,3
Electronics,421.0,1,16.92,Express,Credit Card,50,Female,City39,349.7668,1.5,0.2,0,2025,3,5
Clothing,1948.08,5,46.59,Next-Day,Debit Card,49,Female,City30,5202.34764,2.0,1.0,1,2025,6,2
Clothing,1594.98,3,29.46,Express,Debit Card,50,Male,City54,3375.2966760000004,1.5,0.6000000000000001,0,2024,11,6
Electronics,252.38,3,11.31,Standard,Credit Card,63,Male,City35,671.507466,1.0,0.6000000000000001,0,2023,6,4
Clothing,1462.19,2,18.61,Express,Wallet,43,Male,City45,2380.1528820000003,1.5,0.4,0,2025,8,5
Books,269.72,3,10.43,Standard,COD,50,Male,City76,724.764612,1.0,0.6000000000000001,0,2022,10,4
Clothing,1926.48,2,33.91,Standard,Credit Card,19,Male,City12,2546.421264,1.0,0.4,0,2023,7,5
Toys,225.03,1,27.43,Next-Day,Credit Card,48,Male,City13,163.304271,2.0,0.2,0,2024,10,0
Clothing,1572.08,2,24.66,Express,Credit Card,44,Female,City90,2368.810144,1.5,0.4,1,2024,11,3
Toys,126.02,3,4.78,Express,Debit Card,62,Female,City50,359.988732,1.5,0.6000000000000001,0,2022,1,6
Books,805.3,1,17.83,Standard,Debit Card,28,Male,City74,661.71501,1.0,0.2,0,2023,9,1
Books,1298.31,1,28.17,Standard,Wallet,55,Female,City58,932.5760729999998,1.0,0.2,1,2025,5,0
Electronics,677.95,3,46.89,Next-Day,Credit Card,64,Male,City57,1080.1777350000002,2.0,0.6000000000000001,0,2025,4,6
Toys,1703.48,2,43.84,Express,Credit Card,33,Male,City39,1913.348736,1.5,0.4,0,2023,10,2
Toys,333.88,3,28.46,Next-Day,COD,42,Male,City36,716.573256,2.0,0.6000000000000001,0,2024,12,0
Toys,546.13,5,6.76,Express,COD,59,Male,City100,2546.0580600000003,1.5,1.0,0,2024,11,0
Books,518.58,2,46.86,Standard,Debit Card,64,Male,City76,551.146824,1.0,0.4,0,2022,10,6
Toys,419.03,4,48.89,Express,Credit Card,29,Male,City61,856.6649319999999,1.5,0.8,0,2022,5,1
Clothing,1233.0,2,45.78,Express,COD,39,Female,City19,1337.0652,1.5,0.4,0,2022,5,0
Electronics,779.07,2,10.17,Express,COD,40,Male,City42,1399.6771620000002,1.5,0.4,0,2022,12,5
Clothing,862.8,4,46.69,Express,COD,32,Male,City73,1839.83472,1.5,0.8,1,2022,9,1
Electronics,479.7,1,13.26,Next-Day,Credit Card,38,Male,City89,416.09178,2.0,0.2,0,2023,10,1
Clothing,303.74,2,17.1,Next-Day,Credit Card,24,Female,City63,503.60092,2.0,0.4,1,2022,6,3
Clothing,1115.51,4,3.21,Next-Day,Debit Card,21,Male,City39,4318.808516,2.0,0.8,0,2025,5,6
Electronics,277.77,3,1.62,Standard,Debit Card,64,Male,City66,819.8103779999999,1.0,0.6000000000000001,0,2023,4,4
Clothing,203.75,5,22.55,Next-Day,Debit Card,38,Male,City37,789.0218749999999,2.0,1.0,1,2025,8,5
Electronics,1465.41,5,34.75,Express,Credit Card,57,Male,City96,4780.900125000001,1.5,1.0,0,2024,12,6
Books,1712.26,1,40.12,Next-Day,Debit Card,45,Male,City3,1025.301288,2.0,0.2,0,2024,8,1
Clothing,1855.14,4,7.07,Standard,Debit Card,55,Female,City90,6895.926408,1.0,0.8,1,2025,1,4
Clothing,1560.68,3,45.53,Next-Day,COD,50,Female,City30,2550.307188,2.0,0.6000000000000001,0,2024,6,2
Clothing,1752.37,2,39.58,Express,Debit Card,24,Male,City72,2117.563908,1.5,0.4,1,2023,5,6
Electronics,824.67,2,43.17,Standard,Wallet,23,Female,City97,937.319922,1.0,0.4,0,2022,6,4
Clothing,1188.25,3,17.2,Express,COD,33,Female,City50,2951.6130000000003,1.5,0.6000000000000001,1,2025,6,4
Books,1177.55,2,26.53,Next-Day,Wallet,27,Male,City40,1730.2919699999998,2.0,0.4,0,2022,1,4
Clothing,474.84,2,28.12,Express,Debit Card,47,Male,City48,682.6299839999999,1.5,0.4,1,2022,3,5
Electronics,1447.99,3,38.06,Express,Wallet,64,Male,City9,2690.655018,1.5,0.6000000000000001,0,2023,8,6
Books,1196.47,5,16.94,Express,Credit Card,27,Male,City61,4968.93991,1.5,1.0,0,2025,3,1
Clothing,1043.01,3,29.9,Standard,COD,27,Female,City39,2193.45003,1.0,0.6000000000000001,1,2022,2,3
Books,252.08,1,8.53,Express,Credit Card,35,Male,City48,230.577576,1.5,0.2,0,2024,9,4
Toys,1029.18,3,39.72,Express,Credit Card,33,Male,City66,1861.169112,1.5,0.6000000000000001,0,2025,1,6
Electronics,545.75,1,46.57,Express,Wallet,19,Female,City50,291.594225,1.5,0.2,0,2024,2,0
Clothing,106.89,4,20.18,Express,Wallet,56,Male,City56,341.278392,1.5,0.8,0,2024,12,1
Clothing,1893.74,5,11.71,Next-Day,Wallet,62,Male,City59,8359.91523,2.0,1.0,0,2023,3,1
Clothing,1215.08,2,26.35,Next-Day,Wallet,31,Male,City47,1789.8128399999998,2.0,0.4,1,2024,7,2
Toys,297.62,4,4.68,Standard,Debit Card,34,Female,City51,1134.765536,1.0,0.8,0,2024,5,1
Clothing,258.09,5,8.27,Standard,Debit Card,29,Male,City67,1183.7297849999998,1.0,1.0,0,2025,4,6
Clothing,1269.08,1,23.29,Next-Day,Wallet,47,Male,City5,973.511268,2.0,0.2,1,2022,2,2
Toys,198.08,4,31.98,Express,Wallet,18,Male,City46,538.936064,1.5,0.8,0,2023,7,6
Books,1129.81,2,27.67,Standard,Credit Card,42,Male,City62,1634.383146,1.0,0.4,1,2023,3,4
Clothing,1678.28,1,3.2,Next-Day,Credit Card,42,Female,City96,1624.57504,2.0,0.2,1,2024,10,5
Toys,1215.81,2,32.01,Next-Day,Wallet,18,Male,City58,1653.2584379999998,2.0,0.4,0,2022,5,2
Electronics,1127.59,1,14.62,Next-Day,Wallet,22,Female,City84,962.736342,2.0,0.2,0,2022,5,0
Toys,1219.19,3,42.35,Express,Wallet,58,Male,City20,2108.589105,1.5,0.6000000000000001,1,2023,10,3
Clothing,1540.85,2,28.78,Express,Debit Card,48,Female,City73,2194.78674,1.5,0.4,0,2024,1,0
Toys,1119.94,5,3.57,Standard,Credit Card,65,Male,City38,5399.790710000001,1.0,1.0,0,2022,5,4
Books,1052.66,3,14.78,Express,Credit Card,64,Male,City18,2691.2305560000004,1.5,0.6000000000000001,0,2025,3,5
Electronics,548.68,1,39.28,Next-Day,COD,48,Male,City96,333.158496,2.0,0.2,1,2024,12,4
Clothing,1311.39,3,30.01,Express,COD,42,Male,City26,2753.525583,1.5,0.6000000000000001,1,2024,2,5
Clothing,892.62,2,48.47,Standard,COD,49,Male,City74,919.9341720000002,1.0,0.4,0,2024,1,4
Books,1260.4,3,25.16,Express,COD,54,Female,City2,2829.85008,1.5,0.6000000000000001,0,2023,8,5
Clothing,1267.92,5,23.55,Standard,Credit Card,30,Female,City11,4846.6242,1.0,1.0,0,2022,9,3
Electronics,1636.74,4,16.65,Next-Day,COD,41,Female,City100,5456.89116,2.0,0.8,0,2025,8,5
Toys,1835.75,2,37.65,Standard,Wallet,46,Male,City92,2289.18025,1.0,0.4,0,2023,11,0
Books,450.65,3,30.82,Next-Day,COD,47,Female,City41,935.27901,2.0,0.6000000000000001,1,2025,6,5
Clothing,1642.6,3,9.68,Standard,COD,64,Female,City58,4450.788959999999,1.0,0.6000000000000001,1,2024,6,0
Home Appliances,1664.78,4,45.79,Express,Debit Card,21,Male,City10,3609.908952,1.5,0.8,1,2023,12,4
Clothing,426.96,5,25.04,Next-Day,Debit Card,62,Female,City21,1600.24608,2.0,1.0,1,2022,8,1
Books,1517.2,5,31.4,Next-Day,Debit Card,18,Female,City13,5203.995999999999,2.0,1.0,0,2024,3,5
Home Appliances,227.54,3,17.39,Next-Day,Wallet,62,Male,City56,563.9123820000001,2.0,0.6000000000000001,0,2025,8,1
Electronics,1432.27,2,13.88,Express,Credit Card,30,Male,City79,2466.941848,1.5,0.4,0,2024,4,2
Home Appliances,796.63,4,17.62,Express,Debit Card,36,Female,City22,2625.055176,1.5,0.8,0,2024,8,0
Electronics,1650.58,1,39.68,Next-Day,Wallet,23,Female,City93,995.629856,2.0,0.2,0,2024,7,2
Toys,252.29,1,43.27,Standard,Debit Card,63,Male,City52,143.12411699999998,1.0,0.2,1,2022,11,4
Toys,1747.73,4,42.22,Standard,Credit Card,58,Male,City64,4039.353576000001,1.0,0.8,0,2022,6,6
Electronics,690.91,1,25.25,Standard,Credit Card,44,Female,City70,516.455225,1.0,0.2,0,2025,2,2
Clothing,801.66,3,48.23,Next-Day,Wallet,48,Male,City61,1245.058146,2.0,0.6000000000000001,0,2023,8,6
Toys,1492.21,5,40.5,Next-Day,COD,40,Female,City26,4439.32475,2.0,1.0,1,2024,8,5
Clothing,1579.14,1,44.98,Express,Credit Card,49,Female,City29,868.842828,1.5,0.2,0,2025,7,2
Clothing,292.48,5,3.23,Next-Day,Debit Card,36,Female,City54,1415.16448,2.0,1.0,1,2023,12,0
Home Appliances,644.99,1,19.86,Standard,Wallet,21,Female,City86,516.894986,1.0,0.2,0,2025,3,2
Clothing,1549.92,1,14.63,Standard,Credit Card,61,Male,City11,1323.166704,1.0,0.2,0,2022,11,5
Clothing,1691.66,4,24.55,Standard,Wallet,25,Male,City50,5105.42988,1.0,0.8,0,2025,4,3
Clothing,1686.5,2,25.98,Standard,Debit Card,18,Male,City56,2496.6946,1.0,0.4,0,2022,9,0
Clothing,428.35,1,39.16,Next-Day,Wallet,28,Male,City24,260.60814000000005,2.0,0.2,0,2024,2,2
Clothing,1143.06,2,46.44,Express,Wallet,59,Female,City37,1224.445872,1.5,0.4,0,2025,2,6
Books,196.67,5,14.59,Standard,Debit Card,55,Female,City8,839.8792349999999,1.0,1.0,0,2022,11,6
Clothing,1543.34,3,17.73,Standard,Credit Card,22,Male,City83,3809.117454,1.0,0.6000000000000001,0,2024,7,3
Clothing,403.07,4,17.96,Next-Day,Wallet,31,Female,City29,1322.714512,2.0,0.8,1,2023,11,1
Clothing,300.89,3,1.2,Standard,Debit Card,33,Female,City96,891.83796,1.0,0.6000000000000001,1,2024,3,6
Clothing,346.56,2,12.11,Standard,COD,21,Female,City10,609.183168,1.0,0.4,1,2025,6,2
Clothing,1611.08,5,17.38,Next-Day,Wallet,59,Male,City3,6655.37148,2.0,1.0,0,2025,8,0
Electronics,1932.43,4,23.53,Next-Day,COD,19,Female,City57,5910.916883999999,2.0,0.8,1,2023,6,4
Electronics,387.9,1,14.74,Express,COD,46,Female,City67,330.72354,1.5,0.2,0,2023,3,2
Books,473.54,1,26.32,Standard,Debit Card,54,Female,City20,348.904272,1.0,0.2,0,2025,6,0
Books,1597.91,2,28.17,Next-Day,COD,44,Male,City75,2295.557506,2.0,0.4,1,2023,12,1
Clothing,470.32,4,30.41,Next-Day,Wallet,43,Male,City80,1309.182752,2.0,0.8,0,2024,12,3
Toys,996.8,4,17.45,Next-Day,COD,33,Male,City10,3291.4336,2.0,0.8,0,2024,2,2
Toys,1686.47,1,16.8,Next-Day,Debit Card,61,Male,City80,1403.14304,2.0,0.2,0,2024,1,2
Clothing,1021.82,3,30.91,Next-Day,Credit Card,22,Male,City58,2117.9263140000003,2.0,0.6000000000000001,1,2023,10,6
Clothing,1553.33,3,45.42,Next-Day,COD,62,Female,City14,2543.422542,2.0,0.6000000000000001,1,2023,3,6
Clothing,442.75,3,42.67,Express,COD,28,Male,City91,761.4857249999999,1.5,0.6000000000000001,0,2022,6,5
Electronics,451.96,5,22.74,Express,Credit Card,20,Male,City58,1745.9214799999995,1.5,1.0,0,2023,6,5
Books,1928.67,1,42.61,Express,Credit Card,35,Female,City17,1106.8637130000002,1.5,0.2,0,2022,7,1
Electronics,328.48,3,28.48,Standard,Wallet,54,Male,City94,704.7866880000001,1.0,0.6000000000000001,0,2023,9,0
Clothing,313.64,2,16.61,Next-Day,Credit Card,56,Male,City72,523.088792,2.0,0.4,1,2023,1,4
Clothing,1078.2,5,9.24,Express,Credit Card,47,Male,City52,4892.8716,1.5,1.0,1,2023,11,2
Books,1795.45,5,23.04,Express,Wallet,34,Male,City73,6908.891600000001,1.5,1.0,0,2024,1,3
Clothing,1725.27,1,41.54,Express,Credit Card,52,Male,City69,1008.592842,1.5,0.2,0,2023,12,4
Electronics,500.1,1,35.62,Next-Day,Wallet,25,Male,City10,321.96438000000006,2.0,0.2,0,2023,12,2
Toys,313.62,3,48.78,Express,Credit Card,34,Male,City5,481.908492,1.5,0.6000000000000001,0,2023,3,1
Clothing,1758.59,2,20.74,Standard,COD,47,Male,City55,2787.716868,1.0,0.4,0,2022,5,0
Electronics,1276.76,4,31.44,Standard,Debit Card,19,Male,City80,3501.386624,1.0,0.8,0,2024,9,1
Clothing,1288.23,4,46.96,Express,COD,35,Female,City88,2733.108768,1.5,0.8,1,2024,1,5
Electronics,1880.9,2,31.05,Express,Credit Card,40,Female,City69,2593.7611,1.5,0.4,1,2022,5,0
Electronics,1041.69,2,44.34,Next-Day,COD,59,Female,City70,1159.609308,2.0,0.4,0,2024,7,0
Clothing,1570.03,3,49.46,Express,COD,32,Male,City38,2380.4794860000006,1.5,0.6000000000000001,1,2024,2,2
Electronics,1255.24,5,36.45,Express,COD,40,Male,City54,3988.5251,1.5,1.0,0,2023,11,0
Electronics,1931.33,5,11.84,Next-Day,COD,56,Female,City9,8513.30264,2.0,1.0,0,2023,1,5
Clothing,239.0,2,17.68,Express,Wallet,34,Male,City53,393.4896,1.5,0.4,0,2025,3,1
Clothing,1270.36,2,26.87,Next-Day,COD,49,Male,City20,1858.028536,2.0,0.4,0,2024,11,2
Clothing,750.29,5,30.7,Next-Day,Credit Card,40,Male,City43,2599.7548500000003,2.0,1.0,1,2022,10,2
Toys,1466.87,5,8.5,Standard,Wallet,27,Male,City83,6710.930249999999,1.0,1.0,0,2022,7,0
Books,1391.8,5,15.08,Next-Day,COD,53,Female,City36,5909.5828,2.0,1.0,1,2024,4,1
Home Appliances,658.02,4,1.84,Standard,Debit Card,48,Male,City60,2583.649728,1.0,0.8,0,2022,2,6
Electronics,1999.8,5,1.72,Express,COD,64,Male,City9,9827.0172,1.5,1.0,0,2023,7,6
Clothing,723.52,2,43.2,Express,Wallet,60,Male,City34,821.9187199999999,1.5,0.4,0,2022,1,6
Clothing,777.21,2,21.83,Next-Day,COD,58,Female,City5,1215.090114,2.0,0.4,0,2023,7,3
Electronics,110.35,1,43.84,Express,Wallet,28,Female,City67,61.97256,1.5,0.2,0,2024,11,0
Books,1591.7,4,12.59,Standard,Debit Card,54,Female,City23,5565.21988,1.0,0.8,1,2024,12,6
Clothing,1807.74,3,0.18,Standard,COD,29,Female,City100,5413.4582040000005,1.0,0.6000000000000001,1,2025,1,2
Books,752.38,3,19.28,Standard,Debit Card,31,Female,City47,1821.963408,1.0,0.6000000000000001,0,2024,12,3
Electronics,434.08,1,16.95,Express,COD,27,Female,City13,360.50344,1.5,0.2,0,2022,7,2
Toys,1272.57,5,2.46,Standard,Wallet,35,Female,City95,6206.32389,1.0,1.0,1,2024,3,5
Clothing,759.92,4,26.89,Standard,Credit Card,58,Female,City30,2222.310048,1.0,0.8,1,2024,4,5
Toys,646.16,2,39.17,Standard,Credit Card,30,Male,City14,786.1182560000001,1.0,0.4,0,2022,5,2
Clothing,1370.59,5,16.49,Standard,Debit Card,29,Male,City75,5722.898544999999,1.0,1.0,0,2024,12,2
Clothing,1372.81,2,16.55,Express,COD,52,Female,City7,2291.21989,1.5,0.4,0,2025,7,2
Books,1461.71,4,25.25,Express,Credit Card,54,Female,City77,4370.512900000001,1.5,0.8,1,2022,6,4
Electronics,561.56,1,24.51,Express,COD,24,Male,City70,423.921644,1.5,0.2,0,2022,12,6
Electronics,549.69,2,8.58,Standard,Wallet,62,Male,City66,1005.053196,1.0,0.4,0,2024,2,6
Toys,452.3,5,20.39,Next-Day,Wallet,50,Male,City20,1800.38015,2.0,1.0,0,2022,11,3
Clothing,567.41,4,33.74,Express,Debit Card,61,Male,City42,1503.8634639999998,1.5,0.8,0,2023,4,2
Books,1358.22,3,24.85,Next-Day,Credit Card,40,Female,City11,3062.10699,2.0,0.6000000000000001,0,2024,4,2
Clothing,377.16,1,23.86,Standard,Debit Card,19,Male,City23,287.169624,1.0,0.2,0,2024,12,6
Books,900.47,4,1.28,Express,COD,59,Female,City38,3555.775936,1.5,0.8,0,2025,8,4
Electronics,818.34,1,48.66,Express,Wallet,57,Male,City20,420.1357560000001,1.5,0.2,1,2024,3,2
Clothing,1847.1,2,26.41,Standard,Credit Card,34,Female,City13,2718.56178,1.0,0.4,1,2024,2,2
Electronics,1198.37,3,18.1,Standard,Credit Card,47,Female,City19,2944.3950899999995,1.0,0.6000000000000001,0,2022,3,2
Clothing,1620.37,5,41.76,Express,COD,35,Male,City32,4718.51744,1.5,1.0,0,2023,1,1
Clothing,1258.38,4,17.74,Express,Wallet,27,Female,City52,4140.573552000001,1.5,0.8,1,2024,9,5
Home Appliances,1047.81,4,1.53,Express,Credit Card,38,Male,City86,4127.114028,1.5,0.8,0,2024,5,5
Clothing,550.69,3,46.77,Standard,Wallet,61,Male,City46,879.3968610000001,1.0,0.6000000000000001,1,2023,3,2
Books,181.73,1,31.47,Next-Day,Credit Card,43,Male,City3,124.539569,2.0,0.2,0,2023,12,4
Clothing,1468.16,4,3.99,Next-Day,Credit Card,64,Female,City14,5638.321664,2.0,0.8,0,2023,9,5
Electronics,383.27,4,25.01,Next-Day,Credit Card,29,Male,City68,1149.656692,2.0,0.8,1,2023,2,2
Electronics,406.72,4,20.44,Standard,Credit Card,43,Female,City97,1294.345728,1.0,0.8,1,2023,5,0
Clothing,860.0,5,7.7,Standard,Credit Card,42,Female,City84,3968.9,1.0,1.0,1,2025,2,2
Clothing,266.73,5,27.06,Next-Day,Debit Card,55,Male,City22,972.76431,2.0,1.0,0,2025,5,4
Toys,1440.81,3,34.38,Express,COD,44,Female,City12,2836.378566,1.5,0.6000000000000001,0,2022,3,4
Clothing,465.62,2,44.09,Express,COD,48,Male,City58,520.6562839999999,1.5,0.4,1,2023,7,2
Clothing,409.34,2,15.69,Next-Day,Credit Card,37,Female,City50,690.2291079999999,2.0,0.4,0,2022,10,4
Clothing,1571.67,4,46.42,Standard,Credit Card,60,Male,City26,3368.4031440000003,1.0,0.8,1,2022,1,3
Electronics,1946.93,1,43.21,Next-Day,COD,24,Male,City90,1105.6615470000002,2.0,0.2,0,2024,9,0
Toys,564.67,3,40.15,Express,Debit Card,26,Male,City49,1013.864985,1.5,0.6000000000000001,0,2022,7,6
Books,267.56,4,27.84,Express,Credit Card,39,Male,City33,772.2851840000001,1.5,0.8,1,2022,3,0
Electronics,629.87,2,35.55,Next-Day,Wallet,18,Female,City68,811.9024300000001,2.0,0.4,0,2024,12,0
Clothing,1765.68,1,21.9,Next-Day,Credit Card,36,Male,City13,1378.99608,2.0,0.2,1,2025,3,5
Home Appliances,704.37,4,41.13,Next-Day,Debit Card,44,Male,City88,1658.650476,2.0,0.8,0,2022,7,2
Toys,971.54,1,39.76,Express,Credit Card,40,Female,City53,585.2556960000001,1.5,0.2,0,2022,3,4
Toys,1336.6,5,8.74,Next-Day,Debit Card,48,Female,City15,6098.9058,2.0,1.0,1,2023,8,1
Clothing,1241.41,2,12.31,Next-Day,Debit Card,35,Female,City7,2177.184858,2.0,0.4,0,2025,2,3
Clothing,1353.62,5,22.83,Express,Credit Card,34,Female,City10,5222.94277,1.5,1.0,0,2023,12,3
Clothing,1304.72,4,25.78,Standard,Debit Card,18,Female,City62,3873.452736,1.0,0.8,0,2024,6,0
Home Appliances,1280.76,4,43.43,Express,Debit Card,33,Female,City99,2898.103728,1.5,0.8,0,2023,3,5
Home Appliances,272.54,1,15.37,Next-Day,Credit Card,65,Male,City3,230.650602,2.0,0.2,1,2025,7,6
Home Appliances,533.1,3,17.27,Standard,Debit Card,48,Male,City58,1323.1008900000002,1.0,0.6000000000000001,1,2022,7,5
Clothing,298.17,2,21.51,Standard,Credit Card,62,Male,City73,468.067266,1.0,0.4,1,2022,7,6
Electronics,691.21,1,42.67,Express,Credit Card,46,Female,City88,396.270693,1.5,0.2,0,2022,11,4
Books,1561.47,2,33.11,Next-Day,COD,55,Male,City93,2088.9345660000004,2.0,0.4,0,2022,7,0
Books,745.6,2,9.24,Standard,Wallet,34,Female,City72,1353.41312,1.0,0.4,0,2023,6,0
Books,1349.7,4,48.69,Express,COD,38,Male,City5,2770.12428,1.5,0.8,1,2022,7,6
Clothing,1507.9,5,36.84,Standard,Credit Card,30,Male,City68,4761.9482,1.0,1.0,1,2025,2,3
Books,677.87,2,34.63,Express,Credit Card,20,Female,City39,886.2472379999999,1.5,0.4,1,2023,8,0
Toys,117.68,2,35.26,Next-Day,Credit Card,37,Male,City5,152.372064,2.0,0.4,0,2022,11,0
Clothing,1288.83,3,9.89,Express,Wallet,19,Male,City32,3484.094139,1.5,0.6000000000000001,0,2022,4,1
Electronics,254.72,2,44.94,Express,Wallet,47,Male,City91,280.497664,1.5,0.4,0,2025,6,4
Books,712.83,4,35.15,Express,COD,26,Female,City22,1849.0810200000003,1.5,0.8,0,2024,11,5
Electronics,1172.66,3,17.56,Next-Day,Debit Card,58,Male,City37,2900.2227120000007,2.0,0.6000000000000001,1,2023,2,5
Electronics,1310.9,4,43.9,Express,Credit Card,62,Male,City90,2941.6596,1.5,0.8,0,2022,7,0
Books,791.66,1,29.31,Express,Wallet,64,Male,City41,559.624454,1.5,0.2,0,2023,8,6
Clothing,173.64,1,32.9,Standard,Credit Card,21,Male,City66,116.51244,1.0,0.2,0,2023,4,2
Electronics,1437.64,2,21.67,Next-Day,Wallet,22,Male,City78,2252.2068240000003,2.0,0.4,1,2025,8,0
Toys,750.4,5,17.8,Next-Day,Wallet,60,Male,City56,3084.144,2.0,1.0,0,2022,11,0
Books,1608.22,3,31.46,Express,Debit Card,54,Male,City88,3306.821964,1.5,0.6000000000000001,0,2025,4,3
Clothing,1263.87,5,14.93,Next-Day,Credit Card,36,Male,City45,5375.871045,2.0,1.0,1,2022,11,3
Clothing,1104.7,4,40.06,Next-Day,Wallet,50,Female,City60,2648.62872,2.0,0.8,0,2022,4,6
Electronics,934.87,4,34.32,Standard,Wallet,30,Female,City7,2456.0904640000003,1.0,0.8,1,2024,8,4
Clothing,911.86,5,33.58,Express,Debit Card,21,Female,City99,3028.28706,1.5,1.0,1,2025,1,1
Clothing,122.02,4,15.46,Next-Day,Credit Card,57,Male,City68,412.622832,2.0,0.8,0,2023,12,3
Electronics,1301.03,1,39.67,Next-Day,Wallet,22,Female,City91,784.911399,2.0,0.2,0,2023,12,0
Clothing,1852.25,5,17.94,Next-Day,Credit Card,27,Male,City2,7599.78175,2.0,1.0,1,2023,3,6
Home Appliances,1023.19,3,0.15,Express,COD,34,Male,City78,3064.965645,1.5,0.6000000000000001,0,2025,4,1
Electronics,199.47,4,36.32,Express,Debit Card,63,Male,City46,508.089984,1.5,0.8,0,2025,7,2
Books,478.24,1,22.56,Express,COD,54,Female,City98,370.349056,1.5,0.2,0,2022,5,4
Toys,635.85,1,38.85,Next-Day,Wallet,61,Male,City82,388.822275,2.0,0.2,1,2024,7,3
Clothing,636.66,2,11.68,Express,COD,55,Male,City2,1124.596224,1.5,0.4,0,2024,11,1
Books,187.05,2,18.4,Standard,Wallet,22,Female,City5,305.26560000000006,1.0,0.4,0,2022,6,5
Clothing,715.0,1,23.23,Next-Day,Credit Card,35,Female,City52,548.9055000000001,2.0,0.2,0,2022,4,5
Toys,1688.16,2,20.7,Next-Day,Debit Card,64,Male,City72,2677.42176,2.0,0.4,0,2025,5,5
Clothing,251.17,3,35.25,Standard,Credit Card,58,Female,City38,487.897725,1.0,0.6000000000000001,1,2025,1,5
Electronics,1975.72,3,32.85,Standard,Wallet,56,Male,City98,3980.08794,1.0,0.6000000000000001,1,2023,1,0
Toys,309.68,2,14.25,Next-Day,Debit Card,23,Female,City41,531.1012000000001,2.0,0.4,0,2023,6,1
Clothing,636.65,5,41.41,Standard,COD,59,Male,City26,1865.0661750000004,1.0,1.0,0,2023,4,5
Clothing,1585.02,1,3.41,Next-Day,Credit Card,53,Male,City84,1530.970818,2.0,0.2,0,2025,3,4
Home Appliances,349.28,4,35.33,Next-Day,COD,39,Male,City86,903.517504,2.0,0.8,0,2024,2,1
Toys,883.27,5,5.39,Next-Day,Wallet,34,Male,City73,4178.3087350000005,2.0,1.0,0,2025,4,3
Clothing,1555.6,5,22.29,Express,Debit Card,61,Male,City16,6044.2838,1.5,1.0,1,2023,10,2
Electronics,1768.0,2,28.81,Next-Day,Wallet,48,Female,City98,2517.2784,2.0,0.4,0,2022,5,2
Clothing,1724.21,4,36.12,Next-Day,COD,24,Female,City93,4405.701392,2.0,0.8,0,2022,8,2
Clothing,1148.92,3,16.69,Next-Day,Wallet,33,Male,City68,2871.495756,2.0,0.6000000000000001,0,2025,8,2
Electronics,1667.77,4,41.8,Next-Day,COD,45,Male,City15,3882.5685600000006,2.0,0.8,1,2024,1,1
Electronics,1353.23,4,45.23,Standard,Credit Card,54,Female,City37,2964.6562840000006,1.0,0.8,1,2022,3,6
Home Appliances,285.07,5,12.09,Standard,COD,36,Female,City65,1253.025185,1.0,1.0,0,2024,10,5
Clothing,1356.97,5,43.71,Express,Credit Card,65,Female,City77,3819.192065,1.5,1.0,0,2023,6,5
Clothing,1253.88,3,18.24,Next-Day,Wallet,26,Female,City10,3075.516864,2.0,0.6000000000000001,0,2023,8,3
Clothing,1396.95,3,31.94,Standard,Credit Card,40,Male,City63,2852.29251,1.0,0.6000000000000001,0,2025,5,6
Clothing,325.54,5,6.37,Standard,Credit Card,44,Male,City75,1524.0155100000002,1.0,1.0,0,2023,7,1
Home Appliances,500.84,3,27.73,Express,Wallet,38,Male,City61,1085.871204,1.5,0.6000000000000001,0,2022,2,3
Electronics,488.04,2,4.21,Next-Day,Wallet,26,Male,City85,934.987032,2.0,0.4,0,2025,1,0
Home Appliances,1094.52,3,12.17,Next-Day,COD,19,Female,City37,2883.950748,2.0,0.6000000000000001,0,2023,4,3
Electronics,215.45,5,38.32,Express,COD,59,Male,City99,664.4478,1.5,1.0,0,2022,6,4
Home Appliances,1592.15,5,29.59,Next-Day,COD,24,Male,City91,5605.164075,2.0,1.0,0,2023,12,6
Clothing,1304.33,3,38.84,Express,Credit Card,45,Male,City71,2393.1846839999994,1.5,0.6000000000000001,0,2024,12,6
Clothing,884.9,5,3.12,Standard,Debit Card,39,Male,City26,4286.4556,1.0,1.0,0,2024,9,3
Clothing,1541.66,5,43.82,Next-Day,Debit Card,48,Female,City73,4330.522940000001,2.0,1.0,0,2024,12,3
Clothing,248.92,2,43.44,Next-Day,Wallet,20,Female,City70,281.57830400000006,2.0,0.4,1,2022,3,6
Toys,146.95,3,4.92,Express,Credit Card,36,Male,City60,419.16018,1.5,0.6000000000000001,0,2023,3,5
Books,761.0,1,14.2,Standard,Wallet,23,Female,City25,652.938,1.0,0.2,1,2023,2,1
Clothing,1179.33,2,15.58,Next-Day,Credit Card,62,Male,City44,1991.180772,2.0,0.4,1,2025,8,0
Clothing,1261.24,1,9.49,Standard,Wallet,50,Male,City35,1141.548324,1.0,0.2,1,2024,11,3
Toys,542.88,5,14.44,Express,Wallet,41,Male,City96,2322.4406400000003,1.5,1.0,0,2024,8,5
Electronics,478.23,2,10.5,Next-Day,COD,27,Male,City75,856.0317,2.0,0.4,0,2025,2,3
Electronics,224.98,4,32.51,Express,Debit Card,60,Male,City54,607.356008,1.5,0.8,0,2024,2,2
Electronics,353.76,2,21.73,Next-Day,Debit Card,63,Female,City19,553.775904,2.0,0.4,0,2022,6,6
Home Appliances,1417.13,5,48.42,Next-Day,COD,51,Female,City47,3654.7782700000007,2.0,1.0,1,2024,2,1
Books,1265.24,4,7.35,Next-Day,Debit Card,32,Male,City33,4688.97944,2.0,0.8,0,2023,3,4
Clothing,1353.39,5,21.04,Express,Credit Card,63,Male,City2,5343.18372,1.5,1.0,1,2025,2,6
Toys,1612.78,4,23.52,Standard,Debit Card,39,Female,City46,4933.816576,1.0,0.8,1,2023,3,0
Clothing,1748.26,2,27.32,Standard,Credit Card,56,Female,City59,2541.270736,1.0,0.4,0,2024,11,5
Clothing,224.29,5,14.07,Next-Day,Wallet,49,Male,City18,963.661985,2.0,1.0,0,2025,6,4
Toys,1737.16,3,24.33,Express,COD,45,Male,City3,3943.5269160000007,1.5,0.6000000000000001,0,2024,6,0
Electronics,174.21,1,1.74,Next-Day,Wallet,25,Female,City77,171.17874600000002,2.0,0.2,1,2025,5,2
Clothing,1834.55,5,35.16,Express,Wallet,51,Female,City90,5947.611100000001,1.5,1.0,0,2025,3,0
Electronics,422.03,5,49.49,Express,Debit Card,33,Male,City44,1065.8367649999998,1.5,1.0,0,2024,2,6
Home Appliances,1474.65,2,3.05,Standard,Debit Card,50,Female,City73,2859.3463500000003,1.0,0.4,0,2022,9,6
Clothing,556.28,2,15.26,Next-Day,Debit Card,28,Female,City94,942.783344,2.0,0.4,0,2024,10,5
Electronics,1686.71,2,22.57,Standard,Debit Card,19,Male,City33,2612.039106,1.0,0.4,0,2024,2,4
Clothing,136.59,4,8.76,Standard,Debit Card,51,Male,City92,498.498864,1.0,0.8,1,2024,1,6
Clothing,1255.44,1,11.43,Express,Credit Card,20,Female,City11,1111.943208,1.5,0.2,1,2022,5,5
Clothing,662.7,5,15.25,Express,Credit Card,28,Male,City52,2808.1912500000003,1.5,1.0,0,2022,11,5
Clothing,805.47,2,45.05,Standard,Debit Card,43,Female,City23,885.2115300000002,1.0,0.4,1,2024,11,1
Electronics,1163.29,2,36.75,Express,Credit Card,64,Female,City79,1471.56185,1.5,0.4,1,2022,5,6
Books,1597.24,2,24.56,Express,COD,29,Female,City91,2409.915712,1.5,0.4,0,2023,8,3
Toys,1846.09,2,5.27,Next-Day,Credit Card,32,Male,City52,3497.602114,2.0,0.4,0,2022,11,4
Electronics,1101.38,3,25.5,Next-Day,COD,65,Female,City81,2461.5843000000004,2.0,0.6000000000000001,0,2024,2,2
Home Appliances,502.32,2,5.5,Standard,Credit Card,58,Male,City78,949.3848,1.0,0.4,0,2022,6,6
Clothing,568.58,3,10.53,Express,COD,64,Male,City52,1526.1255780000004,1.5,0.6000000000000001,1,2023,4,5
Books,1801.3,3,32.37,Next-Day,COD,58,Male,City14,3654.65757,2.0,0.6000000000000001,1,2025,8,1
Clothing,1308.54,4,40.03,Standard,COD,41,Male,City97,3138.925752,1.0,0.8,0,2023,4,1
Electronics,431.11,1,18.2,Standard,COD,34,Male,City96,352.64798,1.0,0.2,0,2022,12,1
Clothing,1072.39,4,26.95,Next-Day,Debit Card,33,Male,City40,3133.52358,2.0,0.8,1,2025,3,1
Clothing,885.23,1,49.76,Express,Credit Card,45,Female,City2,444.739552,1.5,0.2,1,2024,7,3
Electronics,1105.74,3,3.69,Express,Wallet,35,Female,City59,3194.814582,1.5,0.6000000000000001,0,2025,1,5
Clothing,751.72,5,1.01,Standard,COD,50,Female,City89,3720.638140000001,1.0,1.0,1,2023,10,6
Electronics,1947.07,2,45.38,Standard,Wallet,64,Female,City100,2126.979268,1.0,0.4,0,2023,9,1
Clothing,1237.7,3,44.36,Next-Day,Debit Card,22,Male,City88,2065.96884,2.0,0.6000000000000001,0,2025,8,5
Books,851.9,1,5.17,Next-Day,Debit Card,41,Female,City53,807.85677,2.0,0.2,0,2022,9,3
Books,1690.46,5,40.27,Next-Day,COD,23,Male,City82,5048.558789999999,2.0,1.0,0,2022,12,3
Toys,1449.42,5,27.53,Express,Wallet,29,Male,City26,5251.973370000001,1.5,1.0,0,2022,1,0
Books,1583.65,3,26.88,Next-Day,Debit Card,34,Female,City23,3473.894640000001,2.0,0.6000000000000001,0,2022,12,0
Electronics,895.42,3,29.97,Express,COD,31,Female,City12,1881.187878,1.5,0.6000000000000001,0,2025,6,1
Electronics,1103.06,2,27.29,Express,COD,56,Male,City79,1604.069852,1.5,0.4,0,2025,7,1
Books,1417.6,2,8.17,Standard,Credit Card,57,Female,City16,2603.56416,1.0,0.4,0,2022,3,2
Clothing,166.77,4,26.25,Express,Debit Card,60,Female,City70,491.9715000000001,1.5,0.8,1,2022,4,2
Electronics,596.68,5,49.3,Next-Day,Debit Card,46,Male,City89,1512.5838,2.0,1.0,0,2025,1,0
Clothing,205.69,5,45.46,Next-Day,COD,24,Male,City27,560.91663,2.0,1.0,1,2024,5,0
Electronics,952.37,3,4.14,Standard,Credit Card,48,Male,City37,2738.825646,1.0,0.6000000000000001,0,2023,8,2
Clothing,1306.7,2,4.26,Standard,Credit Card,46,Male,City31,2502.06916,1.0,0.4,0,2024,7,3
Home Appliances,1601.61,4,4.88,Express,COD,45,Female,City50,6093.805728,1.5,0.8,0,2024,8,6
Clothing,1209.49,4,39.72,Standard,Wallet,46,Male,City88,2916.322288,1.0,0.8,0,2025,2,4
Toys,919.21,2,15.0,Next-Day,COD,53,Male,City53,1562.657,2.0,0.4,0,2024,6,5
Books,955.36,3,1.77,Express,COD,36,Male,City77,2815.350384,1.5,0.6000000000000001,1,2023,11,2
Clothing,1824.59,3,10.83,Express,COD,27,Male,City46,4880.960708999999,1.5,0.6000000000000001,0,2025,1,4
Clothing,1818.39,1,15.0,Next-Day,COD,53,Female,City94,1545.6315,2.0,0.2,0,2025,6,4
Toys,273.58,2,17.07,Standard,Credit Card,64,Male,City100,453.759788,1.0,0.4,0,2024,11,1
Electronics,325.37,2,1.96,Express,Credit Card,39,Male,City76,637.985496,1.5,0.4,0,2022,12,3
Toys,1435.2,5,38.82,Standard,COD,65,Female,City81,4390.2768,1.0,1.0,0,2023,4,5
Electronics,1396.65,2,45.6,Standard,Wallet,20,Female,City2,1519.5552000000002,1.0,0.4,0,2022,2,2
Clothing,1217.22,3,18.51,Next-Day,Wallet,24,Male,City47,2975.737734,2.0,0.6000000000000001,1,2025,5,0
Electronics,164.38,1,39.68,Next-Day,Debit Card,23,Male,City48,99.15401599999998,2.0,0.2,0,2025,2,4
Clothing,499.02,5,11.38,Standard,Wallet,40,Female,City55,2211.15762,1.0,1.0,0,2022,5,1
Books,1285.47,1,20.15,Express,Debit Card,50,Female,City43,1026.447795,1.5,0.2,0,2022,12,6
Electronics,1172.3,2,39.21,Standard,Wallet,51,Female,City24,1425.28234,1.0,0.4,0,2022,6,6
Clothing,173.86,3,10.8,Express,Debit Card,30,Male,City17,465.24936,1.5,0.6000000000000001,1,2022,3,3
Toys,1219.06,2,22.22,Next-Day,COD,22,Male,City83,1896.369736,2.0,0.4,1,2022,2,5
Electronics,223.33,1,44.59,Next-Day,Credit Card,25,Female,City6,123.747153,2.0,0.2,1,2022,5,3
Books,1304.96,1,0.64,Next-Day,Debit Card,49,Female,City63,1296.608256,2.0,0.2,0,2024,5,5
Toys,149.56,5,20.95,Express,Wallet,57,Male,City60,591.1359,1.5,1.0,0,2022,6,0
Electronics,1991.2,3,14.82,Express,Wallet,20,Male,City21,5088.3124800000005,1.5,0.6000000000000001,0,2023,1,1
Clothing,1826.83,2,6.47,Express,Debit Card,60,Female,City50,3417.268198,1.5,0.4,1,2022,10,6
Electronics,984.31,1,13.26,Standard,Credit Card,52,Female,City45,853.7904939999999,1.0,0.2,0,2023,8,5
Electronics,1105.82,1,27.89,Standard,Credit Card,51,Male,City12,797.4068020000001,1.0,0.2,0,2022,11,0
Toys,1723.04,4,28.38,Standard,Debit Card,35,Male,City68,4936.164992,1.0,0.8,0,2023,8,6
Toys,1416.38,2,14.26,Next-Day,Credit Card,64,Female,City28,2428.808424,2.0,0.4,0,2022,2,4
Clothing,194.48,1,40.09,Standard,Wallet,46,Female,City13,116.512968,1.0,0.2,1,2025,6,0
Electronics,582.81,1,29.38,Express,Wallet,53,Male,City27,411.580422,1.5,0.2,0,2022,6,4
Home Appliances,133.54,4,0.22,Next-Day,Wallet,64,Female,City73,532.9848479999999,2.0,0.8,1,2024,11,6
Home Appliances,655.95,1,41.9,Next-Day,COD,48,Male,City63,381.10695,2.0,0.2,0,2024,3,0
Electronics,1978.26,3,39.98,Standard,Credit Card,31,Female,City67,3562.0549560000004,1.0,0.6000000000000001,0,2025,8,1
Home Appliances,946.01,1,17.87,Express,Debit Card,35,Female,City25,776.958013,1.5,0.2,0,2024,6,3
Clothing,895.2,1,13.0,Next-Day,COD,43,Male,City91,778.8240000000001,2.0,0.2,1,2024,12,1
Clothing,1311.68,3,24.53,Express,Credit Card,20,Male,City2,2969.7746879999995,1.5,0.6000000000000001,0,2025,3,5
Toys,724.68,4,23.16,Standard,Wallet,30,Female,City95,2227.376448,1.0,0.8,0,2025,6,2
Toys,855.64,4,49.75,Express,Debit Card,45,Female,City99,1719.8363999999997,1.5,0.8,0,2023,2,4
Toys,1399.95,1,44.89,Standard,Debit Card,30,Female,City98,771.512445,1.0,0.2,0,2023,1,2
Home Appliances,733.37,5,48.18,Standard,Wallet,45,Male,City42,1900.16167,1.0,1.0,0,2023,3,4
Books,324.34,4,15.31,Standard,Debit Card,20,Male,City79,1098.734184,1.0,0.8,1,2023,4,3
Home Appliances,967.01,1,39.64,Next-Day,Debit Card,58,Female,City50,583.6872359999999,2.0,0.2,0,2024,2,2
Toys,1666.61,4,49.77,Next-Day,Wallet,22,Female,City71,3348.5528119999994,2.0,0.8,1,2023,9,0
Electronics,832.59,5,27.85,Express,Wallet,41,Male,City23,3003.568425,1.5,1.0,0,2023,10,2
Electronics,560.15,5,23.37,Standard,Credit Card,19,Female,City80,2146.214725,1.0,1.0,0,2025,1,5
Clothing,734.77,2,6.9,Next-Day,Wallet,20,Male,City30,1368.14174,2.0,0.4,0,2025,1,4
Home Appliances,127.64,5,44.62,Express,Debit Card,29,Female,City95,353.43516000000005,1.5,1.0,0,2022,7,4
Toys,1375.38,1,47.78,Express,Wallet,33,Female,City84,718.2234360000001,1.5,0.2,0,2023,9,5
Electronics,101.62,3,49.2,Express,Debit Card,35,Female,City87,154.86888000000002,1.5,0.6000000000000001,1,2022,1,6
Clothing,1294.11,1,44.49,Next-Day,Credit Card,38,Male,City98,718.3604609999999,2.0,0.2,0,2023,6,1
Toys,1470.0,5,6.97,Standard,COD,50,Female,City28,6837.705,1.0,1.0,0,2022,6,6
Electronics,1085.29,2,0.86,Express,COD,60,Female,City12,2151.913012,1.5,0.4,0,2025,3,5
Books,1343.82,4,15.48,Next-Day,Credit Card,56,Male,City49,4543.186656,2.0,0.8,0,2022,4,1
Electronics,1803.26,4,43.28,Standard,Credit Card,48,Female,City59,4091.236288,1.0,0.8,0,2024,10,6
Clothing,494.77,1,38.59,Standard,Credit Card,33,Male,City94,303.838257,1.0,0.2,1,2023,4,4
Books,180.77,4,48.08,Next-Day,COD,58,Male,City20,375.423136,2.0,0.8,1,2023,11,5
Clothing,1082.52,2,14.27,Standard,COD,46,Female,City77,1856.088792,1.0,0.4,1,2022,11,1
Clothing,1866.41,5,28.25,Standard,COD,38,Female,City18,6695.745875000001,1.0,1.0,1,2024,4,1
Electronics,225.1,5,41.99,Standard,Credit Card,38,Female,City73,652.90255,1.0,1.0,0,2023,11,4
Clothing,1767.3,2,24.18,Next-Day,Credit Card,22,Male,City60,2679.93372,2.0,0.4,0,2025,2,5
Clothing,366.94,5,34.77,Standard,Debit Card,60,Male,City33,1196.77481,1.0,1.0,1,2024,5,2
Home Appliances,302.07,2,23.53,Next-Day,COD,22,Male,City77,461.985858,2.0,0.4,1,2022,6,5
Home Appliances,313.33,1,31.21,Next-Day,COD,18,Male,City73,215.539707,2.0,0.2,0,2024,10,2
Toys,896.0,2,17.2,Express,Debit Card,55,Female,City60,1483.776,1.5,0.4,0,2024,1,0
Toys,1346.64,4,44.36,Next-Day,Credit Card,54,Male,City29,2997.0819840000004,2.0,0.8,0,2024,6,2
Clothing,1079.52,5,4.07,Standard,Credit Card,37,Male,City92,5177.9176800000005,1.0,1.0,0,2023,12,0
Electronics,1246.65,3,2.21,Next-Day,COD,30,Female,City58,3657.297105,2.0,0.6000000000000001,1,2024,8,5
Books,517.03,1,36.97,Express,Debit Card,40,Male,City68,325.88400900000005,1.5,0.2,1,2022,2,4
Clothing,544.38,2,44.25,Standard,Debit Card,29,Female,City13,606.9837,1.0,0.4,0,2024,12,0
Books,441.42,5,14.82,Express,Credit Card,56,Male,City16,1880.00778,1.5,1.0,0,2024,2,5
Electronics,931.01,4,27.06,Standard,Debit Card,28,Male,City54,2716.314776,1.0,0.8,0,2022,5,0
Clothing,257.24,2,16.87,Next-Day,Credit Card,65,Male,City43,427.687224,2.0,0.4,1,2022,3,5
Books,697.58,4,15.96,Standard,Credit Card,30,Female,City91,2344.9849280000003,1.0,0.8,0,2023,6,1
Electronics,1213.87,1,16.82,Next-Day,Credit Card,39,Female,City34,1009.6970659999998,2.0,0.2,0,2025,4,4
Clothing,784.27,1,14.3,Express,Credit Card,49,Female,City16,672.11939,1.5,0.2,0,2025,5,5
Clothing,284.54,5,19.7,Standard,Wallet,42,Male,City35,1142.4281,1.0,1.0,0,2023,1,0
Electronics,1302.39,2,40.64,Next-Day,Debit Card,43,Male,City56,1546.1974080000002,2.0,0.4,0,2025,5,3
Books,683.97,2,29.59,Next-Day,Wallet,61,Male,City36,963.166554,2.0,0.4,0,2024,8,1
Clothing,1100.47,5,14.32,Standard,Wallet,22,Female,City54,4714.41348,1.0,1.0,0,2023,12,1
Electronics,224.99,1,10.75,Express,Credit Card,34,Male,City63,200.803575,1.5,0.2,1,2023,12,5
Electronics,285.5,5,29.81,Express,Wallet,59,Male,City37,1001.96225,1.5,1.0,1,2023,8,2
Clothing,392.45,2,44.55,Next-Day,Debit Card,63,Male,City57,435.22705,2.0,0.4,1,2024,2,1
Clothing,336.06,4,7.02,Next-Day,Credit Card,62,Male,City62,1249.874352,2.0,0.8,1,2023,4,5
Clothing,1592.27,4,19.18,Express,Debit Card,21,Female,City80,5147.490456,1.5,0.8,0,2025,1,0
Clothing,1281.76,4,33.46,Express,Debit Card,37,Male,City95,3411.532416,1.5,0.8,0,2025,2,5
Clothing,1945.53,5,12.7,Standard,COD,38,Male,City45,8492.238449999999,1.0,1.0,0,2022,2,5
Electronics,1733.84,5,49.64,Next-Day,Debit Card,30,Female,City81,4365.80912,2.0,1.0,0,2025,3,3
Books,920.74,2,46.09,Standard,Wallet,32,Female,City68,992.7418679999998,1.0,0.4,0,2022,6,6
Books,1571.01,2,26.45,Express,Credit Card,51,Male,City66,2310.95571,1.5,0.4,0,2022,9,6
Electronics,1876.6,3,0.86,Express,Credit Card,44,Male,City42,5581.383719999999,1.5,0.6000000000000001,0,2024,8,2
Electronics,1968.03,5,47.5,Standard,Wallet,19,Female,City66,5166.07875,1.0,1.0,0,2022,9,1
Electronics,1130.87,3,1.24,Express,COD,39,Female,City95,3350.541636,1.5,0.6000000000000001,0,2025,3,4
Electronics,1578.39,2,33.97,Standard,Credit Card,39,Female,City25,2084.421834,1.0,0.4,1,2025,8,6
Toys,293.41,1,11.25,Standard,Wallet,61,Female,City81,260.40137500000003,1.0,0.2,0,2022,5,3
Books,1377.61,2,29.36,Express,COD,58,Male,City94,1946.287408,1.5,0.4,0,2022,4,0
Toys,587.2,5,16.21,Standard,Credit Card,23,Female,City57,2460.0744,1.0,1.0,0,2023,2,3
Books,1373.46,1,14.16,Standard,COD,54,Female,City49,1178.978064,1.0,0.2,0,2023,12,3
Electronics,150.15,1,19.06,Next-Day,Wallet,53,Female,City62,121.53141,2.0,0.2,0,2024,5,2
Clothing,1083.39,3,25.0,Standard,COD,26,Female,City14,2437.6275,1.0,0.6000000000000001,0,2022,12,1
Electronics,1651.7,1,22.74,Next-Day,Credit Card,60,Female,City65,1276.10342,2.0,0.2,0,2022,7,4
Clothing,1976.56,2,10.09,Express,COD,63,Male,City2,3554.250192,1.5,0.4,1,2024,11,1
Electronics,1708.65,2,11.4,Express,Credit Card,21,Male,City1,3027.7278,1.5,0.4,0,2023,3,5
Books,201.17,1,7.88,Next-Day,Debit Card,61,Female,City100,185.317804,2.0,0.2,0,2023,5,4
Electronics,1472.99,3,25.38,Express,Wallet,51,Male,City25,3297.435414,1.5,0.6000000000000001,0,2024,9,6
Books,466.87,2,39.64,Next-Day,Credit Card,41,Male,City2,563.6054639999999,2.0,0.4,0,2022,7,0
Books,982.6,3,3.19,Next-Day,Wallet,62,Male,City47,2853.76518,2.0,0.6000000000000001,0,2023,5,3
Electronics,704.12,3,42.28,Next-Day,Debit Card,42,Female,City6,1219.254192,2.0,0.6000000000000001,1,2024,6,5
Electronics,997.37,5,36.49,Standard,COD,64,Female,City83,3167.148435,1.0,1.0,0,2025,5,1
Books,349.88,2,45.51,Next-Day,Debit Card,52,Female,City70,381.299224,2.0,0.4,1,2023,3,3
Home Appliances,415.35,4,42.9,Standard,COD,54,Female,City67,948.6594,1.0,0.8,0,2025,2,6
Books,1884.32,5,18.82,Next-Day,COD,35,Female,City3,7648.45488,2.0,1.0,0,2025,3,5
Clothing,609.13,3,44.85,Next-Day,COD,63,Male,City87,1007.805585,2.0,0.6000000000000001,0,2022,5,5
Clothing,1247.83,5,38.34,Next-Day,Wallet,57,Female,City30,3847.05989,2.0,1.0,0,2022,7,1
Home Appliances,1455.85,4,16.03,Standard,Debit Card,30,Female,City37,4889.90898,1.0,0.8,0,2022,3,3
Home Appliances,1021.15,1,8.85,Next-Day,COD,54,Female,City52,930.778225,2.0,0.2,0,2024,3,1
Toys,447.01,1,37.85,Next-Day,Credit Card,28,Female,City79,277.816715,2.0,0.2,0,2023,4,6
Electronics,1776.31,1,7.98,Next-Day,Wallet,43,Male,City78,1634.560462,2.0,0.2,0,2024,6,4
Books,111.5,4,22.67,Next-Day,Credit Card,58,Male,City88,344.8918,2.0,0.8,0,2024,8,0
Books,1034.51,2,33.61,Next-Day,Wallet,58,Female,City93,1373.6223779999998,2.0,0.4,0,2023,2,5
Clothing,1292.06,5,24.02,Next-Day,COD,52,Male,City46,4908.53594,2.0,1.0,0,2022,4,0
Clothing,506.51,4,6.58,Express,Debit Card,59,Female,City42,1892.726568,1.5,0.8,1,2024,4,6
Clothing,1263.09,4,33.38,Express,Debit Card,43,Male,City72,3365.8822319999995,1.5,0.8,1,2024,10,6
Clothing,599.18,1,9.43,Standard,COD,28,Male,City72,542.6773259999999,1.0,0.2,0,2024,12,1
Electronics,951.65,2,22.5,Next-Day,Wallet,57,Male,City30,1475.0575,2.0,0.4,0,2022,12,5
Clothing,1894.4,2,37.47,Standard,COD,51,Male,City44,2369.13664,1.0,0.4,1,2022,10,5
Clothing,797.35,2,3.86,Next-Day,Credit Card,33,Male,City12,1533.14458,2.0,0.4,0,2023,10,6
Electronics,614.37,4,14.84,Next-Day,Wallet,61,Female,City25,2092.789968,2.0,0.8,0,2024,4,6
Clothing,1580.04,5,9.1,Next-Day,Credit Card,55,Female,City16,7181.2818,2.0,1.0,0,2022,2,4
Books,543.51,2,46.1,Next-Day,Credit Card,52,Female,City74,585.9037799999999,2.0,0.4,0,2024,7,5
Books,752.11,1,21.68,Standard,Wallet,25,Male,City15,589.052552,1.0,0.2,0,2022,5,0
Clothing,624.8,4,36.82,Standard,Debit Card,59,Female,City67,1578.9945599999996,1.0,0.8,0,2023,7,4
Clothing,1980.74,3,29.21,Standard,Debit Card,22,Male,City75,4206.497538,1.0,0.6000000000000001,0,2024,7,0
Home Appliances,1643.67,3,45.04,Next-Day,Wallet,37,Male,City90,2710.0830960000008,2.0,0.6000000000000001,0,2023,7,1
Clothing,513.84,3,24.65,Express,Wallet,56,Female,City59,1161.5353200000002,1.5,0.6000000000000001,0,2022,5,2
Books,1431.99,4,25.17,Standard,Credit Card,28,Female,City28,4286.232468,1.0,0.8,0,2025,1,0
Clothing,862.8,3,32.59,Next-Day,Debit Card,42,Male,City54,1744.8404399999995,2.0,0.6000000000000001,0,2024,1,1
Electronics,441.57,2,14.19,Standard,Wallet,35,Male,City67,757.8224339999999,1.0,0.4,0,2022,9,1
Electronics,522.98,2,6.07,Standard,COD,25,Male,City63,982.470228,1.0,0.4,0,2025,4,1
Electronics,243.64,2,31.71,Next-Day,Debit Card,44,Female,City28,332.763512,2.0,0.4,1,2025,1,2
Home Appliances,1036.25,5,43.72,Next-Day,Wallet,44,Male,City52,2916.0075,2.0,1.0,0,2025,3,2
Toys,1809.52,4,16.47,Standard,COD,46,Female,City78,6045.968224,1.0,0.8,0,2025,1,2
Electronics,1284.92,1,27.57,Standard,Credit Card,37,Female,City61,930.667556,1.0,0.2,1,2023,4,0
Electronics,1670.2,5,2.02,Express,COD,30,Male,City39,8182.3098,1.5,1.0,0,2025,2,3
Books,215.17,4,25.03,Next-Day,Credit Card,18,Female,City44,645.251796,2.0,0.8,1,2023,5,2
Clothing,1278.02,4,27.15,Next-Day,Debit Card,44,Male,City2,3724.15028,2.0,0.8,0,2023,11,0
Electronics,1577.94,4,20.5,Standard,Wallet,22,Female,City5,5017.849200000001,1.0,0.8,0,2024,3,0
Clothing,529.43,2,42.07,Standard,Credit Card,63,Male,City38,613.3975979999999,1.0,0.4,0,2025,7,3
Electronics,1995.58,5,5.88,Standard,Debit Card,20,Female,City62,9391.19948,1.0,1.0,0,2022,11,2
Clothing,1398.5,5,11.73,Express,Credit Card,50,Female,City22,6172.279750000001,1.5,1.0,1,2024,2,1
Toys,637.02,4,33.59,Express,Wallet,64,Male,City64,1692.1799279999998,1.5,0.8,1,2023,2,4
Home Appliances,1266.33,4,49.97,Standard,Debit Card,47,Female,City87,2534.1795959999995,1.0,0.8,0,2022,10,4
Books,1767.4,4,16.03,Next-Day,Credit Card,62,Female,City10,5936.34312,2.0,0.8,0,2022,8,4
Home Appliances,675.57,3,37.59,Next-Day,Debit Card,63,Male,City35,1264.869711,2.0,0.6000000000000001,0,2023,7,5
Electronics,1372.11,3,36.13,Express,COD,47,Female,City85,2629.099971,1.5,0.6000000000000001,0,2022,5,1
Electronics,1313.13,5,44.76,Next-Day,COD,61,Male,City51,3626.865060000001,2.0,1.0,1,2023,8,1
Books,1047.35,2,31.7,Express,Debit Card,53,Female,City12,1430.6801,1.5,0.4,0,2022,4,2
Clothing,1981.64,2,36.57,Standard,Debit Card,49,Male,City45,2513.908504,1.0,0.4,1,2024,2,1
Clothing,1890.15,3,34.86,Express,Wallet,34,Female,City27,3693.7311300000006,1.5,0.6000000000000001,0,2022,1,1
Clothing,1723.25,1,42.3,Express,Debit Card,62,Male,City85,994.31525,1.5,0.2,0,2025,5,6
Books,407.08,4,18.57,Express,Wallet,64,Male,City19,1325.940976,1.5,0.8,0,2024,6,2
Toys,523.0,3,49.6,Standard,Wallet,63,Female,City69,790.776,1.0,0.6000000000000001,1,2022,9,6
Electronics,1088.73,1,1.0,Next-Day,Debit Card,51,Male,City15,1077.8427,2.0,0.2,0,2024,11,5
Clothing,163.66,3,19.27,Express,Credit Card,49,Female,City29,396.368154,1.5,0.6000000000000001,0,2024,9,4
Books,1019.2,5,4.09,Next-Day,COD,34,Male,City65,4887.5736,2.0,1.0,1,2025,8,0
Electronics,915.11,2,8.49,Express,COD,42,Female,City95,1674.8343220000002,1.5,0.4,1,2022,7,6
Electronics,1951.32,5,7.23,Next-Day,Credit Card,28,Male,City1,9051.19782,2.0,1.0,0,2024,9,0
Books,1776.06,3,7.21,Standard,Credit Card,64,Female,City24,4944.018222,1.0,0.6000000000000001,0,2024,7,5
Electronics,105.28,2,47.83,Standard,Credit Card,38,Male,City31,109.84915200000002,1.0,0.4,0,2023,5,6
Toys,1513.71,2,7.72,Standard,Debit Card,18,Male,City36,2793.7031760000004,1.0,0.4,0,2024,8,4
Clothing,749.93,3,49.04,Express,Wallet,25,Male,City86,1146.4929840000002,1.5,0.6000000000000001,1,2023,4,5
Clothing,1166.92,2,25.4,Standard,Wallet,41,Female,City46,1741.04464,1.0,0.4,1,2025,7,5
Clothing,597.8,1,5.95,Next-Day,Debit Card,52,Female,City92,562.2308999999999,2.0,0.2,1,2024,2,4
Home Appliances,364.12,1,44.54,Next-Day,Credit Card,32,Female,City64,201.940952,2.0,0.2,1,2025,3,6
Clothing,1650.25,5,8.79,Express,Wallet,65,Male,City45,7525.965125000001,1.5,1.0,1,2024,5,0
Clothing,1759.23,5,4.89,Standard,COD,57,Male,City94,8366.018265,1.0,1.0,1,2024,9,6
Clothing,136.72,3,2.31,Standard,COD,31,Female,City46,400.685304,1.0,0.6000000000000001,1,2022,12,1
Clothing,1928.66,1,11.49,Standard,Debit Card,54,Female,City90,1707.056966,1.0,0.2,0,2025,3,3
Clothing,1374.56,2,10.54,Express,COD,58,Female,City28,2459.362752,1.5,0.4,1,2023,7,3
Books,732.61,5,12.15,Next-Day,Wallet,38,Male,City45,3217.989425,2.0,1.0,0,2025,7,3
Toys,790.35,1,30.93,Next-Day,COD,44,Female,City75,545.8947450000001,2.0,0.2,0,2022,11,2
Electronics,1733.56,5,26.45,Next-Day,Wallet,44,Male,City26,6375.1669,2.0,1.0,1,2023,12,3
Toys,335.64,2,5.48,Express,Credit Card,20,Male,City35,634.493856,1.5,0.4,0,2022,8,1
Home Appliances,699.4,3,15.28,Next-Day,COD,43,Male,City74,1777.5950399999997,2.0,0.6000000000000001,0,2024,2,6
Clothing,1441.54,2,2.19,Express,Credit Card,48,Male,City80,2819.940548,1.5,0.4,0,2024,11,2
Electronics,894.21,5,21.43,Standard,Credit Card,21,Female,City91,3512.9039850000004,1.0,1.0,0,2023,9,3
Clothing,154.68,4,28.17,Standard,Credit Card,57,Female,City85,444.426576,1.0,0.8,0,2023,2,2
Electronics,1349.45,3,24.41,Express,Wallet,61,Female,City64,3060.147765,1.5,0.6000000000000001,0,2024,12,1
Home Appliances,130.03,4,7.72,Next-Day,Credit Card,50,Male,City72,479.966736,2.0,0.8,0,2024,11,1
Electronics,462.54,5,31.1,Next-Day,COD,30,Male,City58,1593.4503000000004,2.0,1.0,0,2022,10,6
Toys,1381.02,3,24.25,Next-Day,COD,46,Female,City37,3138.36795,2.0,0.6000000000000001,0,2025,7,2
Clothing,1846.72,5,12.76,Express,Debit Card,21,Male,City95,8055.392640000001,1.5,1.0,0,2022,4,4
Books,404.35,1,23.33,Express,Debit Card,56,Female,City20,310.015145,1.5,0.2,0,2024,10,2
Clothing,1548.54,3,42.84,Express,Wallet,36,Female,City92,2655.436392,1.5,0.6000000000000001,0,2022,10,4
Clothing,613.34,2,31.98,Next-Day,Debit Card,23,Female,City95,834.3877359999999,2.0,0.4,0,2024,10,0
Electronics,947.55,3,37.38,Express,Credit Card,19,Female,City40,1780.0674299999996,1.5,0.6000000000000001,0,2024,2,4
Books,476.41,1,12.67,Express,Credit Card,48,Male,City42,416.048853,1.5,0.2,1,2025,4,3
Books,766.9,4,7.61,Next-Day,Wallet,49,Female,City48,2834.15564,2.0,0.8,0,2023,7,3
Electronics,227.95,4,48.72,Standard,COD,27,Male,City98,467.57104,1.0,0.8,0,2024,4,4
Electronics,1965.72,4,9.05,Standard,COD,28,Female,City84,7151.28936,1.0,0.8,1,2022,12,3
Electronics,1927.96,5,43.81,Next-Day,COD,25,Female,City94,5416.603619999999,2.0,1.0,1,2023,2,5
Clothing,1326.59,2,34.27,Standard,Debit Card,63,Female,City7,1743.935214,1.0,0.4,1,2022,9,4
Toys,1363.79,3,2.05,Express,Wallet,55,Male,City77,4007.496915,1.5,0.6000000000000001,1,2022,10,0
Books,1371.14,5,2.39,Next-Day,Credit Card,58,Male,City28,6691.8487700000005,2.0,1.0,1,2023,9,2
Toys,645.62,4,9.57,Next-Day,Debit Card,58,Male,City86,2335.336664,2.0,0.8,0,2022,9,5
Electronics,1109.92,5,28.88,Standard,Credit Card,56,Male,City66,3946.875520000001,1.0,1.0,0,2024,5,4
Books,1761.07,2,49.43,Standard,Credit Card,43,Female,City18,1781.146198,1.0,0.4,0,2023,6,1
Toys,1814.85,2,20.35,Next-Day,Credit Card,63,Male,City45,2891.05605,2.0,0.4,0,2025,9,0
Clothing,1063.72,4,34.76,Next-Day,COD,45,Female,City17,2775.8837120000003,2.0,0.8,1,2022,12,4
Clothing,1948.14,3,25.17,Standard,COD,27,Female,City9,4373.379486,1.0,0.6000000000000001,1,2025,2,6
Toys,1747.29,3,0.86,Standard,Credit Card,20,Male,City91,5196.789918,1.0,0.6000000000000001,1,2025,8,1
Electronics,1099.31,2,9.17,Next-Day,Wallet,59,Female,City5,1997.006546,2.0,0.4,1,2024,11,5
Toys,328.13,1,34.85,Express,Debit Card,26,Female,City10,213.776695,1.5,0.2,0,2025,4,2
Books,873.23,5,26.61,Express,Wallet,40,Male,City55,3204.317485,1.5,1.0,0,2023,6,6
Clothing,1784.82,5,16.1,Standard,Wallet,23,Female,City10,7487.3199,1.0,1.0,0,2025,5,4
Electronics,592.77,1,44.38,Next-Day,Credit Card,32,Male,City60,329.698674,2.0,0.2,0,2022,7,0
Books,1780.57,1,19.9,Standard,COD,52,Female,City3,1426.23657,1.0,0.2,1,2022,8,6
Clothing,997.52,2,24.47,Standard,COD,46,Male,City81,1506.853712,1.0,0.4,0,2024,11,3
Clothing,1694.08,3,18.47,Standard,Wallet,43,Female,City100,4143.550272,1.0,0.6000000000000001,0,2024,1,0
Toys,852.8,4,11.83,Next-Day,Debit Card,30,Female,City13,3007.65504,2.0,0.8,0,2022,9,1
Electronics,1921.76,2,23.57,Standard,Debit Card,53,Female,City44,2937.602336,1.0,0.4,0,2022,1,4
Clothing,1299.32,3,48.89,Next-Day,Debit Card,21,Male,City85,1992.247356,2.0,0.6000000000000001,1,2024,5,3
Clothing,1607.87,1,20.49,Express,COD,37,Female,City88,1278.417437,1.5,0.2,0,2024,2,4
Toys,1982.95,3,29.87,Next-Day,Debit Card,29,Male,City23,4171.928505000001,2.0,0.6000000000000001,0,2024,1,5
Toys,1208.41,3,14.31,Standard,Credit Card,60,Female,City34,3106.4595870000003,1.0,0.6000000000000001,1,2024,8,0
Home Appliances,287.81,2,45.26,Next-Day,COD,18,Male,City14,315.094388,2.0,0.4,1,2025,5,5
Toys,291.64,2,25.59,Express,COD,36,Female,City58,434.018648,1.5,0.4,1,2023,5,5
Electronics,1292.99,4,26.18,Express,Wallet,55,Male,City49,3817.940872,1.5,0.8,1,2022,1,1
Clothing,303.06,1,49.02,Standard,COD,44,Male,City47,154.499988,1.0,0.2,0,2025,4,0
Home Appliances,1319.0,2,34.78,Express,COD,54,Male,City78,1720.5036,1.5,0.4,0,2025,5,2
Toys,789.09,1,14.61,Express,Credit Card,51,Female,City59,673.803951,1.5,0.2,1,2022,5,6
Electronics,1179.27,4,38.52,Next-Day,Wallet,28,Female,City54,2900.060784,2.0,0.8,0,2025,5,1
Clothing,1404.44,4,24.71,Standard,Wallet,44,Female,City9,4229.611504,1.0,0.8,0,2024,11,3
Clothing,1740.01,4,11.81,Express,Debit Card,42,Male,City20,6138.059276,1.5,0.8,0,2023,1,6
Toys,887.52,1,16.56,Standard,Debit Card,53,Female,City15,740.546688,1.0,0.2,0,2025,2,3
Clothing,907.91,3,37.07,Next-Day,Credit Card,59,Male,City91,1714.043289,2.0,0.6000000000000001,1,2023,7,0
Books,1137.72,5,40.45,Standard,Debit Card,52,Female,City59,3387.5613,1.0,1.0,0,2023,6,0
Toys,1552.27,2,2.88,Next-Day,Wallet,43,Female,City62,3015.129248,2.0,0.4,0,2022,9,6
Home Appliances,144.43,1,33.77,Express,COD,61,Female,City51,95.655989,1.5,0.2,1,2024,11,2
Electronics,795.01,2,5.31,Next-Day,Wallet,41,Female,City40,1505.5899379999998,2.0,0.4,0,2023,2,3
Toys,876.32,2,20.3,Next-Day,COD,49,Female,City28,1396.85408,2.0,0.4,1,2022,1,3
Electronics,963.15,1,32.0,Standard,Debit Card,62,Male,City63,654.9419999999999,1.0,0.2,0,2024,8,3
Books,1163.28,4,42.5,Express,Debit Card,38,Male,City20,2675.544,1.5,0.8,0,2025,1,2
Electronics,635.49,2,13.36,Standard,Debit Card,41,Male,City72,1101.1770720000002,1.0,0.4,0,2024,5,2
Home Appliances,226.75,4,10.8,Express,COD,38,Female,City59,809.044,1.5,0.8,0,2024,4,4
Clothing,444.57,5,18.58,Express,COD,27,Female,City80,1809.84447,1.5,1.0,0,2024,10,0
Electronics,1595.51,5,44.23,Express,Debit Card,40,Female,City88,4449.079635000001,1.5,1.0,1,2024,2,5
Home Appliances,1700.44,5,16.02,Next-Day,COD,61,Male,City28,7140.14756,2.0,1.0,0,2023,2,1
Electronics,415.78,5,0.41,Express,Credit Card,22,Female,City80,2070.37651,1.5,1.0,0,2024,3,6
Home Appliances,1051.61,2,24.6,Next-Day,Debit Card,51,Male,City2,1585.8278799999998,2.0,0.4,0,2025,4,0
Electronics,403.21,3,0.37,Next-Day,COD,50,Male,City93,1205.154369,2.0,0.6000000000000001,0,2025,7,1
Electronics,778.06,4,14.42,Standard,Wallet,58,Male,City52,2663.454992,1.0,0.8,0,2025,3,5
Electronics,807.74,5,35.88,Next-Day,Debit Card,36,Male,City2,2589.61444,2.0,1.0,0,2025,7,2
Clothing,1517.0,2,2.79,Express,Credit Card,60,Male,City61,2949.3514,1.5,0.4,0,2022,6,3
Clothing,1918.82,3,40.31,Standard,Debit Card,34,Male,City56,3436.030974,1.0,0.6000000000000001,1,2022,1,3
Electronics,828.77,3,46.69,Next-Day,COD,36,Male,City25,1325.451861,2.0,0.6000000000000001,0,2022,6,6
Clothing,677.13,1,27.05,Express,Debit Card,50,Male,City75,493.966335,1.5,0.2,0,2022,10,2
Books,128.44,3,33.34,Next-Day,Credit Card,23,Male,City5,256.854312,2.0,0.6000000000000001,1,2024,10,0
Toys,1818.74,5,36.23,Express,Credit Card,51,Female,City24,5799.052490000001,1.5,1.0,0,2025,5,4
Clothing,326.24,1,21.06,Standard,Wallet,29,Female,City30,257.533856,1.0,0.2,1,2022,2,2
Toys,1697.8,5,40.67,Standard,Wallet,20,Male,City62,5036.5237,1.0,1.0,0,2025,2,1
Clothing,745.78,5,25.04,Express,COD,63,Female,City12,2795.18344,1.5,1.0,1,2024,12,5
Books,831.68,4,1.68,Express,Debit Card,18,Male,City90,3270.831104,1.5,0.8,0,2025,3,0
Toys,735.73,1,45.6,Express,Debit Card,48,Male,City32,400.23712000000006,1.5,0.2,0,2024,10,6
Books,377.75,3,11.04,Express,Credit Card,65,Female,City55,1008.1392,1.5,0.6000000000000001,1,2024,7,0
Electronics,529.23,5,25.1,Express,Wallet,49,Male,City49,1981.96635,1.5,1.0,0,2022,1,1
Clothing,1836.45,1,28.59,Standard,Credit Card,50,Male,City98,1311.408945,1.0,0.2,1,2022,6,4
Books,1159.08,1,30.53,Next-Day,COD,20,Female,City37,805.2128759999999,2.0,0.2,0,2023,8,2
Clothing,1430.63,4,21.04,Next-Day,Wallet,57,Female,City67,4518.501792,2.0,0.8,0,2024,12,3
Home Appliances,1785.28,1,17.53,Next-Day,COD,43,Male,City86,1472.320416,2.0,0.2,0,2024,12,3
Electronics,1076.34,3,9.89,Next-Day,Debit Card,42,Female,City7,2909.669922,2.0,0.6000000000000001,0,2022,4,1
Electronics,1430.96,5,15.59,Standard,Debit Card,29,Female,City79,6039.36668,1.0,1.0,1,2025,5,0
Home Appliances,1644.04,3,33.25,Next-Day,Wallet,33,Male,City74,3292.1901,2.0,0.6000000000000001,0,2025,3,5
Clothing,824.74,2,41.29,Standard,Debit Card,51,Female,City55,968.409708,1.0,0.4,1,2024,2,4
Electronics,1780.03,1,26.1,Next-Day,Wallet,62,Male,City87,1315.44217,2.0,0.2,0,2024,5,3
Clothing,1783.18,4,37.33,Standard,COD,22,Male,City45,4470.075624,1.0,0.8,1,2023,1,0
Electronics,754.44,2,13.63,Standard,Wallet,64,Female,City81,1303.2196560000002,1.0,0.4,0,2022,9,3
Clothing,1336.61,2,32.96,Express,Credit Card,29,Male,City94,1792.1266879999998,1.5,0.4,1,2024,9,4
Clothing,1339.49,3,12.87,Express,Debit Card,64,Female,City11,3501.292911,1.5,0.6000000000000001,0,2022,4,3
Clothing,1093.89,3,37.65,Express,Credit Card,64,Male,City38,2046.121245,1.5,0.6000000000000001,0,2023,8,0
Electronics,1025.69,5,42.57,Express,Debit Card,40,Female,City13,2945.2688350000008,1.5,1.0,0,2024,1,4
Clothing,568.38,4,21.79,Express,Credit Card,20,Male,City67,1778.119992,1.5,0.8,1,2023,10,6
Books,987.95,4,46.59,Express,COD,63,Male,City35,2110.6563800000004,1.5,0.8,0,2023,2,0
Electronics,1083.56,1,34.49,Next-Day,Wallet,49,Male,City32,709.840156,2.0,0.2,0,2022,12,0
Electronics,1973.9,2,28.95,Next-Day,Debit Card,60,Female,City15,2804.9119,2.0,0.4,0,2023,8,3
Clothing,126.48,5,41.36,Express,COD,46,Female,City32,370.83936,1.5,1.0,1,2022,4,3
Books,765.03,3,30.52,Express,COD,57,Female,City93,1594.6285320000004,1.5,0.6000000000000001,0,2025,7,1
Clothing,378.0,5,27.1,Express,Wallet,65,Female,City15,1377.81,1.5,1.0,0,2023,3,4
Clothing,375.81,4,17.4,Express,COD,45,Female,City58,1241.67624,1.5,0.8,1,2022,9,0
Home Appliances,934.83,1,2.18,Standard,Debit Card,40,Male,City10,914.450706,1.0,0.2,0,2022,7,0
Electronics,314.4,2,20.32,Express,COD,44,Female,City11,501.0278399999999,1.5,0.4,1,2023,6,5
Clothing,351.63,5,9.03,Next-Day,Wallet,23,Male,City90,1599.389055,2.0,1.0,1,2024,12,4
Toys,314.06,2,40.32,Next-Day,Wallet,57,Male,City23,374.862016,2.0,0.4,0,2025,1,4
Toys,492.29,5,42.24,Express,Wallet,36,Male,City63,1421.7335200000002,1.5,1.0,0,2022,10,2
Clothing,1411.68,3,21.47,Express,Credit Card,60,Male,City21,3325.776912,1.5,0.6000000000000001,0,2025,4,6
Toys,914.3,2,16.33,Next-Day,Debit Card,30,Female,City66,1529.9896199999998,2.0,0.4,0,2022,4,0
Clothing,344.94,5,36.9,Next-Day,Wallet,30,Female,City45,1088.2857,2.0,1.0,1,2025,2,2
Books,900.83,4,25.05,Next-Day,Credit Card,25,Male,City39,2700.68834,2.0,0.8,0,2024,2,3
Toys,1903.35,1,36.0,Next-Day,Debit Card,41,Female,City3,1218.144,2.0,0.2,0,2022,7,1
Books,608.9,2,35.61,Express,Wallet,34,Female,City63,784.14142,1.5,0.4,0,2025,3,3
Toys,1575.38,4,8.98,Express,Credit Card,58,Female,City18,5735.643504000001,1.5,0.8,0,2022,2,1
Clothing,1398.17,5,36.75,Next-Day,Credit Card,18,Female,City61,4421.712625000001,2.0,1.0,0,2025,3,4
Clothing,590.19,3,20.4,Standard,Wallet,35,Female,City42,1409.3737200000005,1.0,0.6000000000000001,0,2022,6,4
Books,1025.81,2,9.14,Standard,COD,22,Male,City15,1864.101932,1.0,0.4,1,2022,4,0
Clothing,311.34,1,34.97,Standard,Wallet,58,Female,City1,202.464402,1.0,0.2,0,2025,7,2
Electronics,305.03,3,42.03,Express,Debit Card,24,Male,City25,530.477673,1.5,0.6000000000000001,0,2024,7,3
Electronics,690.18,4,14.32,Next-Day,Wallet,29,Male,City4,2365.384896,2.0,0.8,0,2024,5,6
Electronics,1108.26,5,6.29,Next-Day,COD,63,Male,City62,5192.75223,2.0,1.0,0,2022,11,6
Toys,521.32,1,33.24,Next-Day,Credit Card,18,Female,City33,348.033232,2.0,0.2,0,2024,10,2
Clothing,1927.06,2,12.9,Next-Day,Wallet,38,Male,City15,3356.93852,2.0,0.4,0,2022,4,6
Toys,1040.38,3,36.55,Express,Wallet,23,Male,City78,1980.3633300000004,1.5,0.6000000000000001,0,2022,12,1
Books,848.85,4,47.28,Next-Day,Credit Card,44,Male,City70,1790.05488,2.0,0.8,0,2024,3,0
Toys,1844.87,2,35.8,Next-Day,Debit Card,30,Female,City5,2368.81308,2.0,0.4,0,2023,2,6
Books,679.94,5,17.85,Express,COD,30,Male,City34,2792.8535500000003,1.5,1.0,0,2022,7,1
Clothing,1455.18,1,4.5,Standard,Debit Card,37,Female,City55,1389.6969,1.0,0.2,1,2023,1,5
Electronics,992.04,3,44.18,Standard,Debit Card,37,Male,City2,1661.270184,1.0,0.6000000000000001,1,2025,5,4
Clothing,1977.72,1,32.2,Express,Wallet,63,Male,City97,1340.8941599999998,1.5,0.2,1,2025,2,4
Electronics,620.11,5,46.61,Next-Day,Wallet,21,Male,City23,1655.383645,2.0,1.0,0,2025,8,1
Clothing,420.4,1,25.79,Express,COD,19,Female,City27,311.97884,1.5,0.2,1,2024,8,4
Clothing,160.46,1,21.7,Express,Wallet,30,Female,City7,125.64018000000002,1.5,0.2,0,2025,5,5
Clothing,120.1,1,46.93,Express,Wallet,56,Female,City64,63.73706999999999,1.5,0.2,0,2024,3,1
Books,724.7,3,23.22,Express,Credit Card,34,Female,City93,1669.2739800000004,1.5,0.6000000000000001,1,2023,10,4
Toys,972.84,1,29.42,Express,Debit Card,35,Male,City97,686.630472,1.5,0.2,0,2022,8,2
Clothing,1793.73,2,1.39,Express,Credit Card,54,Female,City100,3537.594306,1.5,0.4,0,2024,11,4
Clothing,1705.68,5,46.81,Standard,COD,48,Male,City19,4536.25596,1.0,1.0,0,2024,9,4
Toys,1857.97,1,32.31,Express,Wallet,45,Female,City19,1257.6598930000002,1.5,0.2,0,2023,8,4
Clothing,1694.35,5,17.2,Next-Day,COD,29,Female,City21,7014.609,2.0,1.0,0,2024,5,3
Electronics,323.84,5,35.35,Standard,Wallet,19,Male,City41,1046.8128,1.0,1.0,0,2024,10,0
Clothing,607.1,2,10.89,Next-Day,Credit Card,43,Female,City93,1081.97362,2.0,0.4,1,2023,10,5
Toys,343.39,4,27.21,Next-Day,Wallet,56,Male,City11,999.814324,2.0,0.8,0,2024,1,0
Electronics,1618.81,4,2.14,Express,Debit Card,63,Male,City87,6336.669864,1.5,0.8,0,2024,10,2
Clothing,1336.8,4,25.84,Next-Day,Credit Card,20,Male,City71,3965.48352,2.0,0.8,1,2024,11,5
Clothing,120.34,1,30.69,Next-Day,COD,45,Male,City1,83.40765400000001,2.0,0.2,0,2025,1,1
Books,297.87,3,8.66,Next-Day,Credit Card,64,Male,City71,816.223374,2.0,0.6000000000000001,0,2025,7,2
Toys,1590.25,2,6.74,Next-Day,Debit Card,42,Male,City35,2966.1343,2.0,0.4,0,2025,2,4
Books,1904.89,2,44.57,Standard,COD,34,Male,City84,2111.761054,1.0,0.4,1,2024,10,0
Electronics,1894.16,2,13.28,Express,COD,54,Male,City61,3285.231104,1.5,0.4,0,2024,4,5
Electronics,1793.09,1,18.61,Express,COD,62,Male,City84,1459.395951,1.5,0.2,1,2022,4,4
Clothing,1604.34,3,44.34,Express,Credit Card,52,Female,City42,2678.926932,1.5,0.6000000000000001,1,2024,12,4
Books,1115.66,5,42.6,Standard,Credit Card,49,Male,City17,3201.9442000000004,1.0,1.0,0,2022,12,3
Electronics,1465.1,4,1.66,Express,Debit Card,64,Female,City25,5763.11736,1.5,0.8,0,2025,1,0
Books,589.3,3,36.42,Standard,Wallet,26,Female,City14,1124.0308199999995,1.0,0.6000000000000001,1,2025,3,1
Electronics,1813.19,2,45.71,Next-Day,Debit Card,40,Male,City13,1968.761702,2.0,0.4,1,2025,7,4
Books,1978.83,3,27.55,Standard,Debit Card,46,Male,City71,4300.987004999999,1.0,0.6000000000000001,0,2022,1,1
Toys,878.26,5,32.04,Standard,Credit Card,23,Female,City19,2984.32748,1.0,1.0,0,2024,6,1
Clothing,1839.45,2,26.81,Next-Day,Debit Card,29,Female,City82,2692.58691,2.0,0.4,1,2024,8,4
Toys,800.27,4,44.27,Standard,Debit Card,22,Male,City57,1783.9618839999996,1.0,0.8,0,2025,5,2
Clothing,207.99,4,43.88,Standard,Wallet,63,Male,City41,466.895952,1.0,0.8,0,2022,10,0
Toys,173.97,5,10.63,Next-Day,Credit Card,45,Female,City35,777.384945,2.0,1.0,0,2023,3,0
Books,961.07,1,27.68,Next-Day,Debit Card,28,Female,City30,695.0458240000002,2.0,0.2,0,2025,7,2
Electronics,449.44,5,44.92,Express,Wallet,39,Male,City43,1237.7577599999995,1.5,1.0,0,2023,9,1
Electronics,1329.42,1,46.31,Next-Day,Credit Card,59,Male,City28,713.765598,2.0,0.2,0,2025,8,6
Home Appliances,1811.47,2,29.63,Express,Wallet,48,Male,City60,2549.462878,1.5,0.4,0,2024,6,6
Books,1584.52,1,39.51,Next-Day,Credit Card,46,Male,City77,958.476148,2.0,0.2,0,2022,1,0
Clothing,605.8,3,3.14,Express,COD,48,Female,City62,1760.3336399999998,1.5,0.6000000000000001,1,2023,9,1
Clothing,1402.63,5,35.69,Next-Day,COD,45,Male,City41,4510.156765000001,2.0,1.0,0,2023,4,0
Toys,833.4,2,11.02,Standard,COD,59,Male,City58,1483.11864,1.0,0.4,0,2024,10,0
Home Appliances,396.09,2,2.47,Standard,Debit Card,55,Male,City7,772.6131539999999,1.0,0.4,0,2025,1,2
Toys,1510.93,4,3.51,Express,COD,26,Male,City99,5831.585428,1.5,0.8,0,2024,4,1
Books,1024.04,5,4.9,Express,Debit Card,19,Female,City65,4869.3102,1.5,1.0,0,2024,7,6
Clothing,1808.78,4,46.44,Express,Debit Card,59,Male,City25,3875.130272,1.5,0.8,0,2023,11,6
Toys,476.87,5,29.16,Standard,Debit Card,62,Male,City94,1689.0735399999996,1.0,1.0,0,2022,12,5
Toys,1377.81,3,32.97,Next-Day,Wallet,41,Male,City1,2770.6381290000004,2.0,0.6000000000000001,0,2024,4,5
Home Appliances,847.85,5,33.53,Standard,Debit Card,47,Male,City62,2817.8294750000005,1.0,1.0,0,2023,11,2
Home Appliances,896.01,3,8.12,Standard,Credit Card,38,Male,City88,2469.761964,1.0,0.6000000000000001,1,2023,6,0
Books,1560.54,3,31.47,Next-Day,Credit Card,29,Female,City1,3208.314186,2.0,0.6000000000000001,0,2023,1,5
Clothing,1115.12,1,24.88,Standard,COD,50,Female,City31,837.6781439999999,1.0,0.2,1,2024,12,1
Electronics,296.28,5,36.35,Standard,Debit Card,28,Female,City40,942.9111,1.0,1.0,0,2025,5,0
Books,1118.84,1,12.14,Next-Day,Wallet,34,Male,City39,983.012824,2.0,0.2,0,2022,5,3
Books,928.61,2,15.35,Standard,Wallet,54,Male,City14,1572.1367300000002,1.0,0.4,1,2024,12,6
Clothing,540.33,2,38.48,Standard,Credit Card,65,Male,City70,664.822032,1.0,0.4,1,2022,2,1
Clothing,1347.35,5,36.06,Express,COD,21,Female,City97,4307.47795,1.5,1.0,1,2023,5,4
Clothing,154.54,2,46.99,Next-Day,COD,50,Male,City90,163.843308,2.0,0.4,1,2024,4,2
Electronics,428.95,2,0.93,Express,Wallet,19,Female,City64,849.92153,1.5,0.4,0,2024,1,4
Toys,485.59,1,13.25,Next-Day,Credit Card,65,Male,City48,421.249325,2.0,0.2,0,2022,6,5
Clothing,1913.98,1,5.53,Express,Debit Card,62,Female,City79,1808.136906,1.5,0.2,0,2022,5,2
Home Appliances,1844.09,1,3.98,Standard,Credit Card,37,Female,City60,1770.6952179999998,1.0,0.2,1,2024,4,4
Books,1632.26,3,49.75,Express,COD,21,Female,City35,2460.6319499999995,1.5,0.6000000000000001,0,2025,1,1
Electronics,1567.69,3,44.95,Express,Debit Card,52,Female,City81,2589.040035,1.5,0.6000000000000001,1,2023,4,3
Clothing,985.58,4,17.78,Next-Day,Wallet,35,Male,City33,3241.375504,2.0,0.8,1,2024,5,1
Toys,1733.58,1,13.27,Standard,Wallet,49,Male,City4,1503.5339339999998,1.0,0.2,0,2022,1,2
Clothing,388.88,1,6.81,Standard,Credit Card,55,Male,City42,362.397272,1.0,0.2,0,2023,7,4
Books,1156.22,4,35.54,Standard,COD,56,Female,City35,2981.1976480000003,1.0,0.8,0,2022,3,5
Clothing,1364.28,1,30.85,Next-Day,Debit Card,19,Female,City28,943.39962,2.0,0.2,0,2023,6,2
Electronics,1040.35,1,23.97,Express,Wallet,59,Male,City45,790.9781049999999,1.5,0.2,0,2024,7,6
Electronics,535.86,5,16.59,Next-Day,COD,25,Female,City81,2234.8041300000004,2.0,1.0,0,2024,2,3
Clothing,1163.37,4,7.7,Standard,COD,46,Male,City71,4295.16204,1.0,0.8,0,2025,5,6
Electronics,1882.02,1,7.63,Next-Day,Credit Card,26,Female,City11,1738.421874,2.0,0.2,0,2024,3,5
Clothing,718.21,2,31.75,Next-Day,Credit Card,21,Male,City8,980.35665,2.0,0.4,0,2024,6,0
Home Appliances,534.53,4,10.4,Next-Day,Debit Card,39,Male,City21,1915.75552,2.0,0.8,0,2023,10,4
Clothing,787.69,5,20.54,Standard,Credit Card,47,Female,City48,3129.49237,1.0,1.0,0,2025,6,4
Clothing,1779.88,4,24.64,Next-Day,Debit Card,19,Male,City39,5365.270272000001,2.0,0.8,0,2024,4,0
Clothing,1043.91,5,49.35,Next-Day,Credit Card,55,Male,City72,2643.702075,2.0,1.0,1,2025,8,4
Electronics,738.9,2,38.83,Standard,Wallet,51,Female,City72,903.97026,1.0,0.4,0,2023,3,6
Clothing,1642.17,4,38.13,Express,Debit Card,57,Female,City87,4064.042316000001,1.5,0.8,1,2024,5,3
Clothing,478.81,4,21.98,Next-Day,Debit Card,18,Male,City15,1494.270248,2.0,0.8,0,2024,4,5
Electronics,285.33,2,3.45,Express,Debit Card,54,Male,City4,550.97223,1.5,0.4,0,2024,4,4
Clothing,806.03,1,11.8,Standard,Wallet,53,Female,City80,710.91846,1.0,0.2,0,2022,1,1
Electronics,272.48,4,43.53,Next-Day,COD,55,Female,City58,615.477824,2.0,0.8,1,2024,5,4
Clothing,1526.55,2,7.72,Next-Day,Debit Card,28,Female,City32,2817.40068,2.0,0.4,0,2024,9,6
Electronics,767.45,3,16.51,Next-Day,COD,29,Male,City68,1922.2320150000005,2.0,0.6000000000000001,0,2023,4,2
Toys,244.02,3,11.87,Express,COD,40,Male,City29,645.164478,1.5,0.6000000000000001,1,2022,7,0
Electronics,1103.61,1,12.99,Next-Day,COD,46,Female,City66,960.251061,2.0,0.2,0,2022,9,3
Electronics,1654.08,3,22.52,Standard,Credit Card,21,Male,City20,3844.743552,1.0,0.6000000000000001,0,2025,2,1
Books,623.33,4,7.6,Standard,COD,36,Female,City83,2303.8276800000003,1.0,0.8,0,2024,7,6
Electronics,1385.66,5,4.42,Standard,COD,42,Female,City41,6622.06914,1.0,1.0,0,2025,1,1
Clothing,1176.14,5,35.61,Standard,Credit Card,57,Female,City97,3786.582730000001,1.0,1.0,0,2025,4,2
Clothing,456.15,2,45.84,Express,Debit Card,28,Female,City4,494.10167999999993,1.5,0.4,0,2023,11,2
Electronics,1101.82,1,22.83,Standard,Debit Card,49,Male,City96,850.274494,1.0,0.2,1,2023,4,4
Clothing,124.59,3,36.88,Express,Credit Card,52,Female,City63,235.923624,1.5,0.6000000000000001,1,2024,5,3
Home Appliances,617.08,1,48.19,Standard,Wallet,41,Male,City97,319.709148,1.0,0.2,1,2022,1,1
Books,264.69,5,36.32,Standard,Debit Card,39,Female,City49,842.7729600000001,1.0,1.0,0,2022,1,3
Books,1240.42,1,34.52,Next-Day,Credit Card,63,Female,City41,812.2270160000002,2.0,0.2,0,2024,3,1
Electronics,1816.61,2,14.37,Standard,Debit Card,63,Female,City58,3111.126286,1.0,0.4,0,2025,5,4
Clothing,1941.04,4,4.9,Next-Day,Debit Card,58,Male,City21,7383.71616,2.0,0.8,0,2023,1,5
Clothing,1332.47,2,18.4,Express,Wallet,35,Male,City79,2174.59104,1.5,0.4,0,2023,8,2
Electronics,1288.38,2,24.2,Express,Credit Card,65,Female,City100,1953.18408,1.5,0.4,1,2022,7,4
Clothing,543.17,4,38.82,Express,Debit Card,34,Male,City77,1329.245624,1.5,0.8,1,2023,9,3
Books,1147.7,1,29.62,Standard,Wallet,62,Female,City100,807.75126,1.0,0.2,0,2022,9,2
Electronics,1189.29,3,28.08,Next-Day,Wallet,51,Male,City2,2566.0121040000004,2.0,0.6000000000000001,0,2022,5,0
Books,1756.11,1,36.74,Express,Credit Card,25,Female,City73,1110.915186,1.5,0.2,0,2022,5,6
Electronics,370.96,5,40.61,Express,Wallet,31,Female,City55,1101.56572,1.5,1.0,0,2024,8,3
Home Appliances,1774.69,2,5.15,Express,Credit Card,58,Male,City95,3366.58693,1.5,0.4,1,2025,2,4
Clothing,1557.94,1,47.22,Standard,Credit Card,26,Female,City73,822.2807320000001,1.0,0.2,1,2022,1,1
Home Appliances,1227.59,4,4.38,Next-Day,Wallet,35,Male,City62,4695.286232,2.0,0.8,1,2025,9,1
Books,235.14,2,26.64,Standard,COD,60,Female,City74,344.997408,1.0,0.4,0,2025,7,5
Toys,1137.61,3,27.62,Standard,Credit Card,53,Male,City78,2470.206354,1.0,0.6000000000000001,0,2024,5,6
Clothing,349.09,3,34.38,Next-Day,Debit Card,63,Male,City30,687.2185739999999,2.0,0.6000000000000001,1,2023,11,3
Books,440.05,4,36.03,Next-Day,Wallet,32,Female,City90,1125.99994,2.0,0.8,0,2024,12,4
Books,419.54,1,14.86,Next-Day,COD,30,Female,City72,357.19635600000004,2.0,0.2,0,2023,8,6
Clothing,1729.9,5,4.5,Next-Day,Debit Card,27,Male,City82,8260.2725,2.0,1.0,0,2024,8,0
Books,1254.75,4,32.73,Express,COD,61,Female,City83,3376.281300000001,1.5,0.8,0,2024,8,6
Clothing,1183.28,3,31.03,Standard,Debit Card,59,Male,City82,2448.3246480000003,1.0,0.6000000000000001,0,2023,11,2
Books,1761.47,4,11.3,Express,Wallet,43,Male,City10,6249.69556,1.5,0.8,0,2024,1,2
Electronics,1975.01,1,39.85,Express,Wallet,49,Female,City58,1187.9685149999998,1.5,0.2,0,2025,8,4
